offer,model,cost_prod,section
B-100-150-9003,Доска 1000*1500*4 (прямоугольная),10157,Стеклянные доски
B-100-200-9003,Доска 1000*2000*4 (прямоугольная),13651,Стеклянные доски
B-90-120-9003,Доска 900*1200*4 (прямоугольная),7685,Стеклянные доски
GGK-02-1-2-100,ARFEO прям 100,7605,(ГГС) Мебель
GGK-02-1-2-120,ARFEO прям 120,7644,(ГГС) Мебель
GGK-02-1-2-80,ARFEO прям 80,7340,(ГГС) Мебель
GGK-02-1-3-100,ARFEO прям 100,7357,(ГГС) Мебель
GGK-02-1-3-120,ARFEO прям 120,7644,(ГГС) Мебель
GGK-02-1-3-80,ARFEO прям 80,7109,(ГГС) Мебель
GGK-02-1-4-100,ARFEO прям 100,7357,(ГГС) Мебель
GGK-02-1-4-80,ARFEO прям 80,7109,(ГГС) Мебель
GGK-02-1-5-100,ARFEO прям 100,7357,(ГГС) Мебель
GGK-02-1-5-120,ARFEO прям 120,7644,(ГГС) Мебель
GGK-02-1-5-80,ARFEO прям 80,7109,(ГГС) Мебель
GGK-02-2-2-100,ARFEO прям 100,7605,(ГГС) Мебель
GGK-02-2-2-120,ARFEO прям 120,7911,(ГГС) Мебель
GGK-02-2-2-80,ARFEO прям 80,7340,(ГГС) Мебель
GGK-02-2-3-100,ARFEO прям 100,7357,(ГГС) Мебель
GGK-02-2-3-120,ARFEO прям 120,7644,(ГГС) Мебель
GGK-02-2-3-80,ARFEO прям 80,7109,(ГГС) Мебель
GGK-02-2-4-100,ARFEO прям 100,7357,(ГГС) Мебель
GGK-02-2-4-80,ARFEO прям 80,7109,(ГГС) Мебель
GGK-02-2-5-100,ARFEO прям 100,7357,(ГГС) Мебель
GGK-02-2-5-120,ARFEO прям 120,7644,(ГГС) Мебель
GGK-02-2-5-80,ARFEO прям 80,7109,(ГГС) Мебель
GGK-02-3-2-100,ARFEO прям 100,7357,(ГГС) Мебель
GGK-02-3-2-120,ARFEO прям 120,7644,(ГГС) Мебель
GGK-02-3-2-80,ARFEO прям 80,7109,(ГГС) Мебель
GGK-02-3-3-100,ARFEO прям 100,7357,(ГГС) Мебель
GGK-02-3-3-120,ARFEO прям 120,7644,(ГГС) Мебель
GGK-02-3-3-80,ARFEO прям 80,7109,(ГГС) Мебель
GGK-02-3-4-100,ARFEO прям 100,7357,(ГГС) Мебель
GGK-02-3-4-80,ARFEO прям 80,7109,(ГГС) Мебель
GGK-02-3-5-100,ARFEO прям 100,7644,(ГГС) Мебель
GGK-02-3-5-120,ARFEO прям 120,7644,(ГГС) Мебель
GGK-02-3-5-80,ARFEO прям 80,7109,(ГГС) Мебель
GGK-05-1-1-7040,VIOLUR Console 70,9097,(ГГС) Мебель
GGK-05-1-2-12040,VIOLUR Console 120,9446,(ГГС) Мебель
GGK-05-1-2-7040,VIOLUR Console 70,9097,(ГГС) Мебель
GGK-05-1-3-12040,VIOLUR Console 120,9446,(ГГС) Мебель
GGK-05-1-3-7040,VIOLUR Console 70,9097,(ГГС) Мебель
GGK-05-1-5-12040,VIOLUR Console 120,9446,(ГГС) Мебель
GGK-05-2-1-7040,VIOLUR Console 70,9097,(ГГС) Мебель
GGK-05-2-2-12040,VIOLUR Console 120,9446,(ГГС) Мебель
GGK-05-2-2-7040,VIOLUR Console 70,9097,(ГГС) Мебель
GGK-05-2-3-12040,VIOLUR Console 120,9446,(ГГС) Мебель
GGK-05-2-3-7040,VIOLUR Console 70,9097,(ГГС) Мебель
GGK-05-2-5-12040,VIOLUR Console 120,9446,(ГГС) Мебель
GGK-05-3-1-7040,VIOLUR Console 70,9097,(ГГС) Мебель
GGK-05-3-2-12040,VIOLUR Console 120,9446,(ГГС) Мебель
GGK-05-3-2-7040,VIOLUR Console 70,9097,(ГГС) Мебель
GGK-05-3-3-12040,VIOLUR Console 120,9446,(ГГС) Мебель
GGK-05-3-3-7040,VIOLUR Console 70,9097,(ГГС) Мебель
GGK-05-3-5-12040,VIOLUR Console 120,9446,(ГГС) Мебель
GGK-06-1-2-100,TRUBIS Console 100,8172,(ГГС) Мебель
GGK-06-1-2-120,TRUBIS Console 120,8494,(ГГС) Мебель
GGK-06-1-2-80,TRUBIS Console 80,7872,(ГГС) Мебель
GGK-06-1-3-100,TRUBIS Console 100,8172,(ГГС) Мебель
GGK-06-1-3-120,TRUBIS Console 120,8494,(ГГС) Мебель
GGK-06-1-3-80,TRUBIS Console 80,7872,(ГГС) Мебель
GGK-06-1-4-100,TRUBIS Console 100,8172,(ГГС) Мебель
GGK-06-1-4-80,TRUBIS Console 80,7872,(ГГС) Мебель
GGK-06-1-5-100,TRUBIS Console 100,8172,(ГГС) Мебель
GGK-06-1-5-120,TRUBIS Console 120,8494,(ГГС) Мебель
GGK-06-1-5-80,TRUBIS Console 80,7872,(ГГС) Мебель
GGK-06-3-2-100,TRUBIS Console 100,8172,(ГГС) Мебель
GGK-06-3-2-120,TRUBIS Console 120,8494,(ГГС) Мебель
GGK-06-3-2-80,TRUBIS Console 80,7872,(ГГС) Мебель
GGK-06-3-3-100,TRUBIS Console 100,8172,(ГГС) Мебель
GGK-06-3-3-120,TRUBIS Console 120,8494,(ГГС) Мебель
GGK-06-3-3-80,TRUBIS Console 80,7872,(ГГС) Мебель
GGK-06-3-4-100,TRUBIS Console 100,8172,(ГГС) Мебель
GGK-06-3-4-80,TRUBIS Console 80,7872,(ГГС) Мебель
GGK-06-3-5-100,TRUBIS Console 100,8172,(ГГС) Мебель
GGK-06-3-5-120,TRUBIS Console 120,8494,(ГГС) Мебель
GGK-06-3-5-80,TRUBIS Console 80,7872,(ГГС) Мебель
GGL-01-L-2,NOLVIS NF LED L (с),5882,(ГГС) Безрамные зеркала  с подсветкой
GGL-01-M-2,NOLVIS NF LED M (с),4058,(ГГС) Безрамные зеркала  с подсветкой
GGL-01-S-2,NOLVIS NF LED S (с),3233,(ГГС) Безрамные зеркала  с подсветкой
GGL-01-XL-2,NOLVIS NF LED XL (с),8335,(ГГС) Безрамные зеркала  с подсветкой
GGL-02-L-2,KUVINO NF LED L (с),5662,(ГГС) Безрамные зеркала  с подсветкой
GGL-02-M-2,KUVINO NF LED M (с),4196,(ГГС) Безрамные зеркала  с подсветкой
GGL-03-L-2,RAUNTEL NF LED L (с),5319,(ГГС) Безрамные зеркала  с подсветкой
GGL-03-M-2,RAUNTEL NF LED M (с),4100,(ГГС) Безрамные зеркала  с подсветкой
GGL-05-XL-2,HALFEO NF LED XL (с),7162,(ГГС) Безрамные зеркала  с подсветкой
GGL-05-XL-slim-2,HALFEO Slim NF LED XL (с),6691,(ГГС) Безрамные зеркала  с подсветкой
GGL-06-L-2,ARKIS NF LED L (с),7111,(ГГС) Безрамные зеркала  с подсветкой
GGL-07-XL-2,RONTUS NF LED XL (с),9687,(ГГС) Безрамные зеркала  с подсветкой
GGL-08-2,"KVANEL (1600*800, 600*800)",8295,(ГГС) Безрамные зеркала  с подсветкой
GGL-09-2,"OSOLIS (1400*700, 500*700)",7453,(ГГС) Безрамные зеркала  с подсветкой
GGL-10,ILLUMORA (1600*600),9815,(ГГС) Безрамные зеркала  с подсветкой
GGL-11,"ILLUMORA DUO (1600*600, 400*600)",11273,(ГГС) Безрамные зеркала  с подсветкой
GGM-01-1,EVELUM Gold,4971,Модель
GGM-01-2,EVELUM Black,4971,Модель
GGM-02-1-1,EVELIX Gold S,3419,Модель
GGM-02-1-2,EVELIX Gold L,4565,Модель
GGM-02-2-1,EVELIX Black S,3419,Модель
GGM-02-2-2,EVELIX Black L,4565,Модель
GGM-02-3-1,EVELIX White S,3419,Модель
GGM-03-1-2,RAUNTEL Gold L,9092,Модель
GGM-03-2-1,RAUNTEL Black M,6815,Модель
GGM-03-2-2,RAUNTEL Black L,9092,Модель
GGM-08-1-M,RONTUS Gold M,10434,Модель
GGM-08-3-M,RONTUS White M,10434,Модель
GGM-15-1-1,HALFEO Gold XL,8414,Модель
GGM-15-1-2,HALFEO Slim Gold XL,9073,Модель
GGM-15-1-2-L,HALFEO Slim Gold L,7835,Модель
GGM-15-1-2-M,HALFEO Slim Gold M,5900,Модель
GGM-15-1-2-S,HALFEO Slim Gold S,6422,Модель
GGM-15-1-3,HALFEO Slim Leg Gold XL,9352,Модель
GGM-15-2-1,HALFEO Black XL,8414,Модель
GGM-15-2-2,HALFEO Slim Black XL,9073,Модель
GGM-15-2-2-L,HALFEO Slim Black L,7835,Модель
GGM-15-2-2-S,HALFEO Slim Black S,6422,Модель
GGM-15-3-2,HALFEO Slim White XL,9073,Модель
GGM-15-3-2-M,HALFEO Slim White M,5900,Модель
GGM-15-3-2-S,HALFEO Slim White S,6422,Модель
GGM-15-3-3,HALFEO Slim Leg White XL,9352,Модель
GGM-16-1-1,NOLVIS Gold S,4768,Модель
GGM-16-1-2,NOLVIS Gold M,6448,Модель
GGM-16-1-2-LED,NOLVIS Gold M LED,8774,(ГГС) Зеркала в раме с подсветкой
GGM-16-1-3,NOLVIS Gold L,8528,Модель
GGM-16-1-3-LED,NOLVIS Gold L LED,11827,(ГГС) Зеркала в раме с подсветкой
GGM-16-2-1,NOLVIS Black S,4768,Модель
GGM-16-2-2,NOLVIS Black M,6448,Модель
GGM-16-2-2-LED,NOLVIS Black M LED,8774,(ГГС) Зеркала в раме с подсветкой
GGM-16-2-3,NOLVIS Black L,8528,Модель
GGM-16-2-3-LED,NOLVIS Black L LED,11827,(ГГС) Зеркала в раме с подсветкой
GGM-16-3-3,NOLVIS White L,8528,Модель
GGM-16-3-3-LED,NOLVIS White L LED,11827,(ГГС) Зеркала в раме с подсветкой
GGM-17-1-1,KVADEN Gold M,4471,Модель
GGM-17-1-2,KVADEN Gold L,6034,Модель
GGM-17-1-3,KVADEN Gold XL,8789,Модель
GGM-17-2-1,KVADEN Black M,4471,Модель
GGM-17-2-2,KVADEN Black L,6034,Модель
GGM-17-2-3,KVADEN Black XL,8789,Модель
GGM-17-3-2,KVADEN White L,6034,Модель
GGM-18-1-1,KUVINO Gold M,6380,Модель
GGM-18-1-1-LED,KUVINO Gold M LED,8864,(ГГС) Зеркала в раме с подсветкой
GGM-18-1-2,KUVINO Gold L,7673,Модель
GGM-18-2-1,KUVINO Black M,6380,Модель
GGM-18-2-1-LED,KUVINO Black M LED,8864,(ГГС) Зеркала в раме с подсветкой
GGM-18-2-2,KUVINO Black L,7673,Модель
GGM-18-3-1-LED,KUVINO White M LED,8864,(ГГС) Зеркала в раме с подсветкой
GGM-18-3-2,KUVINO White L,7673,Модель
GGM-20-1,OZEVIS Gold,13231,Модель
GGM-20-2,OZEVIS Black,13231,Модель
GGM-20-3,OZEVIS White,13231,Модель
GGM-23-1-1,ZELISO-1 Gold,6945,Модель
GGM-23-1-2,ZELISO-2 Gold,8209,Модель
GGM-23-2-1,ZELISO-1 Black,6945,Модель
GGM-23-2-2,ZELISO-2 Black,8209,Модель
GGM-23-3-1,ZELISO-1 White,6945,Модель
GGM-23-3-2,ZELISO-2 White,8209,Модель
GGM-24-1,ARKIS Gold L,10087,Модель
GGM-24-1-L-LED,ARKIS Gold L LED,13510,(ГГС) Зеркала в раме с подсветкой
GGM-24-1-M,ARKIS Gold M,8173,Модель
GGM-24-2,ARKIS Black L,10087,Модель
GGM-24-2-L-LED,ARKIS Black L LED,13510,(ГГС) Зеркала в раме с подсветкой
GGM-24-2-M,ARKIS Black M,8173,Модель
GGM-24-3,ARKIS White L,10087,Модель
GGM-24-3-L-LED,ARKIS White L LED,13510,(ГГС) Зеркала в раме с подсветкой
GGM-24-3-M,ARKIS White M,8173,Модель
GGM-26-1-2,WINDIX R 200*100 (прямоугольник),15141,Модель
GGM-26-2-2,WINDIX R 200*100 (прямоугольник),15141,Модель
GGM-26-3-2,WINDIX R 200*100 (прямоугольник),15141,Модель
GGP-01-1-B-200-100,2000*1000 (прозрачное б/цв),13917,Перегородки
GGP-01-1-B-200-70,2000*700 (прозрачное б/цв),12096,Перегородки
GGP-01-1-B-240-100,2400*1000 (прозрачное б/цв),18384,Перегородки
GGP-01-1-B-240-70,2400*700 (прозрачное б/цв),14652,Перегородки
GGP-01-1-B-240-80,2400*800 (прозрачное б/цв),14612,Перегородки
GGP-01-1-B-240-90,2400*900 (прозрачное б/цв),15414,Перегородки
GGP-01-1-I-200-100,2000*1000 (рифлёная плёнка),17274,Перегородки
GGP-01-1-I-200-70,2000*700 (рифлёная плёнка),14070,Перегородки
GGP-01-1-I-240-100,2400*1000 (рифлёная плёнка),22283,Перегородки
GGP-01-1-I-240-70,2400*700 (рифлёная плёнка),16996,Перегородки
GGP-01-1-I-240-80,2400*800 (рифлёная плёнка),18455,Перегородки
GGP-01-1-I-240-90,2400*900 (рифлёная плёнка),19284,Перегородки
GGP-01-2-B-200-100,2000*1000 (прозрачное б/цв),13917,Перегородки
GGP-01-2-B-200-70,2000*700 (прозрачное б/цв),12096,Перегородки
GGP-01-2-B-240-100,2400*1000 (прозрачное б/цв),18384,Перегородки
GGP-01-2-B-240-70,2400*700 (прозрачное б/цв),14652,Перегородки
GGP-01-2-B-240-80,2400*800 (прозрачное б/цв),14612,Перегородки
GGP-01-2-B-240-90,2400*900 (прозрачное б/цв),15414,Перегородки
GGP-01-2-I-200-100,2000*1000 (рифлёная плёнка),17274,Перегородки
GGP-01-2-I-200-70,2000*700 (рифлёная плёнка),14070,Перегородки
GGP-01-2-I-240-100,2400*1000 (рифлёная плёнка),22283,Перегородки
GGP-01-2-I-240-70,2400*700 (рифлёная плёнка),16996,Перегородки
GGP-01-2-I-240-80,2400*800 (рифлёная плёнка),18455,Перегородки
GGP-01-2-I-240-90,2400*900 (рифлёная плёнка),19284,Перегородки
GGP-01-3-B-200-100,2000*1000 (прозрачное б/цв),13917,Перегородки
GGP-01-3-B-200-70,2000*700 (прозрачное б/цв),12096,Перегородки
GGP-01-3-B-240-100,2400*1000 (прозрачное б/цв),18384,Перегородки
GGP-01-3-B-240-70,2400*700 (прозрачное б/цв),14652,Перегородки
GGP-01-3-B-240-80,2400*800 (прозрачное б/цв),14612,Перегородки
GGP-01-3-B-240-90,2400*900 (прозрачное б/цв),15414,Перегородки
GGP-01-3-I-200-100,2000*1000 (рифлёная плёнка),17274,Перегородки
GGP-01-3-I-200-70,2000*700 (рифлёная плёнка),14070,Перегородки
GGP-01-3-I-240-100,2400*1000 (рифлёная плёнка),22283,Перегородки
GGP-01-3-I-240-70,2400*700 (рифлёная плёнка),16996,Перегородки
GGP-01-3-I-240-80,2400*800 (рифлёная плёнка),18455,Перегородки
GGP-01-3-I-240-90,2400*900 (рифлёная плёнка),19284,Перегородки
GGP-02-1-BM-240-100,2400*1000 (матовое б/цв),20259,Перегородки
GGP-02-1-T-240-100,2400*1000 (тонированное),20962,Перегородки
GGP-02-2-BM-240-100,2400*1000 (матовое б/цв),20259,Перегородки
GGP-02-2-T-240-100,2400*1000 (тонированное),20508,Перегородки
GGP-02-3-BM-240-100,2400*1000 (матовое б/цв),20259,Перегородки
GGP-02-3-T-240-100,2400*1000 (тонированное),20588,Перегородки
GGP-03-1-200-100,2000*1000 (вертикальные рейки),29658,Перегородки
GGP-03-1-200-70,2000*685 (вертикальные рейки),23012,Перегородки
GGP-03-1-220-100,2200*1000 (вертикальные рейки),22265,Перегородки
GGP-03-1-220-70,2200*685 (вертикальные рейки),24898,Перегородки
GGP-03-1-240-100,2400*1000 (вертикальные рейки),37152,Перегородки
GGP-03-2-200-100,2000*1000 (вертикальные рейки),29658,Перегородки
GGP-03-2-200-70,2000*685 (вертикальные рейки),23012,Перегородки
GGP-03-2-220-100,2200*1000 (вертикальные рейки),22265,Перегородки
GGP-03-2-220-70,2200*685 (вертикальные рейки),24898,Перегородки
GGP-03-2-240-100,2400*1000 (вертикальные рейки),37152,Перегородки
GGP-03-3-200-100,2000*1000 (вертикальные рейки),29658,Перегородки
GGP-03-3-200-70,2000*685 (вертикальные рейки),23012,Перегородки
GGP-03-3-220-100,2200*1000 (вертикальные рейки),22265,Перегородки
GGP-03-3-220-70,2200*685 (вертикальные рейки),24898,Перегородки
GGP-03-3-240-100,2400*1000 (вертикальные рейки),37152,Перегородки
GGP-04-1-200-100,1990*1000 (горизонтальные рейки),29358,Перегородки
GGP-04-1-200-70,1990*700 (горизонтальные рейки),22712,Перегородки
GGP-04-1-220-100,2170*1000 (горизонтальные рейки),31781,Перегородки
GGP-04-1-240-100,2395*1000 (вертикальные рейки),37152,Перегородки
GGP-04-2-200-100,1990*1000 (горизонтальные рейки),29358,Перегородки
GGP-04-2-200-70,1990*700 (горизонтальные рейки),22712,Перегородки
GGP-04-2-220-100,2170*1000 (горизонтальные рейки),31781,Перегородки
GGP-04-2-240-100,2395*1000 (вертикальные рейки),37152,Перегородки
GGP-04-3-200-100,1990*1000 (горизонтальные рейки),29358,Перегородки
GGP-04-3-200-70,1990*700 (горизонтальные рейки),22712,Перегородки
GGP-04-3-220-100,2170*1000 (горизонтальные рейки),31781,Перегородки
GGP-04-3-240-100,2395*1000 (вертикальные рейки),37152,Перегородки
GGR-10-1,EVESA Gold,3230,(ГГС) Мебель
GGR-10-2,EVESA Black,3230,(ГГС) Мебель
GGR-11-1,ZILOSI Gold,3744,(ГГС) Мебель
GGR-11-2,ZILOSI Black,3744,(ГГС) Мебель
GGR-11-3,ZILOSI White,3744,(ГГС) Мебель
GGS-01-1-1,HORSIX Pouf,4665,(ГГС) Мебель
GGS-01-1-2,HORSIX Pouf,4665,(ГГС) Мебель
GGS-01-1-4,HORSIX Pouf,4665,(ГГС) Мебель
GGS-01-2-1,HORSIX Pouf,4665,(ГГС) Мебель
GGS-01-2-2,HORSIX Pouf,4665,(ГГС) Мебель
GGS-01-2-4,HORSIX Pouf,4665,(ГГС) Мебель
GGS-01-3-1,HORSIX Pouf,4665,(ГГС) Мебель
GGS-01-3-2,HORSIX Pouf,4665,(ГГС) Мебель
GGS-01-3-4,HORSIX Pouf,4665,(ГГС) Мебель
GGT-03-1-1-E-12080,TRUBIS E Oval Wood 120,13304,(ГГС) Мебель
GGT-03-1-1-E-14080,TRUBIS E Oval Wood 140,13664,(ГГС) Мебель
GGT-03-1-1-E-16080,TRUBIS E Oval Wood 160,14537,(ГГС) Мебель
GGT-03-1-1-L-100,TRUBIS L 400 Wood 100,11324,(ГГС) Мебель
GGT-03-1-1-L-120,TRUBIS L 400 Wood 120,12346,(ГГС) Мебель
GGT-03-1-1-L-80,TRUBIS L 400 Wood 80,10486,(ГГС) Мебель
GGT-03-1-1-L-90,TRUBIS L 400 Wood 90,11119,(ГГС) Мебель
GGT-03-1-1-M-100,TRUBIS M Wood 100,13426,(ГГС) Мебель
GGT-03-1-1-M-60,TRUBIS M Wood 60,11780,(ГГС) Мебель
GGT-03-1-1-M-80,TRUBIS M Wood 80,12509,(ГГС) Мебель
GGT-03-1-1-O-18090,TRUBIS O Oval Wood 180,17189,(ГГС) Мебель
GGT-03-1-1-O-20090,TRUBIS O Oval Wood 200,17660,(ГГС) Мебель
GGT-03-1-1-S-40,TRUBIS S Wood 40 золотой / орех,8557,(ГГС) Мебель
GGT-03-1-2-E-12080,TRUBIS E Oval Wood 120,13482,(ГГС) Мебель
GGT-03-1-2-E-14080,TRUBIS E Oval Wood 140,13664,(ГГС) Мебель
GGT-03-1-2-E-16080,TRUBIS E Oval Wood 160,14537,(ГГС) Мебель
GGT-03-1-2-L-100,TRUBIS L 400 Wood 100,11465,(ГГС) Мебель
GGT-03-1-2-L-110,TRUBIS L 400 Wood 110,11912,(ГГС) Мебель
GGT-03-1-2-L-120,TRUBIS L 400 Wood 120,12464,(ГГС) Мебель
GGT-03-1-2-L-80,TRUBIS L 400 Wood 80,10587,(ГГС) Мебель
GGT-03-1-2-L-90,TRUBIS L 400 Wood 90,11225,(ГГС) Мебель
GGT-03-1-2-L-90-12090,TRUBIS L Max D90/120 х 90,16167,(ГГС) Мебель
GGT-03-1-2-M-100,TRUBIS M Wood 100,13577,(ГГС) Мебель
GGT-03-1-2-M-60,TRUBIS M Wood 60,11909,(ГГС) Мебель
GGT-03-1-2-M-80,TRUBIS M Wood 80,12651,(ГГС) Мебель
GGT-03-1-2-O-18090,TRUBIS O Oval Wood 180,17189,(ГГС) Мебель
GGT-03-1-2-O-20090,TRUBIS O Oval Wood 200,17660,(ГГС) Мебель
GGT-03-1-2-R-120-160-80,TRUBIS R Max 120/160 х 80,19111,(ГГС) Мебель
GGT-03-1-2-S-40,TRUBIS S Wood 40 золотой / чёрный,8557,(ГГС) Мебель
GGT-03-1-2-S-60,TRUBIS S Wood 60 золотой / чёрный,9222,(ГГС) Мебель
GGT-03-1-3-E-12080,TRUBIS E Oval Wood 120,13482,(ГГС) Мебель
GGT-03-1-3-E-14080,TRUBIS E Oval Wood 140,13664,(ГГС) Мебель
GGT-03-1-3-E-16080,TRUBIS E Oval Wood 160,14537,(ГГС) Мебель
GGT-03-1-3-L-100,TRUBIS L 400 Wood 100,11465,(ГГС) Мебель
GGT-03-1-3-L-110,TRUBIS L 400 Wood 110,11912,(ГГС) Мебель
GGT-03-1-3-L-120,TRUBIS L 400 Wood 120,12464,(ГГС) Мебель
GGT-03-1-3-L-80,TRUBIS L 400 Wood 80,10587,(ГГС) Мебель
GGT-03-1-3-L-90,TRUBIS L 400 Wood 90,11225,(ГГС) Мебель
GGT-03-1-3-L-90-12090,TRUBIS L Max D90/120 х 90,16167,(ГГС) Мебель
GGT-03-1-3-M-100,TRUBIS M Wood 100,13577,(ГГС) Мебель
GGT-03-1-3-M-60,TRUBIS M Wood 60,11909,(ГГС) Мебель
GGT-03-1-3-M-80,TRUBIS M Wood 80,12651,(ГГС) Мебель
GGT-03-1-3-O-18090,TRUBIS O Oval Wood 180,17189,(ГГС) Мебель
GGT-03-1-3-O-20090,TRUBIS O Oval Wood 200,17660,(ГГС) Мебель
GGT-03-1-3-R-120-160-80,TRUBIS R Max 120/160 х 80,19111,(ГГС) Мебель
GGT-03-1-3-S-40,TRUBIS S Wood 40 золотой / белый,8557,(ГГС) Мебель
GGT-03-1-3-S-60,TRUBIS S Wood 60 золотой / белый,9222,(ГГС) Мебель
GGT-03-1-4-E-12080,TRUBIS E Oval Wood 120,13304,(ГГС) Мебель
GGT-03-1-4-E-14080,TRUBIS E Oval Wood 140,13664,(ГГС) Мебель
GGT-03-1-4-E-16080,TRUBIS E Oval Wood 160,14537,(ГГС) Мебель
GGT-03-1-4-L-90,TRUBIS L 400 Wood 90,11119,(ГГС) Мебель
GGT-03-1-4-O-18090,TRUBIS O Oval Wood 180,17047,(ГГС) Мебель
GGT-03-1-4-O-20090,TRUBIS O Oval Wood 200,17660,(ГГС) Мебель
GGT-03-1-4-S-40,TRUBIS S Wood 40 золотой / чёрный мр,8557,(ГГС) Мебель
GGT-03-1-5-E-12080,TRUBIS E Oval Wood 120,13482,(ГГС) Мебель
GGT-03-1-5-E-14080,TRUBIS E Oval Wood 140,13664,(ГГС) Мебель
GGT-03-1-5-E-14080-K,TRUBIS Oval 140 Керамический,26077,(ГГС) Мебель
GGT-03-1-5-E-16080,TRUBIS E Oval Wood 160,14537,(ГГС) Мебель
GGT-03-1-5-L-100,TRUBIS L 400 Wood 100,11465,(ГГС) Мебель
GGT-03-1-5-L-100-K,TRUBIS L керамический D100,22598,(ГГС) Мебель
GGT-03-1-5-L-110,TRUBIS L 400 Wood 110,11912,(ГГС) Мебель
GGT-03-1-5-L-120,TRUBIS L 400 Wood 120,12464,(ГГС) Мебель
GGT-03-1-5-L-80,TRUBIS L 400 Wood 80,10587,(ГГС) Мебель
GGT-03-1-5-L-90,TRUBIS L 400 Wood 90,11225,(ГГС) Мебель
GGT-03-1-5-M-100,TRUBIS M Wood 100,13577,(ГГС) Мебель
GGT-03-1-5-M-60,TRUBIS M Wood 60,11780,(ГГС) Мебель
GGT-03-1-5-M-80,TRUBIS M Wood 80,12651,(ГГС) Мебель
GGT-03-1-5-O-18090,TRUBIS O Oval Wood 180,17189,(ГГС) Мебель
GGT-03-1-5-O-18090-K,TRUBIS Oval 180 Керамический,37395,(ГГС) Мебель
GGT-03-1-5-O-20090,TRUBIS O Oval Wood 200,17660,(ГГС) Мебель
GGT-03-1-5-O-20090-K,TRUBIS Oval 200 Керамический,38522,(ГГС) Мебель
GGT-03-1-5-S-40,TRUBIS S Wood 40 золотой / белый мр,8557,(ГГС) Мебель
GGT-03-1-5-S-60,TRUBIS S Wood 60 золотой / чёрный мр,9222,(ГГС) Мебель
GGT-03-1-6-L-90-12090,TRUBIS L Max D90/120 х 90,15949,(ГГС) Мебель
GGT-03-1-6-R-120-160-80,TRUBIS R Max 120/160 х 80,19111,(ГГС) Мебель
GGT-03-2-1-E-12080,TRUBIS E Oval Wood 120,13304,(ГГС) Мебель
GGT-03-2-1-E-14080,TRUBIS E Oval Wood 140,13664,(ГГС) Мебель
GGT-03-2-1-E-16080,TRUBIS E Oval Wood 160,14537,(ГГС) Мебель
GGT-03-2-1-L-100,TRUBIS L 400 Wood 100,11324,(ГГС) Мебель
GGT-03-2-1-L-120,TRUBIS L 400 Wood 120,12346,(ГГС) Мебель
GGT-03-2-1-L-80,TRUBIS L 400 Wood 80,10486,(ГГС) Мебель
GGT-03-2-1-L-90,TRUBIS L 400 Wood 90,11119,(ГГС) Мебель
GGT-03-2-1-M-100,TRUBIS M Wood 100,13426,(ГГС) Мебель
GGT-03-2-1-M-60,TRUBIS M Wood 60,11780,(ГГС) Мебель
GGT-03-2-1-M-80,TRUBIS M Wood 80,12509,(ГГС) Мебель
GGT-03-2-1-O-18090,TRUBIS O Oval Wood 180,17189,(ГГС) Мебель
GGT-03-2-1-O-20090,TRUBIS O Oval Wood 200,17660,(ГГС) Мебель
GGT-03-2-1-S-40,TRUBIS S Wood 40 чёрный / орех,8557,(ГГС) Мебель
GGT-03-2-2-E-12080,TRUBIS E Oval Wood 120,13482,(ГГС) Мебель
GGT-03-2-2-E-14080,TRUBIS E Oval Wood 140,13664,(ГГС) Мебель
GGT-03-2-2-E-16080,TRUBIS E Oval Wood 160,14537,(ГГС) Мебель
GGT-03-2-2-L-100,TRUBIS L 400 Wood 100,11465,(ГГС) Мебель
GGT-03-2-2-L-110,TRUBIS L 400 Wood 110,11912,(ГГС) Мебель
GGT-03-2-2-L-120,TRUBIS L 400 Wood 120,12464,(ГГС) Мебель
GGT-03-2-2-L-80,TRUBIS L 400 Wood 80,10587,(ГГС) Мебель
GGT-03-2-2-L-90,TRUBIS L 400 Wood 90,11225,(ГГС) Мебель
GGT-03-2-2-L-90-12090,TRUBIS L Max D90/120 х 90,16167,(ГГС) Мебель
GGT-03-2-2-M-100,TRUBIS M Wood 100,13577,(ГГС) Мебель
GGT-03-2-2-M-60,TRUBIS M Wood 60,11909,(ГГС) Мебель
GGT-03-2-2-M-80,TRUBIS M Wood 80,12651,(ГГС) Мебель
GGT-03-2-2-O-18090,TRUBIS O Oval Wood 180,17189,(ГГС) Мебель
GGT-03-2-2-O-20090,TRUBIS O Oval Wood 200,17660,(ГГС) Мебель
GGT-03-2-2-R-120-160-80,TRUBIS R Max 120/160 х 80,19111,(ГГС) Мебель
GGT-03-2-2-S-40,TRUBIS S Wood 40 чёрный / чёрный,8557,(ГГС) Мебель
GGT-03-2-2-S-60,TRUBIS S Wood 60 чёрный / чёрный,9222,(ГГС) Мебель
GGT-03-2-3-E-12080,TRUBIS E Oval Wood 120,13482,(ГГС) Мебель
GGT-03-2-3-E-14080,TRUBIS E Oval Wood 140,13664,(ГГС) Мебель
GGT-03-2-3-E-16080,TRUBIS E Oval Wood 160,14537,(ГГС) Мебель
GGT-03-2-3-L-100,TRUBIS L 400 Wood 100,11465,(ГГС) Мебель
GGT-03-2-3-L-110,TRUBIS L 400 Wood 110,11912,(ГГС) Мебель
GGT-03-2-3-L-120,TRUBIS L 400 Wood 120,12464,(ГГС) Мебель
GGT-03-2-3-L-80,TRUBIS L 400 Wood 80,10587,(ГГС) Мебель
GGT-03-2-3-L-90,TRUBIS L 400 Wood 90,11225,(ГГС) Мебель
GGT-03-2-3-L-90-12090,TRUBIS L Max D90/120 х 90,16167,(ГГС) Мебель
GGT-03-2-3-M-100,TRUBIS M Wood 100,13577,(ГГС) Мебель
GGT-03-2-3-M-60,TRUBIS M Wood 60,11909,(ГГС) Мебель
GGT-03-2-3-M-80,TRUBIS M Wood 80,12651,(ГГС) Мебель
GGT-03-2-3-O-18090,TRUBIS O Oval Wood 180,17189,(ГГС) Мебель
GGT-03-2-3-O-20090,TRUBIS O Oval Wood 200,17660,(ГГС) Мебель
GGT-03-2-3-R-120-160-80,TRUBIS R Max 120/160 х 80,19111,(ГГС) Мебель
GGT-03-2-3-S-40,TRUBIS S Wood 40 чёрный / белый,8557,(ГГС) Мебель
GGT-03-2-3-S-60,TRUBIS S Wood 60 чёрный / белый,9222,(ГГС) Мебель
GGT-03-2-4-E-12080,TRUBIS E Oval Wood 120,13304,(ГГС) Мебель
GGT-03-2-4-E-14080,TRUBIS E Oval Wood 140,13664,(ГГС) Мебель
GGT-03-2-4-E-16080,TRUBIS E Oval Wood 160,14537,(ГГС) Мебель
GGT-03-2-4-L-90,TRUBIS L 400 Wood 90,11119,(ГГС) Мебель
GGT-03-2-4-O-18090,TRUBIS O Oval Wood 180,17047,(ГГС) Мебель
GGT-03-2-4-O-20090,TRUBIS O Oval Wood 200,17660,(ГГС) Мебель
GGT-03-2-4-S-40,TRUBIS S Wood 40 чёрный / чёрный мр,8557,(ГГС) Мебель
GGT-03-2-5-E-12080,TRUBIS E Oval Wood 120,13482,(ГГС) Мебель
GGT-03-2-5-E-14080,TRUBIS E Oval Wood 140,13664,(ГГС) Мебель
GGT-03-2-5-E-14080-K,TRUBIS Oval 140 Керамический,26077,(ГГС) Мебель
GGT-03-2-5-E-16080,TRUBIS E Oval Wood 160,14537,(ГГС) Мебель
GGT-03-2-5-L-100,TRUBIS L 400 Wood 100,11465,(ГГС) Мебель
GGT-03-2-5-L-100-K,TRUBIS L керамический D100,22598,(ГГС) Мебель
GGT-03-2-5-L-110,TRUBIS L 400 Wood 110,11912,(ГГС) Мебель
GGT-03-2-5-L-120,TRUBIS L 400 Wood 120,12464,(ГГС) Мебель
GGT-03-2-5-L-80,TRUBIS L 400 Wood 80,10587,(ГГС) Мебель
GGT-03-2-5-L-90,TRUBIS L 400 Wood 90,11225,(ГГС) Мебель
GGT-03-2-5-M-100,TRUBIS M Wood 100,13577,(ГГС) Мебель
GGT-03-2-5-M-60,TRUBIS M Wood 60,11780,(ГГС) Мебель
GGT-03-2-5-M-80,TRUBIS M Wood 80,12651,(ГГС) Мебель
GGT-03-2-5-O-18090,TRUBIS O Oval Wood 180,17189,(ГГС) Мебель
GGT-03-2-5-O-18090-K,TRUBIS Oval 180 Керамический,37395,(ГГС) Мебель
GGT-03-2-5-O-20090,TRUBIS O Oval Wood 200,17660,(ГГС) Мебель
GGT-03-2-5-O-20090-K,TRUBIS Oval 200 Керамический,38522,(ГГС) Мебель
GGT-03-2-5-S-40,TRUBIS S Wood 40 чёрный / белый мр,8557,(ГГС) Мебель
GGT-03-2-5-S-60,TRUBIS S Wood 60 чёрный / белый мр,9222,(ГГС) Мебель
GGT-03-2-6-L-90-12090,TRUBIS L Max D90/120 х 90,15949,(ГГС) Мебель
GGT-03-2-6-R-120-160-80,TRUBIS R Max 120/160 х 80,19111,(ГГС) Мебель
GGT-03-3-1-E-12080,TRUBIS E Oval Wood 120,13304,(ГГС) Мебель
GGT-03-3-1-E-14080,TRUBIS E Oval Wood 140,13664,(ГГС) Мебель
GGT-03-3-1-E-16080,TRUBIS E Oval Wood 160,14537,(ГГС) Мебель
GGT-03-3-1-L-100,TRUBIS L 400 Wood 100,11324,(ГГС) Мебель
GGT-03-3-1-L-120,TRUBIS L 400 Wood 120,12346,(ГГС) Мебель
GGT-03-3-1-L-80,TRUBIS L 400 Wood 80,10486,(ГГС) Мебель
GGT-03-3-1-L-90,TRUBIS L 400 Wood 90,11119,(ГГС) Мебель
GGT-03-3-1-M-100,TRUBIS M Wood 100,13426,(ГГС) Мебель
GGT-03-3-1-M-60,TRUBIS M Wood 60,11780,(ГГС) Мебель
GGT-03-3-1-M-80,TRUBIS M Wood 80,12509,(ГГС) Мебель
GGT-03-3-1-O-18090,TRUBIS O Oval Wood 180,17189,(ГГС) Мебель
GGT-03-3-1-O-20090,TRUBIS O Oval Wood 200,17660,(ГГС) Мебель
GGT-03-3-1-S-40,TRUBIS S Wood 40 белый / орех,8557,(ГГС) Мебель
GGT-03-3-2-E-12080,TRUBIS E Oval Wood 120,13482,(ГГС) Мебель
GGT-03-3-2-E-14080,TRUBIS E Oval Wood 140,13664,(ГГС) Мебель
GGT-03-3-2-E-16080,TRUBIS E Oval Wood 160,14537,(ГГС) Мебель
GGT-03-3-2-L-100,TRUBIS L 400 Wood 100,11465,(ГГС) Мебель
GGT-03-3-2-L-110,TRUBIS L 400 Wood 110,11912,(ГГС) Мебель
GGT-03-3-2-L-120,TRUBIS L 400 Wood 120,12464,(ГГС) Мебель
GGT-03-3-2-L-80,TRUBIS L 400 Wood 80,10587,(ГГС) Мебель
GGT-03-3-2-L-90,TRUBIS L 400 Wood 90,11225,(ГГС) Мебель
GGT-03-3-2-L-90-12090,TRUBIS L Max D90/120 х 90,16167,(ГГС) Мебель
GGT-03-3-2-M-100,TRUBIS M Wood 100,13577,(ГГС) Мебель
GGT-03-3-2-M-60,TRUBIS M Wood 60,11909,(ГГС) Мебель
GGT-03-3-2-M-80,TRUBIS M Wood 80,12651,(ГГС) Мебель
GGT-03-3-2-O-18090,TRUBIS O Oval Wood 180,17189,(ГГС) Мебель
GGT-03-3-2-O-20090,TRUBIS O Oval Wood 200,17660,(ГГС) Мебель
GGT-03-3-2-R-120-160-80,TRUBIS R Max 120/160 х 80,19111,(ГГС) Мебель
GGT-03-3-2-S-40,TRUBIS S Wood 40 белый / чёрный,8557,(ГГС) Мебель
GGT-03-3-2-S-60,TRUBIS S Wood 60 белый / чёрный,9222,(ГГС) Мебель
GGT-03-3-3-E-12080,TRUBIS E Oval Wood 120,13482,(ГГС) Мебель
GGT-03-3-3-E-14080,TRUBIS E Oval Wood 140,13664,(ГГС) Мебель
GGT-03-3-3-E-16080,TRUBIS E Oval Wood 160,14537,(ГГС) Мебель
GGT-03-3-3-L-100,TRUBIS L 400 Wood 100,11465,(ГГС) Мебель
GGT-03-3-3-L-110,TRUBIS L 400 Wood 110,11912,(ГГС) Мебель
GGT-03-3-3-L-120,TRUBIS L 400 Wood 120,12464,(ГГС) Мебель
GGT-03-3-3-L-80,TRUBIS L 400 Wood 80,10587,(ГГС) Мебель
GGT-03-3-3-L-90,TRUBIS L 400 Wood 90,11225,(ГГС) Мебель
GGT-03-3-3-L-90-12090,TRUBIS L Max D90/120 х 90,16167,(ГГС) Мебель
GGT-03-3-3-M-100,TRUBIS M Wood 100,13577,(ГГС) Мебель
GGT-03-3-3-M-60,TRUBIS M Wood 60,11909,(ГГС) Мебель
GGT-03-3-3-M-80,TRUBIS M Wood 80,12651,(ГГС) Мебель
GGT-03-3-3-O-18090,TRUBIS O Oval Wood 180,17189,(ГГС) Мебель
GGT-03-3-3-O-20090,TRUBIS O Oval Wood 200,17660,(ГГС) Мебель
GGT-03-3-3-R-120-160-80,TRUBIS R Max 120/160 х 80,19111,(ГГС) Мебель
GGT-03-3-3-S-40,TRUBIS S Wood 40 белый / белый,8557,(ГГС) Мебель
GGT-03-3-3-S-60,TRUBIS S Wood 60 белый / белый,9222,(ГГС) Мебель
GGT-03-3-4-E-12080,TRUBIS E Oval Wood 120,13304,(ГГС) Мебель
GGT-03-3-4-E-14080,TRUBIS E Oval Wood 140,13664,(ГГС) Мебель
GGT-03-3-4-E-16080,TRUBIS E Oval Wood 160,14537,(ГГС) Мебель
GGT-03-3-4-L-90,TRUBIS L 400 Wood 90,11119,(ГГС) Мебель
GGT-03-3-4-O-18090,TRUBIS O Oval Wood 180,17047,(ГГС) Мебель
GGT-03-3-4-O-20090,TRUBIS O Oval Wood 200,17660,(ГГС) Мебель
GGT-03-3-4-S-40,TRUBIS S Wood 40 белый / чёрный мр,8557,(ГГС) Мебель
GGT-03-3-5-E-12080,TRUBIS E Oval Wood 120,13482,(ГГС) Мебель
GGT-03-3-5-E-14080,TRUBIS E Oval Wood 140,13664,(ГГС) Мебель
GGT-03-3-5-E-14080-K,TRUBIS Oval 140 Керамический,26077,(ГГС) Мебель
GGT-03-3-5-E-16080,TRUBIS E Oval Wood 160,14537,(ГГС) Мебель
GGT-03-3-5-L-100,TRUBIS L 400 Wood 100,11465,(ГГС) Мебель
GGT-03-3-5-L-100-K,TRUBIS L керамический D100,22598,(ГГС) Мебель
GGT-03-3-5-L-110,TRUBIS L 400 Wood 110,11912,(ГГС) Мебель
GGT-03-3-5-L-120,TRUBIS L 400 Wood 120,12464,(ГГС) Мебель
GGT-03-3-5-L-80,TRUBIS L 400 Wood 80,10587,(ГГС) Мебель
GGT-03-3-5-L-90,TRUBIS L 400 Wood 90,11225,(ГГС) Мебель
GGT-03-3-5-M-100,TRUBIS M Wood 100,13577,(ГГС) Мебель
GGT-03-3-5-M-60,TRUBIS M Wood 60,11780,(ГГС) Мебель
GGT-03-3-5-M-80,TRUBIS M Wood 80,12651,(ГГС) Мебель
GGT-03-3-5-O-18090,TRUBIS O Oval Wood 180,17189,(ГГС) Мебель
GGT-03-3-5-O-18090-K,TRUBIS Oval 180 Керамический,37395,(ГГС) Мебель
GGT-03-3-5-O-20090,TRUBIS O Oval Wood 200,17660,(ГГС) Мебель
GGT-03-3-5-O-20090-K,TRUBIS Oval 200 Керамический,38522,(ГГС) Мебель
GGT-03-3-5-S-40,TRUBIS S Wood 40 белый / белый мр,8557,(ГГС) Мебель
GGT-03-3-5-S-60,TRUBIS S Wood 60 белый / белый мр,9222,(ГГС) Мебель
GGT-03-3-6-L-90-12090,TRUBIS L Max D90/120 х 90,15949,(ГГС) Мебель
GGT-03-3-6-R-120-160-80,TRUBIS R Max 120/160 х 80,19111,(ГГС) Мебель
GGT-12-2,RILONI Black,4411,(ГГС) Мебель
GGT-12-3,RILONI White,4411,(ГГС) Мебель
GGT-20-1-1-110-140-70,VIOLUR Max 110/140 х 70,15067,(ГГС) Мебель
GGT-20-1-1-14080,VIOLUR овал 140,11642,(ГГС) Мебель
GGT-20-1-1-16080,VIOLUR овал 160,12490,(ГГС) Мебель
GGT-20-1-1-18090,VIOLUR овал 180,13410,(ГГС) Мебель
GGT-20-1-1-20090,VIOLUR овал 200,13868,(ГГС) Мебель
GGT-20-1-2-110-140-70,VIOLUR Max 110/140 х 70,15067,(ГГС) Мебель
GGT-20-1-2-14080,VIOLUR овал 140,11642,(ГГС) Мебель
GGT-20-1-2-16080,VIOLUR овал 160,12490,(ГГС) Мебель
GGT-20-1-2-18090,VIOLUR овал 180,13410,(ГГС) Мебель
GGT-20-1-2-20090,VIOLUR овал 200,13868,(ГГС) Мебель
GGT-20-1-3-110-140-70,VIOLUR Max 110/140 х 70,15067,(ГГС) Мебель
GGT-20-1-3-14080,VIOLUR овал 140,11642,(ГГС) Мебель
GGT-20-1-3-16080,VIOLUR овал 160,12490,(ГГС) Мебель
GGT-20-1-3-18090,VIOLUR овал 180,13410,(ГГС) Мебель
GGT-20-1-3-20090,VIOLUR овал 200,13868,(ГГС) Мебель
GGT-20-1-4-14080,VIOLUR овал 140,11642,(ГГС) Мебель
GGT-20-1-4-16080,VIOLUR овал 160,12490,(ГГС) Мебель
GGT-20-1-4-18090,VIOLUR овал 180,13304,(ГГС) Мебель
GGT-20-1-4-20090,VIOLUR овал 200,13868,(ГГС) Мебель
GGT-20-1-5-14080,VIOLUR овал 140,11642,(ГГС) Мебель
GGT-20-1-5-16080,VIOLUR овал 160,12490,(ГГС) Мебель
GGT-20-1-5-18090,VIOLUR овал 180,13410,(ГГС) Мебель
GGT-20-1-5-20090,VIOLUR овал 200,13868,(ГГС) Мебель
GGT-20-2-1-110-140-70,VIOLUR Max 110/140 х 70,15067,(ГГС) Мебель
GGT-20-2-1-14080,VIOLUR овал 140,11642,(ГГС) Мебель
GGT-20-2-1-16080,VIOLUR овал 160,12490,(ГГС) Мебель
GGT-20-2-1-18090,VIOLUR овал 180,13410,(ГГС) Мебель
GGT-20-2-1-20090,VIOLUR овал 200,13868,(ГГС) Мебель
GGT-20-2-2-110-140-70,VIOLUR Max 110/140 х 70,15067,(ГГС) Мебель
GGT-20-2-2-14080,VIOLUR овал 140,11642,(ГГС) Мебель
GGT-20-2-2-16080,VIOLUR овал 160,12490,(ГГС) Мебель
GGT-20-2-2-18090,VIOLUR овал 180,13410,(ГГС) Мебель
GGT-20-2-2-20090,VIOLUR овал 200,13868,(ГГС) Мебель
GGT-20-2-3-110-140-70,VIOLUR Max 110/140 х 70,15067,(ГГС) Мебель
GGT-20-2-3-14080,VIOLUR овал 140,11642,(ГГС) Мебель
GGT-20-2-3-16080,VIOLUR овал 160,12490,(ГГС) Мебель
GGT-20-2-3-18090,VIOLUR овал 180,13410,(ГГС) Мебель
GGT-20-2-3-20090,VIOLUR овал 200,13868,(ГГС) Мебель
GGT-20-2-4-14080,VIOLUR овал 140,11642,(ГГС) Мебель
GGT-20-2-4-16080,VIOLUR овал 160,12490,(ГГС) Мебель
GGT-20-2-4-18090,VIOLUR овал 180,13304,(ГГС) Мебель
GGT-20-2-4-20090,VIOLUR овал 200,13868,(ГГС) Мебель
GGT-20-2-5-14080,VIOLUR овал 140,11642,(ГГС) Мебель
GGT-20-2-5-16080,VIOLUR овал 160,12490,(ГГС) Мебель
GGT-20-2-5-18090,VIOLUR овал 180,13410,(ГГС) Мебель
GGT-20-2-5-20090,VIOLUR овал 200,13868,(ГГС) Мебель
GGT-20-3-1-110-140-70,VIOLUR Max 110/140 х 70,15067,(ГГС) Мебель
GGT-20-3-1-14080,VIOLUR овал 140,11642,(ГГС) Мебель
GGT-20-3-1-16080,VIOLUR овал 160,12490,(ГГС) Мебель
GGT-20-3-1-18090,VIOLUR овал 180,13410,(ГГС) Мебель
GGT-20-3-1-20090,VIOLUR овал 200,13868,(ГГС) Мебель
GGT-20-3-2-110-140-70,VIOLUR Max 110/140 х 70,15067,(ГГС) Мебель
GGT-20-3-2-14080,VIOLUR овал 140,11642,(ГГС) Мебель
GGT-20-3-2-16080,VIOLUR овал 160,12490,(ГГС) Мебель
GGT-20-3-2-18090,VIOLUR овал 180,13410,(ГГС) Мебель
GGT-20-3-2-20090,VIOLUR овал 200,13868,(ГГС) Мебель
GGT-20-3-3-110-140-70,VIOLUR Max 110/140 х 70,15067,(ГГС) Мебель
GGT-20-3-3-14080,VIOLUR овал 140,11642,(ГГС) Мебель
GGT-20-3-3-16080,VIOLUR овал 160,12490,(ГГС) Мебель
GGT-20-3-3-18090,VIOLUR овал 180,13410,(ГГС) Мебель
GGT-20-3-3-20090,VIOLUR овал 200,13868,(ГГС) Мебель
GGT-20-3-4-14080,VIOLUR овал 140,11642,(ГГС) Мебель
GGT-20-3-4-16080,VIOLUR овал 160,12490,(ГГС) Мебель
GGT-20-3-4-18090,VIOLUR овал 180,13304,(ГГС) Мебель
GGT-20-3-4-20090,VIOLUR овал 200,13868,(ГГС) Мебель
GGT-20-3-5-14080,VIOLUR овал 140,11642,(ГГС) Мебель
GGT-20-3-5-16080,VIOLUR овал 160,12490,(ГГС) Мебель
GGT-20-3-5-18090,VIOLUR овал 180,13410,(ГГС) Мебель
GGT-20-3-5-20090,VIOLUR овал 200,13868,(ГГС) Мебель
GGT-28-1-1-180-90,ARFEO DUO стол 180,15859,(ГГС) Мебель
GGT-28-1-1-200-100,ARFEO DUO стол 200,16067,(ГГС) Мебель
GGT-28-1-2-180-90,ARFEO DUO стол 180,15859,(ГГС) Мебель
GGT-28-1-2-200-100,ARFEO DUO стол 200,16067,(ГГС) Мебель
GGT-28-1-3-180-90,ARFEO DUO стол 180,15859,(ГГС) Мебель
GGT-28-1-3-200-100,ARFEO DUO стол 200,16067,(ГГС) Мебель
GGT-28-2-1-180-90,ARFEO DUO стол 180,15859,(ГГС) Мебель
GGT-28-2-1-200-100,ARFEO DUO стол 200,16067,(ГГС) Мебель
GGT-28-2-2-180-90,ARFEO DUO стол 180,15859,(ГГС) Мебель
GGT-28-2-2-200-100,ARFEO DUO стол 200,16067,(ГГС) Мебель
GGT-28-2-3-180-90,ARFEO DUO стол 180,15859,(ГГС) Мебель
GGT-28-2-3-200-100,ARFEO DUO стол 200,16067,(ГГС) Мебель
GGT-28-3-1-180-90,ARFEO DUO стол 180,15859,(ГГС) Мебель
GGT-28-3-1-200-100,ARFEO DUO стол 200,16067,(ГГС) Мебель
GGT-28-3-2-180-90,ARFEO DUO стол 180,15859,(ГГС) Мебель
GGT-28-3-2-200-100,ARFEO DUO стол 200,16067,(ГГС) Мебель
GGT-28-3-3-180-90,ARFEO DUO стол 180,15859,(ГГС) Мебель
GGT-28-3-3-200-100,ARFEO DUO стол 200,16067,(ГГС) Мебель
GGT-35-1-2-100-180,KONUX D100/180 х 100 (золото-чёрный),16933,(ГГС) Мебель
GGT-35-1-3-100-180,KONUX D100/180 х 100 (золото-белый),16933,(ГГС) Мебель
GGT-35-2-2-100-180,KONUX D100/180 х 100 (чёрный),16933,(ГГС) Мебель
GGT-35-2-3-100-180,KONUX D100/180 х 100 (чёрно-белый),16933,(ГГС) Мебель
GGT-35-3-2-100-180,KONUX D100/180 х 100 (бело-чёрный),16933,(ГГС) Мебель
GGT-35-3-3-100-180,KONUX D100/180 х 100 (белый),16933,(ГГС) Мебель
GGT-35-5-1-100-180,KONUX D100/180 х 100 (бронза-шпон),16933,(ГГС) Мебель
GGT-42-13-35-100-K,TUBARIS Stone D1000 Керамогранит,25895,(ГГС) Мебель
GGT-42-13-35-120-K,TUBARIS Stone D1200 Керамогранит,28568,(ГГС) Мебель
GGT-42-13-35-90-K,TUBARIS Stone D900 Керамогранит,22720,(ГГС) Мебель
GGT-42-2-22-100-G,TUBARIS Glass D1000 ГлассЛак черный,18921,(ГГС) Мебель
GGT-42-2-22-120-G,TUBARIS Glass D1200 ГлассЛак черный,22854,(ГГС) Мебель
GGT-42-2-22-90-G,TUBARIS Glass D900 Гласслак черный,17446,(ГГС) Мебель
GGT-42-2-23-100-G,TUBARIS Glass D1000 ГлассЛак черный,18921,(ГГС) Мебель
GGT-42-2-23-120-G,TUBARIS Glass D1200 ГлассЛак черный,22854,(ГГС) Мебель
GGT-42-2-23-90-G,TUBARIS Glass D900 Гласслак черный,17446,(ГГС) Мебель
GGT-42-2-25-100-K,TUBARIS Stone D1000 Керамогранит,25895,(ГГС) Мебель
GGT-42-2-25-120-K,TUBARIS Stone D1200 Керамогранит,28568,(ГГС) Мебель
GGT-42-2-25-200-K,TUBARIS Oval 2000 Керамогранит белый,55898,(ГГС) Мебель
GGT-42-2-25-220-K,TUBARIS Oval 2200 Керамогранит белый,57013,(ГГС) Мебель
GGT-42-2-25-250-K,TUBARIS Oval 2500 Керамогранит белый,59453,(ГГС) Мебель
GGT-42-2-25-90-K,TUBARIS Stone D900 Керамогранит,22720,(ГГС) Мебель
GGT-42-21-22-100-G,TUBARIS Glass D1000 ГлассЛак черный,18921,(ГГС) Мебель
GGT-42-21-22-120-G,TUBARIS Glass D1200 ГлассЛак черный,22854,(ГГС) Мебель
GGT-42-21-22-90-G,TUBARIS Glass D900 Гласслак черный,17446,(ГГС) Мебель
GGT-42-23-25-100-K,TUBARIS Stone D1000 Керамогранит,25895,(ГГС) Мебель
GGT-42-23-25-120-K,TUBARIS Stone D1200 Керамогранит,28568,(ГГС) Мебель
GGT-42-23-25-90-K,TUBARIS Stone D900 Керамогранит,22720,(ГГС) Мебель
GGT-42-3-35-100-K,TUBARIS Stone D1000 Керамогранит,25895,(ГГС) Мебель
GGT-42-3-35-120-K,TUBARIS Stone D1200 Керамогранит,28568,(ГГС) Мебель
GGT-42-3-35-200-K,TUBARIS Oval 2000 Керамогранит белый,55898,(ГГС) Мебель
GGT-42-3-35-220-K,TUBARIS Oval 2200 Керамогранит белый,57013,(ГГС) Мебель
GGT-42-3-35-250-K,TUBARIS Oval 2500 Керамогранит белый,59453,(ГГС) Мебель
GGT-42-3-35-90-K,TUBARIS Stone D900 Керамогранит,22720,(ГГС) Мебель
GGT-42-31-35-100-K,TUBARIS Stone D1000 Керамогранит,25895,(ГГС) Мебель
GGT-42-31-35-120-K,TUBARIS Stone D1200 Керамогранит,28568,(ГГС) Мебель
GGT-42-31-35-200-K,TUBARIS Oval 2000 Керамогранит белый,55898,(ГГС) Мебель
GGT-42-31-35-220-K,TUBARIS Oval 2200 Керамогранит белый,57013,(ГГС) Мебель
GGT-42-31-35-250-K,TUBARIS Oval 2500 Керамогранит белый,59453,(ГГС) Мебель
GGT-42-31-35-90-K,TUBARIS Stone D900 Керамогранит,22720,(ГГС) Мебель
GGT-46-2-2-100,PROFIX D100 (TRUBIS L из 10*20),12595,(ГГС) Мебель
GGT-46-3-3-100,PROFIX D100 (TRUBIS L из 10*20),12595,(ГГС) Мебель
GGT-46-5-1-100,PROFIX D100 (TRUBIS L из 10*20),12595,(ГГС) Мебель
GGT-47-1-2-80,GENTRIS D80,9760,(ГГС) Мебель
GGT-47-1-2-90,GENTRIS D90,10373,(ГГС) Мебель
GGT-47-1-3-80,GENTRIS D80,9760,(ГГС) Мебель
GGT-47-1-3-90,GENTRIS D90,10373,(ГГС) Мебель
GGT-47-1-5-80,GENTRIS D80,9760,(ГГС) Мебель
GGT-47-1-5-90,GENTRIS D90,10373,(ГГС) Мебель
GGT-47-2-2-80,GENTRIS D80,9760,(ГГС) Мебель
GGT-47-2-2-90,GENTRIS D90,10373,(ГГС) Мебель
GGT-47-2-3-80,GENTRIS D80,9760,(ГГС) Мебель
GGT-47-2-3-90,GENTRIS D90,10373,(ГГС) Мебель
GGT-47-2-5-80,GENTRIS D80,9760,(ГГС) Мебель
GGT-47-2-5-90,GENTRIS D90,10373,(ГГС) Мебель
GGT-47-3-2-80,GENTRIS D80,9760,(ГГС) Мебель
GGT-47-3-2-90,GENTRIS D90,10373,(ГГС) Мебель
GGT-47-3-3-80,GENTRIS D80,9760,(ГГС) Мебель
GGT-47-3-3-90,GENTRIS D90,10373,(ГГС) Мебель
GGT-47-3-5-80,GENTRIS D80,9760,(ГГС) Мебель
GGT-47-3-5-90,GENTRIS D90,10373,(ГГС) Мебель
GGT-48-2-2-100-180,QUATRIS D100/180 х 100,11759,(ГГС) Мебель
GGT-48-3-3-100-180,QUATRIS D100/180 х 100,11759,(ГГС) Мебель
GGT-48-5-1-100-180,QUATRIS D100/180 х 100,11759,(ГГС) Мебель
