Модель,С\С общая,"Комиссия МП, %","Логистика МП, %","Реклама МП, %","Итого,
% OZON"
В ПРОДАЖЕ (зеркала в раме),,,,,
EVELUM ,"7 031,72",55%,7%,11%,73%
EVELIX S ,"5 102,23",55%,5%,11%,71%
EVELIX L ,"6 556,42",55%,7%,11%,73%
KVADEN M ,"6 098,86",55%,7%,11%,73%
KVADEN L ,"8 405,90",55%,6%,11%,72%
HALFEO XL ,"11 496,21",55%,3%,11%,69%
KUVINO M ,"8 804,94",55%,6%,11%,72%
KUVINO L ,"10 771,78",55%,6%,11%,72%
NOLVIS S ,"6 713,44",55%,4%,11%,70%
NOLVIS M ,"8 719,91",55%,5%,11%,71%
NOLVIS L ,"11 047,82",55%,6%,11%,72%
RAUNTEL M ,"8 831,04",55%,4%,11%,70%
RAUNTEL L ,"11 798,31",55%,5%,11%,71%
ARKELO ,"4 942,67",55%,5%,11%,71%
ARKIS L ,"13 216,58",55%,6%,11%,72%
OZEVIS ,"17 716,07",55%,5%,11%,71%
ZELISO-1 ,"9 661,01",55%,8%,11%,74%
KVADEN XL ,"12 017,38",55%,2%,11%,68%
HALFEO Slim XL ,"12 781,10",55%,2%,11%,68%
HALFEO Leg XL ,"13 293,58",55%,2%,11%,68%
RONTUS M ,"13 387,04",55%,4%,11%,70%
ARKIS M ,"10 524,47",55%,5%,11%,71%
HALFEO Slim S ,"8 452,02",55%,6%,11%,72%
HALFEO Slim M ,"8 119,24",55%,4%,11%,70%
HALFEO Slim L ,"10 420,78",55%,6%,11%,72%
WINDIX R 200*100 (прямоугольник),"20 044,78",55%,6%,11%,72%
WINDIX R 200*120 (прямоугольник),"21 739,62",55%,6%,11%,72%
WINDIX A 183*83 (арка),"22 412,62",55%,6%,11%,72%
ТЕСТОВЫЕ РАСЧЁТЫ,,,,,
EVELUM + EVESA,"15 098,34",49%,7%,11%,67%
KVADEN L + ZILOSI,"14 307,58",49%,7%,11%,67%
ZELISO + ZILOSI,"15 846,94",49%,7%,11%,67%
ARFEO 80 + EVELIX S ,"15 024,58",49%,7%,11%,67%
,,,,,
,,,,,
,,,,,
(ГГС) Зеркала в раме с подсветкой,С\С общая,"Комиссия МП, %","Логистика МП, %","Реклама МП, %","Итого,
% OZON"
В ПРОДАЖЕ,,,,,
KUVINO M LED ,"12 213,66",55%,7%,11%,73%
NOLVIS M LED ,"11 770,10",55%,7%,11%,73%
NOLVIS L LED ,"15 352,94",55%,7%,11%,73%
ARKIS L LED ,"17 478,14",55%,7%,11%,73%
RONTUS M LED ,"17 830,50",55%,7%,11%,73%
ТЕСТОВЫЕ РАСЧЁТЫ,,,,,
EVELIX S LED,"11 615,34",55%,7%,11%,73%
EVELIX L LED,"15 367,46",55%,7%,11%,73%
KVADEN M LED,"13 130,54",55%,7%,11%,73%
KVADEN L LED,"18 464,66",55%,7%,11%,73%
HALFEO XL LED,"19 290,94",55%,7%,11%,73%
KUVINO L LED,"19 421,22",55%,7%,11%,73%
NOLVIS S LED,"13 111,90",55%,7%,11%,73%
RAUNTEL M LED,"14 124,46",55%,7%,11%,73%
RAUNTEL L LED,"17 866,94",55%,7%,11%,73%
ARKELO LED,"12 477,62",55%,7%,11%,73%
KVADEN XL LED,"22 677,50",55%,7%,11%,73%
HALFEO Slim XL LED,"21 454,14",55%,7%,11%,73%
HALFEO Leg XL LED,"23 657,34",55%,7%,11%,73%
,,,,,
,,,,,
"(ГГС) Безрамные зеркала 
с подсветкой",С\С общая,"Комиссия МП, %","Логистика МП, %","Реклама МП, %","Итого,
% OZON"
В ПРОДАЖЕ,,,,,
NOLVIS NF LED S,"4 110,88",55%,7%,11%,73%
NOLVIS NF LED S (с),"4 598,28",55%,7%,11%,73%
NOLVIS NF LED M,"5 321,68",55%,7%,11%,73%
NOLVIS NF LED M (с),"5 809,08",55%,7%,11%,73%
NOLVIS NF LED L,"7 603,68",55%,7%,11%,73%
NOLVIS NF LED L (с),"8 091,08",55%,7%,11%,73%
NOLVIS NF LED XL,"10 677,68",55%,7%,11%,73%
NOLVIS NF LED XL (с),"11 259,08",55%,7%,11%,73%
ARKELO NF LED S,"4 110,88",55%,7%,11%,73%
ARKELO NF LED S (с),"4 598,28",55%,7%,11%,73%
KUVINO NF LED M,"5 631,88",55%,7%,11%,73%
KUVINO NF LED M (с),"6 119,28",55%,7%,11%,73%
KUVINO NF LED L,"7 383,68",55%,7%,11%,73%
KUVINO NF LED L (с),"7 871,08",55%,7%,11%,73%
RAUNTEL NF LED M,"5 021,28",55%,7%,11%,73%
RAUNTEL NF LED M (с),"5 508,68",55%,7%,11%,73%
RAUNTEL NF LED L ,"6 697,28",55%,7%,11%,73%
RAUNTEL NF LED L (с) ,"7 184,68",55%,7%,11%,73%
ARKIS NF LED M (с) 3в1 ,"7 328,28",55%,7%,11%,73%
ARKIS NF LED L ,"9 030,48",55%,7%,11%,73%
ARKIS NF LED L (с) ,"9 605,88",55%,7%,11%,73%
HALFEO NF LED S (с) 3в1 ,"5 955,68",55%,7%,11%,73%
HALFEO NF LED M (с) 3в1 ,"5 483,68",55%,7%,11%,73%
HALFEO NF LED L (с) 3в1 ,"6 909,28",55%,7%,11%,73%
HALFEO Slim NF LED XL ,"8 604,48",55%,7%,11%,73%
HALFEO Slim NF LED XL (с) ,"9 185,88",55%,7%,11%,73%
HALFEO NF LED XL ,"9 218,88",55%,7%,11%,73%
HALFEO NF LED XL (с) ,"9 800,28",55%,7%,11%,73%
RONTUS NF LED M (c) 3в1 ,"8 568,08",55%,7%,11%,73%
RONTUS NF LED XL ,"11 763,28",55%,7%,11%,73%
RONTUS NF LED XL (с) ,"12 344,68",55%,7%,11%,73%
"OSOLIS (1400*700, 500*700)","9 307,36",55%,7%,11%,73%
"KVANEL (1600*800, 600*800)","10 094,08",55%,7%,11%,73%
ILLUMORA (1600*600),"12 220,28",55%,7%,11%,73%
"ILLUMORA DUO (1600*600, 400*600)","13 816,68",55%,7%,11%,73%
ТЕСТОВЫЕ РАСЧЁТЫ,,,,,
HALFEO Slim XL NF LED Front,"12 161,26",55%,7%,11%,73%
,,,,,
,,,,,
,,,,,
(ГГС) Мебель,С\С общая,"Комиссия МП, %","Логистика МП, %","Реклама МП, %","Итого,
% OZON"
В ПРОДАЖЕ,,,,,
EVESA,"4 439,93",49%,16%,11%,76%
ZILOSI,"5 047,74",49%,17%,11%,77%
RILONI,"6 428,48",49%,10%,11%,70%
HORSIX Pouf,"6 463,21",49%,2%,11%,62%
TRUBIS S Wood 40,"11 374,50",49%,3%,11%,63%
TRUBIS S Wood 60,"12 134,34",49%,3%,11%,63%
TRUBIS M Wood 60 ,"15 498,38",49%,3%,11%,63%
TRUBIS M Wood 80 ,"16 612,90",49%,3%,11%,63%
TRUBIS M Wood 100 ,"17 787,58",49%,3%,11%,63%
TRUBIS M Wood 120 ,"18 719,26",49%,3%,11%,63%
TRUBIS L 400 Wood 80,"14 957,87",43%,3%,11%,57%
TRUBIS L 400 Wood 90,"15 825,83",43%,3%,11%,57%
TRUBIS L 400 Wood 100,"16 294,79",43%,3%,11%,57%
TRUBIS L 400 Wood 110,"16 857,27",43%,3%,11%,57%
TRUBIS L 400 Wood 120,"17 523,75",43%,3%,11%,57%
TRUBIS E Oval Wood 120,"17 894,75",43%,3%,11%,57%
TRUBIS E Oval Wood 140,"18 300,71",43%,3%,11%,57%
TRUBIS E Oval Wood 160,"19 397,67",43%,3%,11%,57%
TRUBIS O Oval Wood 180,"23 038,92",43%,3%,11%,57%
TRUBIS O Oval Wood 200,"23 754,52",43%,3%,11%,57%
TRUBIS L Max D90/120 х 90 ,"22 905,32",43%,3%,11%,57%
TRUBIS R Max 120/160 х 80 ,"26 381,73",43%,3%,11%,57%
TRUBIS R Max 140/170 х 90 ,"27 806,97",43%,3%,11%,57%
TRUBIS Oval 140 Керамический,"35 372,65",43%,3%,11%,57%
TRUBIS Oval 160 Керамический,"37 087,25",43%,3%,11%,57%
TRUBIS Oval 180 Керамический,"50 630,06",43%,3%,11%,57%
TRUBIS Oval 200 Керамический,"52 493,26",43%,3%,11%,57%
TRUBIS L керамический D100 ,"34 227,29",43%,3%,11%,57%
TRUBIS Console 80,"12 252,00",43%,3%,11%,57%
TRUBIS Console 100,"12 952,00",43%,3%,11%,57%
TRUBIS Console 120,"13 674,00",43%,3%,11%,57%
VIOLUR овал 140,"15 490,12",43%,3%,11%,57%
VIOLUR овал 160,"16 579,72",43%,3%,11%,57%
VIOLUR овал 180,"17 741,32",43%,3%,11%,57%
VIOLUR овал 200,"18 440,92",43%,3%,11%,57%
VIOLUR Console 70,"11 484,94",43%,3%,11%,57%
VIOLUR Console 120,"12 115,82",43%,3%,11%,57%
VIOLUR Max 110/140 х 70,"21 490,06",43%,3%,11%,57%
VIOLUR Max 120/190 х 80,"24 117,26",43%,3%,11%,57%
ARFEO прям 80 ,"9 968,74",43%,3%,11%,57%
ARFEO прям 100 ,"10 437,06",43%,3%,11%,57%
ARFEO прям 120 ,"10 945,38",43%,3%,11%,57%
ARFEO DUO стол 180 ,"21 353,82",43%,3%,11%,57%
ARFEO DUO стол 200 ,"21 761,50",43%,3%,11%,57%
BAAKIS б\цв 160,"18 643,78",43%,3%,11%,57%
BAAKIS б\цв 180,"19 676,26",43%,3%,11%,57%
BAAKIS б\цв 200,"20 534,58",43%,3%,11%,57%
KONUX D100/180 х 100,"28 761,78",43%,3%,11%,57%
SELENTI D120 Керамогранит,"43 707,34",43%,3%,11%,57%
SUNVIO D120 Керамогранит,"42 130,46",43%,3%,11%,57%
GRESIO D120 Керамогранит,"35 447,06",43%,3%,11%,57%
TUBARIS D900 Керамогранит,"30 928,54",43%,3%,11%,57%
TUBARIS D900 ГлассЛак черный,"23 789,26",43%,3%,11%,57%
TUBARIS D900 Гласслак белый,"25 387,14",43%,3%,11%,57%
TUBARIS D1000 Керамогранит,"34 968,18",43%,3%,11%,57%
TUBARIS D1000 ГлассЛак черный,"25 688,58",43%,3%,11%,57%
TUBARIS D1000 Гласслак белый,"27 404,02",43%,3%,11%,57%
TUBARIS D1200 Керамогранит,"38 363,38",43%,3%,11%,57%
TUBARIS D1200 ГлассЛак черный,"30 752,10",43%,3%,11%,57%
TUBARIS D1200 Гласслак белый,"33 847,30",43%,3%,11%,57%
TUBARIS Oval 2000 Керамогранит,"74 636,66",43%,3%,11%,57%
TUBARIS Oval 2200 Керамогранит,"76 472,86",43%,3%,11%,57%
TUBARIS Oval 2500 Керамогранит,"79 634,06",43%,3%,11%,57%
GENTRIS D80 (Трублин),"14 088,66",43%,3%,11%,57%
ТЕСТОВЫЕ РАСЧЁТЫ,,,,,
GENTRIS D90 (Трублин),"14 934,54",43%,3%,11%,57%
GENTRIS D80 МДФ (Трублин),"13 850,66",43%,3%,11%,57%
GENTRIS D90 МДФ (Трублин),"14 589,54",43%,3%,11%,57%
PROFIX D100 (TRUBIS L из профиля 10*20),"18 984,50",43%,3%,11%,57%
PROFIX D100 (из 10*20) Керамогранит,"34 793,06",43%,3%,11%,57%
PROFIX Oval 120,"20 404,06",43%,3%,11%,57%
PROFIX Oval 140,"20 871,94",43%,3%,11%,57%
PROFIX Oval 160,"22 030,82",43%,3%,11%,57%
PROFIX Oval 160 Керамический,"39 113,58",43%,3%,11%,57%
TRUBIS стеллаж с ЛДСП 25мм белый,"33 486,16",43%,3%,11%,57%
TRUBIS стеллаж с ЛДСП 25мм черный,"31 815,28",43%,3%,11%,57%
TRUBIS квадрат 90*90 ЛДСП,"19 717,30",43%,3%,11%,57%
TRUBIS квадрат 90*90 керамогранит,"31 725,66",43%,3%,11%,57%
TRUBIS L Max D90/120 х 90 Керамогранит,"46 381,26",43%,3%,11%,57%
GENTRIS L D100/130 х 100,"29 803,94",43%,3%,11%,57%
GENTRIS L D100/130 х 100 Керамогранит,"48 861,46",43%,3%,11%,57%
TUBARIS 2000*900 Керамогранит белый,"92 565,30",43%,3%,11%,57%
TUBARIS 2000*900 Керамогранит черный,"99 152,02",43%,3%,11%,57%
TUBARIS 2200*900 Керамогранит белый,"94 401,50",43%,3%,11%,57%
TUBARIS 2200*900 Керамогранит черный,"100 286,46",43%,3%,11%,57%
TUBARIS 2500*1000 Керамогранит белый,"97 562,70",43%,3%,11%,57%
TUBARIS 2500*1000 Керамогранит черный,"104 149,42",43%,3%,11%,57%
SELENTI D120 Керамогранит травертин,"65 392,62",43%,3%,11%,57%
SUNVIO D120 Керамогранит травертин,"63 640,30",43%,3%,11%,57%
GRESIO D120 Керамогранит травертин,"56 606,02",43%,3%,11%,57%
TULIPSO 180 Керамогранит,"51 249,06",43%,3%,11%,57%
VETVUM керамогранит (2000*900),"50 989,30",43%,3%,11%,57%
VELVES (2000*900),"26 540,46",43%,3%,11%,57%
OLIMIOS 1800*900,"54 973,06",43%,3%,11%,57%
Тумба 02 (стекл.полки),"28 077,26",43%,3%,11%,57%
Тумба 02 (лдсп полки),"26 200,06",43%,3%,11%,57%
"Стул 05 (4 ноги, спинка D32)","18 918,46",43%,3%,11%,57%
Тумба 03 (лдсп),"31 954,46",43%,3%,11%,57%
Тумба 01 (лдсп),"17 971,98",43%,3%,11%,57%
Стол жур.на стеклянных опорах,"13 717,58",43%,3%,11%,57%
КОМПЛЕКТЫ,,,,,
TRUBIS S 400 + TRUBIS M 600,"25 654,89",49%,3%,11%,63%
TRUBIS S 600 + TRUBIS M 600,"26 390,76",49%,3%,11%,63%
TRUBIS S 400 + TRUBIS M 800,"26 697,48",49%,3%,11%,63%
TRUBIS M 800 + RILONI,"22 687,76",49%,3%,11%,63%
TRUBIS M 600 + EVELUM,"21 464,74",49%,7%,11%,67%
TRUBIS M 600 + OZEVIS,"31 912,79",49%,7%,11%,67%
ARFEO 80 + ARKIS М,"20 054,74",49%,7%,11%,67%
ARFEO 80 + NOLVIS NF LED M (с),"15 894,68",49%,7%,11%,67%
HALFEO NF LED L(с) 3в1 + ZILOSI,"15 193,45",49%,7%,11%,67%
ARKIS NF LED L (c) + EVESA,"15 084,51",49%,7%,11%,67%
,,,,,
Перегородки,С\С общая,"Комиссия МП, %","Логистика МП, %","Реклама МП, %","Итого,
% OZON"
В ПРОДАЖЕ (стандарт),,,,,
2000*700 (прозрачное б/цв),"16 638,99",47%,5%,11%,63%
2000*800 (прозрачное б/цв),"17 413,15",47%,5%,11%,63%
2000*900 (прозрачное б/цв),"18 397,31",47%,5%,11%,63%
2000*1000 (прозрачное б/цв),"19 029,39",47%,5%,11%,63%
2200*700 (прозрачное б/цв),"17 725,23",47%,5%,11%,63%
2200*800 (прозрачное б/цв),"18 709,39",47%,5%,11%,63%
2200*900 (прозрачное б/цв),"19 683,55",47%,5%,11%,63%
2200*1000 (прозрачное б/цв),"20 567,71",47%,5%,11%,63%
2400*700 (прозрачное б/цв),"19 637,71",47%,5%,11%,63%
2400*800 (прозрачное б/цв),"20 977,27",47%,5%,11%,63%
2400*900 (прозрачное б/цв),"22 006,43",47%,5%,11%,63%
2400*1000 (прозрачное б/цв),"23 090,59",47%,5%,11%,63%
2000*700 (рифлёная плёнка),"19 081,01",47%,5%,11%,63%
2000*800 (рифлёная плёнка),"21 748,45",47%,5%,11%,63%
2000*900 (рифлёная плёнка),"22 602,37",47%,5%,11%,63%
2000*1000 (рифлёная плёнка),"23 400,21",47%,5%,11%,63%
2200*700 (рифлёная плёнка),"20 610,61",47%,5%,11%,63%
2200*800 (рифлёная  плёнка),"23 072,37",47%,5%,11%,63%
2200*900 (рифлёная плёнка),"24 070,21",47%,5%,11%,63%
2200*1000 (рифлёная плёнка),"25 131,97",47%,5%,11%,63%
2400*700 (рифлёная плёнка),"22 540,21",47%,5%,11%,63%
2400*800 (рифлёная плёнка),"25 362,65",47%,5%,11%,63%
2400*900 (рифлёная плёнка),"26 415,49",47%,5%,11%,63%
2400*1000 (рифлёная плёнка),"27 523,33",47%,5%,11%,63%
В ПРОДАЖЕ (премиум),,,,,
2000*700 (рифлёное б/цв),"26 207,62",47%,5%,11%,63%
2000*800 (рифлёное б/цв),"28 310,46",47%,5%,11%,63%
2000*900 (рифлёное б/цв),"30 462,34",47%,5%,11%,63%
2000*1000 (рифлёное б/цв),"32 664,18",47%,5%,11%,63%
2200*700 (рифлёное б/цв),"27 655,54",47%,5%,11%,63%
2200*800 (рифлёное б/цв),"30 709,34",47%,5%,11%,63%
2200*900 (рифлёное б/цв),"32 360,22",47%,5%,11%,63%
2200*1000 (рифлёное б/цв),"34 412,10",47%,5%,11%,63%
2400*700 (рифлёное б/цв),"30 558,26",47%,5%,11%,63%
2400*800 (рифлёное б/цв),"32 412,06",47%,5%,11%,63%
2400*900 (рифлёное б/цв),"34 913,90",47%,5%,11%,63%
2400*1000 (рифлёное б/цв),"38 067,70",47%,5%,11%,63%
2000*700 (матовое б/цв),"21 634,03",47%,5%,11%,63%
2000*800 (матовое б/цв),"23 159,27",47%,5%,11%,63%
2000*900 (матовое б/цв),"24 642,43",47%,5%,11%,63%
2000*1000 (матовое б/цв),"25 924,59",47%,5%,11%,63%
2200*700 (матовое б/цв),"22 622,11",47%,5%,11%,63%
2200*800 (матовое б/цв),"24 147,35",47%,5%,11%,63%
2200*900 (матовое б/цв),"25 771,59",47%,5%,11%,63%
2200*1000 (матовое б/цв),"27 154,75",47%,5%,11%,63%
2400*700 (матовое б/цв),"24 320,59",47%,5%,11%,63%
2400*800 (матовое б/цв),"25 987,91",47%,5%,11%,63%
2400*900 (матовое б/цв),"27 712,15",47%,5%,11%,63%
2400*1000 (матовое б/цв),"29 137,39",47%,5%,11%,63%
2000*700 (тонированное),"22 034,03",47%,5%,11%,63%
2000*800(тонированное),"23 459,27",47%,5%,11%,63%
2000*900 (тонированное),"25 042,43",47%,5%,11%,63%
2000*1000 (тонированное),"26 324,59",47%,5%,11%,63%
2200*700 (тонированное),"23 022,11",47%,5%,11%,63%
2200*800 (тонированное),"24 547,35",47%,5%,11%,63%
2200*900 (тонированное),"26 271,59",47%,5%,11%,63%
2200*1000 (тонированное),"27 654,75",47%,5%,11%,63%
2400*700 (тонированное),"24 720,59",47%,5%,11%,63%
2400*800 (тонированное),"26 387,91",47%,5%,11%,63%
2400*900 (тонированное),"28 212,15",47%,5%,11%,63%
2400*1000 (тонированное),"29 737,39",47%,5%,11%,63%
В ПРОДАЖЕ (реечные),,,,,
2000*685 (вертикальные рейки),"28 984,35",47%,5%,11%,63%
2000*820 (вертикальные рейки,"31 994,75",47%,5%,11%,63%
2000*910 (вертикальные рейки),"34 663,07",47%,5%,11%,63%
2000*1000 (вертикальные рейки),"36 889,31",47%,5%,11%,63%
2200*685 (вертикальные рейки),"31 394,75",47%,5%,11%,63%
2200*820 (вертикальные рейки,"34 320,99",47%,5%,11%,63%
2200*910 (вертикальные рейки),"37 231,39",47%,5%,11%,63%
2200*1000 (вертикальные рейки),"30 125,79",47%,5%,11%,63%
2400*685 (вертикальные рейки),"35 347,23",47%,5%,11%,63%
2400*820 (вертикальные рейки,"40 041,79",47%,5%,11%,63%
2400*910 (вертикальные рейки),"43 152,19",47%,5%,11%,63%
2400*1000 (вертикальные рейки),"46 062,59",47%,5%,11%,63%
1990*700 (горизонтальные рейки),"28 684,35",47%,5%,11%,63%
1990*800 (горизонтальные рейки,"31 694,75",47%,5%,11%,63%
1990*900 (горизонтальные рейки),"34 263,07",47%,5%,11%,63%
1990*1000 (горизонтальные рейки),"36 589,31",47%,5%,11%,63%
2170*700 (горизонтальные рейки),"31 194,75",47%,5%,11%,63%
2170*800 (горизонтальные рейки,"34 020,99",47%,5%,11%,63%
2170*900 (горизонтальные рейки),"36 931,39",47%,5%,11%,63%
2170*1000 (горизонтальные рейки),"39 641,79",47%,5%,11%,63%
2395*700 (горизонтальные рейки),"35 347,23",47%,5%,11%,63%
2395*800 (горизонтальные рейки,"40 041,79",47%,5%,11%,63%
2395*900 (горизонтальные рейки),"43 152,19",47%,5%,11%,63%
2395*1000 (вертикальные рейки),"46 062,59",47%,5%,11%,63%
,,,,,
,,,,,
(ГГС) Комплектующие (детали),С\С общая,"Комиссия МП, %","Логистика МП, %","Реклама МП, %","Итого,
% OZON"
В ПРОДАЖЕ,,,,,
Подстолье Трубис S D400,"10 082,88",47%,7%,11%,65%
Подстолье Трубис M D600,"13 214,88",47%,7%,11%,65%
Подстолье Трубис L D400,"12 395,88",47%,7%,11%,65%
Подстолье Трубис O 500,"13 427,28",47%,7%,11%,65%
Подстолье Трубис O 700,"16 383,88",47%,7%,11%,65%
Подстолье Трубис R (прям) 500,"16 218,88",47%,7%,11%,65%
Подстолье Трубис Clever 350,"8 287,00",47%,7%,11%,65%
Подстолье Трубис Console 370,"9 114,40",47%,7%,11%,65%
Подстолье ARFEO - 1 ножка,"8 495,40",47%,7%,11%,65%
Подстолье VIOLUR - 1 ножка,"5 841,40",47%,7%,11%,65%
Подстолье VIOLUR - 2 ножки,"10 592,40",47%,7%,11%,65%
Столешница Круг ЛДСП D600,"2 807,04",41%,7%,11%,59%
Столешка Круг ЛДСП D800,"3 454,64",41%,7%,11%,59%
Столешка Круг ЛДСП D900,"4 274,24",41%,7%,11%,59%
Столешка Круг ЛДСП D1000,"4 869,44",41%,7%,11%,59%
Столешка Круг ЛДСП D1100,"5 457,04",41%,7%,11%,59%
Столешка Круг ЛДСП D1200,"5 970,24",41%,7%,11%,59%
Столешка Овал ЛДСП 120,"5 243,44",41%,7%,11%,59%
Столешка Овал ЛДСП 140,"5 419,04",41%,7%,11%,59%
Столешка Овал ЛДСП 160,"6 146,64",41%,7%,11%,59%
Столешка Овал ЛДСП 180,"9 311,21",41%,7%,11%,59%
Столешка Овал ЛДСП 200,"10 265,45",41%,7%,11%,59%
ТЕСТОВЫЕ РАСЧЁТЫ,,,,,
Зеркальное полотно БР 1350*500 овал,"3 112,46",53%,7%,11%,71%
Зеркальное полотно БР 1540*440 овал,"3 528,01",53%,7%,11%,71%
Зеркальное полотно БР 1760*560 овал,"4 414,65",53%,7%,11%,71%
Зеркальное полотно БР 1790*590 овал,"4 642,97",53%,7%,11%,71%
Зеркальное полотно БР 1958*958 овал,"6 634,57",53%,7%,11%,71%
Зеркальное полотно БР 1590*790 полукруг,"5 191,29",53%,7%,11%,71%
Зеркальное полотно БР 2000*1000 полукруг,"8 306,17",53%,7%,11%,71%
Зеркальное полотно БР 1690*690 прямоуг,"3 966,33",53%,7%,11%,71%
Зеркальное полотно БР 1819*419 прямоуг,"3 189,69",53%,7%,11%,71%
Зеркальное полотно БР 1957*958 прямоуг,"5 191,29",53%,7%,11%,71%
Зеркальное полотно БР 1990*790 прямоуг,"4 971,29",53%,7%,11%,71%
Зеркальное полотно БР 1590*590 арка,"4 304,65",53%,7%,11%,71%
Зеркальное полотно БР 1790*790 арка,"5 191,29",53%,7%,11%,71%
Зеркальное полотно БР 1490*490 сотка,"3 528,01",53%,7%,11%,71%
Зеркальное полотно БР 1790*540 сотка,"4 422,97",53%,7%,11%,71%
Зеркальное полотно БР D790 круг,"3 409,69",53%,7%,11%,71%
Зеркальное полотно БР D1000 круг,"4 186,33",53%,7%,11%,71%
,,,,,
,,,,,15%
(ГГР) Розница GENGLASS,С\С общая,-,-,-,Бонус ДИЗ 15%
Зеркала в раме,-,-,-,-,-
KVADRUM M,"6 459,00",,,,#VALUE!
KVADRUM L,"8 769,00",,,,#VALUE!
ZELISO-2,"16 140,00",,,,#VALUE!
WINDIX,"29 099,00",,,,#VALUE!
WINDIX XL,"32 523,00",,,,#VALUE!
KATARIS L,"65 175,00",,,,#VALUE!
KATARIS XL,"73 175,00",,,,#VALUE!
HALFEUM,"8 725,00",,,,#VALUE!
KUVINUM,"9 475,00",,,,#VALUE!
KELUR,"5 475,00",,,,#VALUE!
KRAUGS,"5 475,00",,,,#VALUE!
,"0,00",,,,
Зеркала безрамные с подсветкой,-,-,-,-,-
SKYSO ,"8 988,00",,,,#VALUE!
SKYSO 2,"19 105,00",,,,#VALUE!
SKYSIS ,"0,00",,,,#VALUE!
NUVOLUR 140,"16 745,00",,,,#VALUE!
NUVOLUR 180,"26 790,00",,,,#VALUE!
FALENSO,"15 443,00",,,,#VALUE!
VENTOSSO,"17 195,00",,,,#VALUE!
NUVOLIS,"10 822,00",,,,#VALUE!
KAPSUS,"8 475,00",,,,#VALUE!
,"0,00",,,,
Столы,-,-,-,-,-
TRUBIS L400 Wood+Glass 1000,"33 219,00",,,,#VALUE!
TRUBIS XL500 Wood+Glass 1200,"44 569,00",,,,#VALUE!
TRUBIS Clever 900*900,"20 401,00",,,,#VALUE!
TUBARIS 2000*900 Керамогранит,"84 322,00",,,,#VALUE!
TUBARIS 2000*900 Керамогранит белый,"104 562,00",,,,#VALUE!
TUBARIS 2000*900 Керамогранит черный,"112 118,00",,,,#VALUE!
TUBARIS 2200*900 Керамогранит,"86 531,00",,,,#VALUE!
TUBARIS 2200*900 Керамогранит белый,"106 771,00",,,,#VALUE!
TUBARIS 2200*900 Керамогранит черный,"113 327,00",,,,#VALUE!
TUBARIS 2500*1000 Керамогранит,"90 065,00",,,,#VALUE!
TUBARIS 2500*1000 Керамогранит белый,"110 305,00",,,,#VALUE!
TUBARIS 2500*1000 Керамогранит черный,"117 861,00",,,,#VALUE!
Обеденный TRUBIS Glass ФП 180,"23 725,00",,,,#VALUE!
Обеденный TRUBIS Glass ФП 180 R150,"24 975,00",,,,#VALUE!
Рабочий TRUBIS Glass ФП 180,"26 975,00",,,,#VALUE!
Рабочий TRUBIS Glass ФП 180 R150,"27 725,00",,,,#VALUE!
TRUBIS Wood KVADRAT,"27 144,00",,,,#VALUE!
TRUBIS Wood Rectangle 160,"15 475,00",,,,#VALUE!
TRUBIS Wood Rectangle 180,"16 225,00",,,,#VALUE!
TRUBIS Wood Rectangle 200,"16 975,00",,,,#VALUE!
KSILIUM 200 Керамогранит белый,"73 849,00",,,,#VALUE!
TULIPSO Стекло,"19 975,00",,,,#VALUE!
TULIPSO 180 Керамогранит,"57 952,00",,,,#VALUE!
GRESIO D120 Керамогранит,"39 286,00",,,,#VALUE!
GRESIO D120 Керамогранит травертин,"63 980,00",,,,#VALUE!
SELENTI D120 Керамогранит,"49 191,00",,,,#VALUE!
SELENTI D120 Керамогранит травертин,"73 885,00",,,,#VALUE!
EQVILIS стекло тон.,"29 975,00",,,,#VALUE!
PINGUM,"8 691,00",,,,#VALUE!
DUPINGUM,"14 309,00",,,,#VALUE!
BEYSO Glass б\цв 180,"19 759,00",,,,#VALUE!
BEYSO Glass осв 180,"27 309,00",,,,#VALUE!
BEYSO Glass тон 180,"26 209,00",,,,#VALUE!
BEYSO Glass б\цв 160,"18 409,00",,,,#VALUE!
BEYSO Glass осв 160,"24 809,00",,,,#VALUE!
BEYSO Glass тон 160,"24 809,00",,,,#VALUE!
VETLIX Glass б\цв,"14 309,00",,,,#VALUE!
VETLIX Glass осв ,"29 009,00",,,,#VALUE!
IKSUM D120 Керамогранит,"41 241,00",,,,#VALUE!
KALURIS 200 Керамогранит,"96 394,00",,,,#VALUE!
MOANIX D120 Керамогранит,"40 658,00",,,,#VALUE!
SUNVIO D120 Керамогранит,"47 215,00",,,,#VALUE!
SUNVIO D120 Керамогранит травертин,"71 909,00",,,,#VALUE!
LINBOW Wood 2000*800,"28 725,00",,,,#VALUE!
LINBOW Glass 2000*800,"34 975,00",,,,#VALUE!
TEYDOR 1600*700,"13 725,00",,,,#VALUE!
ARFEO Duo 180,"12 225,00",,,,#VALUE!
ARFEO Duo 200,"12 475,00",,,,#VALUE!
RONDO ,"12 475,00",,,,#VALUE!
BAAKIS б\цв стекло 160,"11 225,00",,,,#VALUE!
BAAKIS б\цв стекло 180,"11 975,00",,,,#VALUE!
BAAKIS б\цв стекло 200,"12 475,00",,,,#VALUE!
BAAKIS осв стекло 160,"13 725,00",,,,#VALUE!
BAAKIS осв стекло 180,"14 475,00",,,,#VALUE!
BAAKIS осв стекло 200,"14 975,00",,,,#VALUE!
BAAKIS тон стекло 160,"13 725,00",,,,#VALUE!
BAAKIS тон стекло 180,"14 475,00",,,,#VALUE!
BAAKIS тон стекло 200,"14 975,00",,,,#VALUE!
BAAKIS матовое стекло 160,"12 475,00",,,,#VALUE!
BAAKIS матовое стекло 180,"13 225,00",,,,#VALUE!
BAAKIS матовое стекло 200,"13 725,00",,,,#VALUE!
YAKRIS D900,"12 225,00",,,,#VALUE!
YAKRIS D1000,"12 725,00",,,,#VALUE!
YAKRIS D1200,"13 725,00",,,,#VALUE!
AMELIX 2000*900,"9 975,00",,,,#VALUE!
FARFETTO матовое,"0,00",,,,#VALUE!
FARFETTOс ФП,"21 225,00",,,,#VALUE!
,"0,00",,,,
Столики,-,-,-,-,-
FORMEO,"4 134,00",,,,#VALUE!
KNISO,"5 915,00",,,,#VALUE!
EVULO,"6 165,00",,,,#VALUE!
EVEZER  нет чертежа,"7 330,00",,,,#VALUE!
HORSIX Wood,"6 562,00",,,,#VALUE!
HORSIX Metal,"4 894,00",,,,#VALUE!
EVEKIS Metal нет чертежа,"4 987,00",,,,#VALUE!
EVEKIS Wood нет чертежа,"4 937,00",,,,#VALUE!
TRUBIS S Wood 40,"6 991,00",,,,#VALUE!
TRUBIS S Wood 60,"7 857,00",,,,#VALUE!
ZINGEROSO Glass 1020*620,"8 725,00",,,,#VALUE!
SELMUS D400 ,"5 475,00",,,,#VALUE!
SELMUS D400 фотопечать,"6 725,00",,,,#VALUE!
STEELUXE,"0,00",,,,#VALUE!
CRYLOXAR,"0,00",,,,#VALUE!
,"0,00",,,,
Консоли,-,-,-,-,-
DUHORSIX High,"6 209,00",,,,#VALUE!
CUBISSO,"0,00",,,,#VALUE!
ETAZIUM,"0,00",,,,#VALUE!
SAILLIUR ,"0,00",,,,#VALUE!
CANTILUR ,"0,00",,,,#VALUE!
,"0,00",,,,
Стеллажи и полки,-,-,-,-,-
IKSONI,"14 225,00",,,,#VALUE!
LEVELIS,"16 225,00",,,,#VALUE!
AMFERIX,"12 475,00",,,,#VALUE!
ARKONIS,"22 475,00",,,,#VALUE!
TRUBIS стеллаж высокий,"16 225,00",,,,#VALUE!
LATTISUM,"0,00",,,,#VALUE!
ETAZIUM M,"0,00",,,,#VALUE!
DELFALE ,"0,00",,,,#VALUE!
GNUTUM 640 x 340,"4 225,00",,,,#VALUE!
,"0,00",,,,
Тумбы и комоды,-,-,-,-,-
CUBISSO,"0,00",,,,#VALUE!
ETAZIUM TUMBA ,"0,00",,,,#VALUE!
ETAZIUM TUMBA TV ,"0,00",,,,#VALUE!
LATTISO,"9 975,00",,,,#VALUE!
BOSCUR,"12 475,00",,,,#VALUE!
,,,,,
Мягкая мебель,-,-,-,-,-
Банкетка 1000*400*450h,"0,00",,,,#VALUE!
DUHORSIX Banket,"13 269,00",,,,#VALUE!
Стул Rudi white / black (пара 2шт),"17 155,00",,,,#VALUE!
,"0,00",,,,
Комплектующие,-,-,-,-,-
Подстолье Трубис S,"5 991,00",,,,#VALUE!
Подстолье Трубис Clever,"6 841,00",,,,#VALUE!
Подстолье Трубис (консоль),"5 491,00",,,,#VALUE!
Подстолье Трубис Клевер 450*450,"8 491,00",,,,#VALUE!
Подстолье Трубис Овал 800*400,"12 999,00",,,,#VALUE!
Подстолье Трубис XL D500,"9 199,00",,,,#VALUE!
Подстолье Трубис квадрат - R100 400*400,"7 441,00",,,,#VALUE!
Подстолье Трубис прямоуг - R100 792*396,"11 519,00",,,,#VALUE!
,"0,00",,,,
Тестовые расчёты ГГР,,,,,
KSILIUM 200 Керамогранит черный,"55 103,00",,,,#VALUE!
KSILIUM 200 Керамогранит бронза,"57 283,00",,,,#VALUE!
,,,,,
,,,,,
,,,,,10%
"(ГГВ) Розница VALONTI
(столешница \\ подстолье)",С\С общая,-,-,-,Бонус ДИЗ
Зеркала в раме,-,-,-,-,-
BOTEUF нержа Ш,"14 850,00",-,-,-,#VALUE!
BOTEUF нитрид З\Б Ш,"18 750,00",-,-,-,#VALUE!
BOTEUF нитрид чёрный Ш,"21 350,00",-,-,-,#VALUE!
CLARUSO нержа П,"23 170,00",-,-,-,#VALUE!
VOLNUR нержа П,,,,,
VOLNUM нержа П,"18 750,00",-,-,-,#VALUE!
KADRUF нержа Ш,"13 050,00",-,-,-,#VALUE!
VENTANUM 160 нитрид П,"14 350,00",-,-,-,#VALUE!
VENTANUM 200 нитрид П,"19 550,00",-,-,-,#VALUE!
MARKUF 1470*1100*40 нитрид,"18 250,00",-,-,-,#VALUE!
TUNGLUR 2000*800*40 нитрид,"17 470,00",-,-,-,#VALUE!
TUNGLUR 2200*1000*40 нитрид,"20 070,00",-,-,-,#VALUE!
KUMINUS 1800*550*40 нитрид,"14 350,00",-,-,-,#VALUE!
CERMINOS 1800*600*40 нержа,"11 750,00",-,-,-,#VALUE!
CERCHIOS D1000 нитрид,"13 570,00",-,-,-,#VALUE!
CERCHIOS D1200 нитрид,"16 170,00",-,-,-,#VALUE!
CERCHIOS D1500 нитрид,"20 070,00",-,-,-,#VALUE!
ARKULO нержа,"13 570,00",-,-,-,#VALUE!
ARKULO нержа,"17 470,00",-,-,-,#VALUE!
AUGASO,,,,,
Столы,-,-,-,-,-
AGISUM Oval 180 нержа П,"213 050,00",-,-,-,#VALUE!
AGISUM Oval 180 нитрид П,"240 250,00",-,-,-,#VALUE!
AGISUM Oval 200 нержа П,"233 200,00",-,-,-,#VALUE!
AGISUM Oval 200 нитрид П,"264 050,00",-,-,-,#VALUE!
AGISUM 200 нержа П,,,,,
AGISUM 200 нитрид П,,,,,
AGISU 220 нержа П,"242 100,00",-,-,-,#VALUE!
AGISU 220 нитрид П,"274 250,00",-,-,-,#VALUE!
AGISUR 120 нитрид П,"207 050,00",-,-,-,#VALUE!
AGISUR 120 нитрид П,"230 950,00",-,-,-,#VALUE!
TRUBIOS 200 SS нержа П,"259 250,00",-,-,-,#VALUE!
TRUBIOS 200 нитрид П,"292 050,00",-,-,-,#VALUE!
TRUBIOS 200 нитрид П,"323 550,00",-,-,-,#VALUE!
TRUBIOS S D120 нержа П,"104 250,00",-,-,-,#VALUE!
AGISUMUS 200 нержа П,"297 250,00",-,-,-,#VALUE!
CRYSSORA 200 нержа Ш,"279 250,00",-,-,-,#VALUE!
FERMITTO чёрная сталь + 10мм стемалит,"46 050,00",-,-,-,#VALUE!
AREOLUM D1500*750 нержа П,"316 050,00",-,-,-,#VALUE!
ELYSIUS D1600*750 нержа Ш,"262 850,00",-,-,-,#VALUE!
GLAXIS 2000*1000*750 нержа П,"136 200,00",-,-,-,#VALUE!
VANTORIA нержа ,"28 100,00",-,-,-,#VALUE!
AVIOSUM 1600*700*h750 \\ нержа?,"5 500,00",-,-,-,#VALUE!
Журнальные столики,-,-,-,-,-
AXILUR Mini чёрная сталь,"13 070,00",-,-,-,#VALUE!
AXILUR Maxi чёрная сталь,"16 970,00",-,-,-,#VALUE!
AXILUR (пара),"26 070,00",-,-,-,#VALUE!
ALURAX 1000*1000*h450 нержа П стекло + агломерат,"91 460,00",-,-,-,#VALUE!
CELOSIX 1000*1000*h600 (в ГГ?),"8 500,00",-,-,-,#VALUE!
"JADOREX d1000*h450 + d800*h350 нержа П, стекло + стекло","103 000,00",-,-,-,#VALUE!
"JADOREX d1000*h450 + d800*h350 нитрид П, стекло + стекло","152 100,00",-,-,-,#VALUE!
"JADOREX d1000*h450 + d800*h350 нитрид П, стекло + агломерат","184 900,00",-,-,-,#VALUE!
VELARION нержа П стекло + стекло,"64 250,00",-,-,-,#VALUE!
VELARION нитрид П стекло + стекло,"90 750,00",-,-,-,#VALUE!
KRABOS  нержа Ш стекло + агломерат,"117 150,00",-,-,-,#VALUE!
BELAHIS 800*800*h400 + 600*600*h450 нержа П стекло + стекло,"65 950,00",-,-,-,#VALUE!
BELAHIS 800*800*h400 + 600*600*h450 нитрид П стекло + агломерат,"124 950,00",-,-,-,#VALUE!
ESTRELLUM чёрная сталь,"20 635,00",-,-,-,#VALUE!
FIRMISSUM d1000*h450 + 800*600*h350,"22 360,00",-,-,-,#VALUE!
AKILUM d1250*h350 + d900*h450,"27 715,00",-,-,-,#VALUE!
LIVELIX h600/440*440 \\ нержа?,"2 000,00",-,-,-,#VALUE!
Консоли,-,-,-,-,-
SPALUR 1600*350*h900 нержа Ш,"31 850,00",-,-,-,#VALUE!
CRYSSOR 1200*400*h850 чёрная сталь (?),"25 250,00",-,-,-,#VALUE!
FIAMIS чёрная сталь,"0,00",-,-,-,#VALUE!
SPAZIUM нержа П ,"0,00",-,-,-,#VALUE!
ITAFIS нержа П ,"21 550,00",-,-,-,#VALUE!
ITAFISO нержа П ,"25 450,00",-,-,-,#VALUE!
Стеллажи,-,-,-,-,-
CLIPELIS нержа П ,"38 600,00",-,-,-,#VALUE!
ALITUM чёрная сталь,"0,00",-,-,-,#VALUE!
ARANIX нержа П,"51 900,00",-,-,-,#VALUE!
NOLVUM нержа П,"49 000,00",-,-,-,#VALUE!
SPESSUM нержа П,"36 300,00",-,-,-,#VALUE!
HILLFO чёрная сталь,"56 600,00",-,-,-,#VALUE!
LAMIUS нержа П,"60 050,00",-,-,-,#VALUE!
ARMODIUM нержа ,"44 100,00",-,-,-,#VALUE!
PAVILY нитрид,,,,,
"HILLFO h2800, L1800/300 чёрная сталь","25 400,00",-,-,-,#VALUE!
Вешалки,-,-,-,-,-
FORSIX ,"12 400,00",-,-,-,#VALUE!
HORCUR,"14 350,00",-,-,-,#VALUE!
VEIFUR нержа,"0,00",-,-,-,#VALUE!
Перегородки ,-,-,-,-,-
AMAMEL нержа П (перегородка из 2шт),"0,00",-,-,-,#VALUE!
EVELUS нержа Ш (перегородка из 3шт),"0,00",-,-,-,#VALUE!
SEWONA сталь М (перегородка из 4шт),"0,00",-,-,-,#VALUE!