order,vedomost,offer,shipped,status,ship,buyer,tags
18323754-0265-1,М26-3645,GGT-03-2-4-E-16080,22 июля,ОТМЕНЕН,,2699.0,Яндекс
51902799873,,GGM-01-2,2 сентября,Доставлен,4202.29,,"Яндекс, Рекламация"
51925738562,М26-3753,GGTW-03-18090,29 июля,Доставлен,,3354.0,"Яндекс, Рекламация"
53159428483,,GGM-04-1,6 апреля,Вернули на склад,,,"Яндекс, Рекламация"
53893441411,М26-3651,GGTW-02-20090,23 июля,Доставлен,7686.0,,"Яндекс, Рекламация, ПЭК"
54234425283,М26-573,GGT-03-3-3-O-20090,3 марта,Вернули на склад,8243.0,,"Яндекс, Рекламация, ПЭК"
54532479040,М26-3238,GGTW-02-d110,30 июня,Доставлен,2228.0,,"Яндекс, Рекламация, ПЭК"
54635558850,М26-812,GGT-03-2-5-E-14080,3 марта,ОТМЕНЕН,,3500.0,Яндекс
54812696769,М26-3294,GGTW-03-14080,2 июля,Доставлен,,,Яндекс
54966977793,М26-945,GGT-03-2-1-O-18090,12 марта,ОТМЕНЕН,,2500.0,Яндекс
56097778307,М26-1608,GGT-35-2-2-100-180,22 апреля,ОТМЕНЕН,,1000.0,Яндекс
56121864322,М26-1640,GGT-03-1-5-E-14080,1 мая,Доставлен,3043.9,1500.0,Яндекс
56127585986,М26-1643,GGT-35-1-3-100-180,14 мая,Доставлен,4829.98,2500.0,Яндекс
56140908675,М26-1647,GGT-35-2-3-100-180,14 мая,Доставлен,4640.88,2000.0,Яндекс
56145796865,М26-1653,GGT-35-2-3-100-180,14 мая,Доставлен,4390.78,2000.0,Яндекс
56167901954,М26-1677,GGT-35-2-3-100-180,14 мая,Доставлен,4640.88,3500.0,Яндекс
56171140803,М26-1681,GGT-35-1-3-100-180,18 мая,Доставлен,5410.09,3700.0,Яндекс
56173286529,М26-1685,GGT-35-1-3-100-180,18 мая,Доставлен,6736.09,3700.0,Яндекс
56181812802,М26-1690,GGT-03-3-5-E-14080,1 мая,Доставлен,4495.7,3500.0,Яндекс
56181812802,М26-2651,GGTW-05-14080,2 июня,Доставлен,4489.0,,"Яндекс, Рекламация"
56217170752,М26-1725,GGT-35-1-3-100-180,21 мая,ОТМЕНЕН,,3000.0,Яндекс
56218213698,М26-1732,GGT-35-2-3-100-180,21 мая,Доставлен,4836.08,3500.0,Яндекс
56233996545,М26-1739,GGT-35-2-3-100-180,13 мая,Собственная доставка,,2500.0,Яндекс
56247345475,М26-1745,GGT-35-1-3-100-180,22 мая,Доставлен,5537.58,3500.0,Яндекс
56255091011,М26-1748,GGT-03-2-2-L-100,21 апреля,Доставлен,5810.51,3500.0,"Яндекс, ПЭК"
56256574210,М26-1750,GGT-35-2-3-100-180,20 мая,Собственная доставка,,2000.0,Яндекс
56266187328,М26-1754,GGT-35-3-3-100-180,21 мая,Доставлен,5610.78,3500.0,Яндекс
56295418691,М26-1777,GGT-03-2-5-E-12080,23 апреля,Доставлен,4604.28,3500.0,Яндекс
56300736128,М26-1782,GGT-35-2-2-100-180,14 мая,Доставлен,4768.98,4000.0,Яндекс
56327566146,М26-1805,GGT-03-1-3-E-16080,25 апреля,Доставлен,4616.48,3500.0,Яндекс
56357032385,М26-1830,GGT-35-1-2-100-180,22 мая,Доставлен,5519.28,3500.0,Яндекс
56367685123,М26-1837,GGT-35-1-2-100-180,23 мая,Доставлен,3359.88,2000.0,Яндекс
56369579203,М26-1838,GGT-03-3-3-E-14080,24 апреля,Доставлен,5571.0,3500.0,"Яндекс, ПЭК"
56372479747,М26-1855,GGT-03-2-1-O-20090,27 апреля,Доставлен,4605.42,3500.0,"Яндекс, ПЭК"
56372721536,М26-1856,GGT-03-3-5-E-16080-K,27 апреля,Доставлен,3458.8,1500.0,"Яндекс, ПЭК"
56385276610,М26-1858,GGT-35-2-2-100-180,23 мая,Доставлен,3359.88,2500.0,Яндекс
56392764865,М26-1861,GGT-35-2-3-100-180,21 мая,Доставлен,,3500.0,Яндекс
56409548738,М26-1899,GGT-03-3-4-E-16080,28 апреля,Доставлен,4959.3,3500.0,Яндекс
56421766016,М26-1901,GGT-35-1-2-100-180,22 мая,Доставлен,5519.28,3500.0,Яндекс
56421843584,М26-1902,GGT-03-3-3-O-18090,28 апреля,Доставлен,6069.0,3500.0,"Яндекс, ПЭК"
56423321923,М26-1903,GGT-35-1-3-100-180,21 мая,Доставлен,3031.7,2000.0,Яндекс
56423321923,М26-3374,Подстолье KONUX,7 июля,Доставлен,,,"Яндекс, СДЭК"
56432409728,М26-1904,GGT-20-1-5-14080,1 мая,Доставлен,3294.0,3500.0,Яндекс
56433162881,М26-1905,GGT-35-2-2-100-180,22 мая,Доставлен,5610.78,3500.0,Яндекс
56439866560,М26-1906,GGT-03-2-1-O-20090,28 апреля,Доставлен,6430.0,3500.0,"Яндекс, ПЭК"
56442450882,М26-1907,GGT-03-3-3-L-120,1 мая,Доставлен,4976.38,3500.0,Яндекс
56442450882,М26-2287,GGT-03-3-3-L-120,14 мая,Доставлен,4735.09,,"Яндекс, Рекламация, ПЭК"
56442764032,М26-1908,GGT-35-1-2-100-180,25 мая,Доставлен,3359.88,2000.0,Яндекс
56450479936,М26-1910,GGT-03-3-1-E-16080,28 апреля,Доставлен,4379.77,3500.0,Яндекс
56461172736,М26-1912,GGT-35-1-3-100-180,25 мая,Доставлен,3359.88,2000.0,Яндекс
56470952321,М26-1913,GGT-35-1-3-100-180,25 мая,Доставлен,3359.88,2500.0,Яндекс
56482711872,М26-1915,GGT-03-2-1-E-14080,28 апреля,Доставлен,5535.0,4000.0,"Яндекс, ПЭК"
56483929475,М26-1922,2шт GGT-03-1-3-O-20090,1 мая,Доставлен,6380.6,4500.0,Яндекс
56484576256,М26-1923,GGT-03-3-1-E-16080,28 апреля,Доставлен,4320.5,3500.0,"Яндекс, ПЭК"
56494825474,,GGM-17-1-2,30 апреля,Доставлен,3598.39,1200.0,Яндекс
56507776000,М26-1952,GGT-03-3-5-O-18090,14 мая,ОТМЕНЕН,,3500.0,Яндекс
56510995904,,GGM-02-3-2,30 апреля,Доставлен,4580.49,2000.0,Яндекс
56516093185,М26-1955,GGT-03-2-1-O-20090,29 апреля,Доставлен,3031.7,1500.0,Яндекс
56531022145,М26-1963,GGT-03-3-3-L-80,30 апреля,Доставлен,3043.9,2000.0,Яндекс
56535488256,М26-1964,GGT-03-2-2-R-120-160-80,30 апреля,Доставлен,3043.9,2000.0,Яндекс
56543135488,НМ26-34,GGT-03-3-5-O-20090-K,6 мая,Доставлен,12418.0,3500.0,"Яндекс, ПЭК"
56553832835,М26-1977,GGT-03-2-2-E-14080,30 апреля,Доставлен,3043.9,2000.0,Яндекс
56558433922,М26-1978,GGT-03-2-5-E-16080-K,30 апреля,Доставлен,3860.0,2000.0,"Яндекс, ПЭК"
56563329728,М26-1981,GGT-03-3-5-O-18090,14 мая,Доставлен,4659.18,3500.0,Яндекс
56563329728,М26-2503,GGTW-05-18090,26 мая,Доставлен,4415.79,,"Яндекс, Рекламация"
56563946370,,GGM-01-2,7 мая,Собственная доставка,,1200.0,Яндекс
56569394624,М26-1990,GGT-03-2-5-E-16080-K,4 мая,Доставлен,4314.36,3500.0,"Яндекс, ПЭК"
56572838785,М26-1991,GGT-35-1-2-100-180,22 мая,Доставлен,4646.98,3500.0,Яндекс
56579552448,М26-1992,GGT-03-2-1-O-18090,1 мая,Доставлен,3037.8,1500.0,Яндекс
56587699072,М26-1993,GGT-03-1-5-E-16080,1 мая,Доставлен,3043.9,1500.0,Яндекс
56589515585,НС26-127,GGM-08-1-M-LED,28 мая,Собственная доставка,,1500.0,Яндекс
56590118400,НМ26-38,GGR-11-4,21 мая,Доставлен,6459.29,3500.0,Яндекс
56592403840,М26-2000,GGT-35-1-2-100-180,22 мая,Доставлен,3359.88,2000.0,Яндекс
56603865859,М26-2085,GGT-03-3-5-E-12080,6 мая,Доставлен,3573.38,2700.0,Яндекс
56605623939,М26-2086,GGT-03-2-2-E-14080,6 мая,Доставлен,4366.38,4000.0,Яндекс
56626756611,М26-2087,2шт GGT-03-2-2-E-12080,7 мая,Доставлен,3602.66,2000.0,Яндекс
56639908033,М26-2089 М26-2090,GGT-03-2-4-O-18090 GGT-03-3-1-E-14080,6 мая,Доставлен,5920.66,3500.0,Яндекс
56641591043,М26-2091,GGT-03-2-1-O-18090,6 мая,Доставлен,5677.88,3500.0,Яндекс
56666666178,М26-2092,GGT-03-1-5-O-20090,6 мая,Доставлен,5086.18,3500.0,Яндекс
56667943234,М26-2093,GGT-35-2-3-100-180,25 мая,Доставлен,,3500.0,Яндекс
56667943234,М26-2655,"подстолье KONUX, черное, комплект из 2шт",3 июня,Доставлен,5347.5,,"Яндекс, Рекламация"
56671527360,М26-2094,GGT-03-2-2-O-18090,6 мая,Доставлен,4512.78,3500.0,Яндекс
56676988034,М26-2096,GGT-35-1-3-100-180,25 мая,Доставлен,4073.58,3100.0,Яндекс
56677613506,М26-2097,GGT-35-1-3-100-180,25 мая,Доставлен,5665.68,3500.0,Яндекс
56702424896,М26-2095,GGT-03-2-5-E-12080,6 мая,Вернули на склад,6757.58,4000.0,Яндекс
56702424896,М26-2500,GGT-03-2-5-E-12080,26 мая,Доставлен,6757.58,,Яндекс
56723912578,М26-2099,GGT-03-3-3-L-100,7 мая,Доставлен,3256.18,2000.0,Яндекс
56742031809,М26-2104,GGT-03-3-5-E-12080,7 мая,Доставлен,4354.18,4000.0,Яндекс
56749485825,М26-2105,GGT-03-3-3-O-20090,7 мая,ОТМЕНЕН,,3500.0,Яндекс
56758515842,М26-2116,GGT-03-3-3-E-14080,15 мая,Доставлен,,2000.0,Яндекс
56762030337,М26-2117,GGT-03-3-3-O-20090,7 мая,Доставлен,5250.88,3500.0,Яндекс
56789915459,С26-712,B-100-150-9003,7 мая,Доставлен,3174.1,3500.0,"Яндекс, ПЭК"
56793588737,,GGM-18-1-2,7 мая,Доставлен,3445.89,1200.0,Яндекс
56813553410,М26-2144,GGT-03-2-2-E-16080,13 мая,Доставлен,5031.28,3500.0,Яндекс
56813960768,М26-2145,GGT-03-2-4-E-14080,13 мая,Доставлен,5848.68,3500.0,Яндекс
56825892867,М26-2146,GGT-03-3-3-O-18090,8 мая,Доставлен,5677.88,4000.0,Яндекс
56828946307,М26-2147,GGT-03-1-2-E-12080,13 мая,Доставлен,5848.68,4000.0,Яндекс
56833574786,М26-2148,GGT-05-B-160-90,15 мая,Доставлен,6477.34,4500.0,Яндекс
56836066755,М26-2149,GGT-20-2-2-16080,14 мая,Собственная доставка,,800.0,Яндекс
56853479808,М26-2164,GGT-35-1-3-100-180,27 мая,Доставлен,6908.91,3500.0,"Яндекс, ПЭК"
56864253122,М26-2171,2шт GGKP-02-1,13 мая,Доставлен,7315.55,1500.0,"Яндекс, ПЭК"
56874450688,М26-2180,GGT-20-2-5-16080,13 мая,Доставлен,4287.08,3500.0,Яндекс
56880980931,М26-2232,GGT-20-1-3-18090,13 мая,Доставлен,4396.88,3500.0,Яндекс
56881048579,М26-2233,GGT-03-1-5-E-16080-K,14 мая,Доставлен,4014.52,3500.0,"Яндекс, ПЭК"
56886424515,М26-2235,GGT-03-1-3-R-140-170-90,15 мая,Доставлен,5470.48,4100.0,Яндекс
56893679616,М26-2236,GGT-20-1-3-18090,14 мая,Доставлен,6569.09,3500.0,Яндекс
56923450688,М26-2237,GGT-03-3-5-E-16080-K,14 мая,Доставлен,3806.09,2500.0,"Яндекс, ПЭК"
56926339648,М26-2238,GGT-03-3-5-O-18090,14 мая,Доставлен,3372.08,1500.0,Яндекс
56928588226,М26-2239,GGT-03-3-1-O-18090,14 мая,Доставлен,4409.08,3500.0,Яндекс
56945201795,М26-2240,GGK-02-1-4-120,14 мая,ОТМЕНЕН,3970.49,2500.0,Яндекс
56955353730,М26-2241,GGT-03-3-3-E-12080,14 мая,Доставлен,5321.26,4500.0,"Яндекс, ПЭК"
56967173314,М26-2242,GGT-03-2-1-O-18090,14 мая,Доставлен,4409.08,3500.0,Яндекс
56977962498,М26-2243,GGT-05-B-160-90,18 мая,Доставлен,3903.55,2500.0,"Яндекс, ПЭК"
56999881858,М26-2244,GGT-35-3-3-100-180,1 июня,Доставлен,4646.98,3500.0,Яндекс
56999944387,М26-2245,GGT-03-2-3-R-120-160-80,18 мая,Доставлен,3712.83,3500.0,"Яндекс, ПЭК"
57003903552,С26-743,B-100-150-9003,14 мая,Собственная доставка,,1500.0,Яндекс
57010680449,М26-2272,GGT-03-2-1-E-14080,14 мая,Доставлен,4531.69,3500.0,Яндекс
57013775938,М26-2273,GGT-35-1-3-100-180,2 июня,Доставлен,5610.78,3500.0,Яндекс
57047494849,М26-2293,GGT-03-2-2-E-16080,19 мая,Доставлен,4445.68,3500.0,Яндекс
57049015680,М26-2294,GGT-03-2-2-O-20090,15 мая,Доставлен,4421.28,3500.0,Яндекс
57052694272,М26-2295,GGT-03-1-2-E-14080,15 мая,Доставлен,3524.58,3000.0,Яндекс
57057911233,М26-2296,GGT-03-2-2-E-12080,15 мая,Доставлен,4744.58,3500.0,Яндекс
57061131522,М26-2298,GGT-03-3-1-E-14080,15 мая,Доставлен,5037.38,3500.0,Яндекс
57062209153,М26-2299,GGT-03-2-2-L-90-12090,20 мая,Собственная доставка,,1500.0,Яндекс
57062249408,,GGM-16-2-2,18 мая,Доставлен,,1200.0,Яндекс
57076579395,М26-2318,GGT-35-3-3-100-180,4 июня,Доставлен,3359.88,2000.0,Яндекс
57085674947,М26-2319,GGT-35-2-2-100-180,4 июня,Доставлен,3561.18,2500.0,Яндекс
57087204739,М26-2315,GGT-03-2-4-E-16080,16 мая,Вернули на склад,4421.58,3500.0,Яндекс
57089513347,М26-2316,GGT-03-3-1-E-16080,16 мая,Вернули на склад,4354.18,3500.0,Яндекс
57089513347,М26-2726,GGT-03-3-1-E-16080,5 июня,Доставлен,4348.08,,"Яндекс, Рекламация"
57106052162,М26-2317,GGT-03-2-3-E-12080,16 мая,Доставлен,5019.08,3500.0,Яндекс
57114642050,М26-2329,GGT-03-3-5-E-16080,18 мая,Доставлен,5513.18,4000.0,Яндекс
57135157633,М26-2366,GGT-03-2-5-E-16080,19 мая,Доставлен,3329.38,1500.0,Яндекс
57135990017,С26-773,B-90-120-9003,19 мая,Доставлен,6427.18,3500.0,"Яндекс, ПЭК"
57135990017,С26-874,B-90-120-9003,29 мая,Доставлен,4921.84,,"Яндекс, ПЭК"
57143451715,М26-2367,GGT-03-3-3-L-110,19 мая,Доставлен,4299.28,4000.0,Яндекс
57150156227,М26-2368,GGT-35-2-2-100-180,5 июня,Доставлен,5665.68,3500.0,Яндекс
57153439617,М26-2369,GGT-35-1-3-100-180,5 июня,Доставлен,5061.78,3500.0,Яндекс
57154805249,М26-2374,GGT-35-3-3-100-180,9 июня,Собственная доставка,,2000.0,Яндекс
57176423680,М26-2375,GGT-03-1-3-E-14080,19 мая,Вернули на склад,5403.38,3900.0,Яндекс
57177849219,М26-2376,GGT-03-3-5-M-80,21 мая,Собственная доставка,,1500.0,Яндекс
57180444099,М26-2377,GGT-03-2-5-E-14080,19 мая,Доставлен,5574.18,3500.0,Яндекс
57200752386,С26-774,GGL-08-2,5 июня,Доставлен,5560.63,1600.0,"Яндекс, ПЭК"
57207538625,М26-2378,GGT-03-3-5-E-16080-K,19 мая,Доставлен,4296.4,3500.0,"Яндекс, ПЭК"
57207782275,М26-2379,GGT-03-2-4-E-16080,19 мая,Доставлен,4415.18,3500.0,Яндекс
57213302784,М26-2383,GGT-35-2-2-100-180,10 июня,Собственная доставка,,2000.0,Яндекс
57231253249,М26-2387,GGT-03-3-3-L-120,21 мая,Доставлен,4402.98,3900.0,Яндекс
57231253249,М26-2604,GGTW-03-d120,2 июня,Доставлен,3295.78,,"Яндекс, Рекламация, ПЭК"
57231253249,М26-2947,GGTW-03-d120,17 июня,Доставлен,5834.0,,"Яндекс, Рекламация, СДЭК"
57249746817,М26-2397,GGT-03-3-1-L-100,25 мая,Собственная доставка,,1500.0,Яндекс
57254910657,М26-2401,GGT-03-4-3-L-100,26 мая,Доставлен,4543.28,3500.0,Яндекс
57259710338,М26-2403,GGT-03-3-5-M-100,21 мая,Доставлен,3512.38,2500.0,Яндекс
57266084674,М26-2413,GGT-35-2-2-100-180,10 июня,Доставлен,3561.18,2500.0,Яндекс
57269851267,С26-788,B-100-200-9003,22 мая,Доставлен,4714.5,1500.0,"Яндекс, ПЭК"
57271458817,М26-2414,GGT-03-3-5-E-16080,21 мая,Доставлен,4805.58,3500.0,Яндекс
57272208065,С26-789,GGL-09-2,22 мая,Доставлен,3099.81,1500.0,"Яндекс, ПЭК"
57290591235,С26-790,GGL-01-M-6000-1,22 мая,Вернули на склад,3079.38,2000.0,"Яндекс, ПЭК"
57309540546,М26-2433,GGT-20-3-5-14080,22 мая,Доставлен,4549.38,3500.0,Яндекс
57325337793,М26-2435,GGT-20-2-3-14080,22 мая,Доставлен,5342.38,3500.0,Яндекс
57335687297,М26-2450,GGT-03-3-5-E-16080-K,25 мая,Доставлен,4375.21,4000.0,"Яндекс, ПЭК"
57338486337,М26-2453,GGT-03-1-5-E-16080-K,25 мая,ОТМЕНЕН,3136.9,1500.0,"Яндекс, ПЭК"
57340686915,М26-2454,GGT-03-1-5-E-14080,25 мая,Доставлен,5641.28,3500.0,Яндекс
57341890880,М26-2455,GGT-05-B-160-90,25 мая,Доставлен,4593.23,2500.0,"Яндекс, ПЭК"
57377028416,С26-820,GGL-08-2,10 июня,Доставлен,3324.14,2500.0,"Яндекс, ПЭК"
57381127682,М26-2494,GGT-03-3-3-O-18090,26 мая,Доставлен,3160.44,2500.0,"Яндекс, ПЭК"
57385379138,М26-2495,GGT-03-3-5-E-16080-K,26 мая,Доставлен,4699.59,3500.0,"Яндекс, ПЭК"
57404748736,М26-2496,GGT-03-1-5-E-16080,26 мая,Доставлен,5507.08,3500.0,Яндекс
57408920897,М26-2497,GGT-03-1-5-E-16080,26 мая,Доставлен,4085.78,2500.0,Яндекс
57459565058,М26-2499,GGTP-20-3x2,26 мая,Доставлен,3006.03,2500.0,"Яндекс, ПЭК"
57477928833,М26-2509,GGT-03-3-1-E-16080,27 мая,ОТМЕНЕН,,,Яндекс
57482606721,М26-2510,GGT-20-2-5-14080,27 мая,Доставлен,4366.38,3500.0,Яндекс
57487229633,М26-2511,GGT-03-3-3-E-12080,27 мая,Доставлен,4354.18,4000.0,Яндекс
57489195907,М26-2512,GGT-03-3-3-E-12080,27 мая,Доставлен,4354.18,3500.0,Яндекс
57489862656,М26-2513,GGT-03-2-2-L-90-12090,27 мая,Доставлен,5622.79,3500.0,"Яндекс, ПЭК"
57496777091,М26-2525,GGT-05-B-180-90,28 мая,Доставлен,4977.0,3500.0,"Яндекс, ПЭК"
57498378945,М26-2524,GGT-03-3-1-E-16080,27 мая,Доставлен,3304.98,2500.0,Яндекс
57504374787,М26-2544,GGT-03-3-5-E-14080,28 мая,Доставлен,4043.08,2500.0,Яндекс
57505233920,М26-2545,GGT-03-2-1-O-20090,28 мая,Доставлен,5543.68,3500.0,Яндекс
57505233920,М26-2883,GGTW-01-20090,15 июня,Доставлен,3788.0,,"Яндекс, Рекламация, ПЭК"
57505233920,М26-3372,GGTW-01-20090,7 июля,Доставлен,,,"Яндекс, СДЭК"
57508895811,М26-2546,GGT-03-3-3-R-120-160-80,28 мая,Доставлен,3317.18,1500.0,Яндекс
57524454976,С26-866,B-100-200-9003,28 мая,Доставлен,4538.5,2100.0,"Яндекс, ПЭК"
57532756353,М26-2550,GGK-02-1-4-100,29 мая,Доставлен,1902.59,3500.0,Яндекс
57550238272,М26-2558,GGT-03-2-5-L-120,29 мая,Доставлен,3274.48,2000.0,Яндекс
57554429632,М26-2559,GGT-03-2-2-E-12080,29 мая,Доставлен,3317.18,2000.0,Яндекс
57555934080 57557056640,М26-2560 М26-2564,GGT-03-2-2-E-12080 GGK-02-1-4-100,29 мая,Доставлен,3450.77,3500.0,Яндекс
57557638016,М26-2565,GGT-03-2-2-E-12080,15 июня,Доставлен,3317.18,1500.0,Яндекс
57566581507,М26-2569,GGT-03-2-2-E-16080,29 мая,Доставлен,4366.08,3500.0,Яндекс
57568516162,М26-2571,GGT-03-2-1-E-14080,29 мая,Доставлен,4024.78,2500.0,Яндекс
57572988675,М26-2582,GGT-03-2-6-R-120-160-80,29 мая,Доставлен,3335.48,1500.0,Яндекс
57584004291,М26-2594,GGT-03-3-1-E-14080,1 июня,Доставлен,5025.18,4000.0,Яндекс
57608242755,М26-2605,GGT-03-1-2-E-12080,1 июня,Доставлен,3317.18,1500.0,Яндекс
57613639937,М26-2631,GGT-03-1-3-E-16080,2 июня,Доставлен,5404.0,3500.0,Яндекс
57614488003,М26-2642,GGT-35-3-3-100-180,22 июня,Доставлен,6659.0,3500.0,"Яндекс, СДЭК"
57656602625,М26-2632,GGT-03-3-4-E-14080,2 июня,Доставлен,4855.0,3500.0,Яндекс
57661008643,М26-2640,GGT-03-3-3-O-18090,2 июня,Вернули на склад,3390.38,1500.0,Яндекс
57678979331,М26-2641,GGT-03-3-4-L-80,2 июня,Доставлен,4190.0,3500.0,Яндекс
57717214016,С26-898,B-90-120-9003,3 июня,Доставлен,3216.73,3500.0,"Яндекс, ПЭК"
57744525952,М26-2700,GGT-03-1-3-E-12080,4 июня,Доставлен,5397.28,3900.0,Яндекс
57745865346,М26-2702,GGT-35-2-2-100-180,23 июня,Доставлен,6695.58,4500.0,Яндекс
57786500291,М26-2720,GGT-03-1-3-E-16080,5 июня,Доставлен,5195.98,4100.0,Яндекс
57814479234,М26-2727,GGKP-06-1,5 июня,Доставлен,1310.89,1500.0,Яндекс
57815787904,М26-2729,GGT-20-1-5-16080,5 июня,Доставлен,6708.68,3500.0,Яндекс
57837517698,М26-2741,GGT-03-2-4-E-16080,8 июня,Доставлен,3329.38,1500.0,Яндекс
57877605440,М26-2771,GGT-03-3-3-L-120,9 июня,Доставлен,5141.08,3500.0,Яндекс
57881356802,М26-2772,GGT-03-2-3-O-18090,9 июня,Доставлен,5549.78,3500.0,Яндекс
57883347715,М26-2773,GGT-03-3-3-E-14080,10 июня,Доставлен,5528.22,5000.0,"Яндекс, ПЭК"
57886485379,М26-2774,GGT-03-3-3-O-18090,9 июня,Доставлен,4488.38,3500.0,Яндекс
57911481600,М26-2775,GGT-03-2-2-E-14080,9 июня,Доставлен,3298.88,2500.0,Яндекс
57953248384,М26-2801,GGT-03-2-2-E-12080,10 июня,Доставлен,4030.88,2500.0,Яндекс
57956860866,М26-2802,GGT-03-2-4-O-18090,10 июня,Доставлен,5238.68,3500.0,Яндекс
57985595458,М26-2837,GGT-20-2-5-20090,11 июня,Доставлен,4140.68,2500.0,Яндекс
57995705409,М26-2839,GGT-03-2-2-O-20090,11 июня,Доставлен,5855.48,3500.0,"Яндекс, ПЭК"
58009728131,М26-2843,GGT-03-2-2-E-14080,11 июня,Доставлен,3323.28,1500.0,Яндекс
58012567680,М26-2847,GGTP-03-3-E,11 июня,Доставлен,2530.89,1500.0,Яндекс
58018762115,М26-2852,GGT-20-2-1-20090,11 июня,Доставлен,5025.18,3500.0,Яндекс
58021429504,М26-2855,GGT-03-3-1-L-100,11 июня,Доставлен,4299.28,3500.0,Яндекс
58025164097,М26-2861,GGT-03-2-4-E-14080,15 июня,Доставлен,3524.58,3000.0,Яндекс
58030309827,М26-2862,GGT-20-1-5-20090,15 июня,Вернули на склад,6739.28,3500.0,Яндекс
58032679810,М26-2870,GGT-35-1-2-100-180,1 июля,Доставлен,6539.2,4000.0,Яндекс
58032679810,М26-3419,Столешница KONUX,9 июля,Возвращается ЛК,,,"Яндекс, СДЭК"
58034813443,М26-2869,GGT-03-2-2-E-14080,15 июня,Доставлен,5482.68,3500.0,Яндекс
58046879299,М26-2876,GGT-03-1-5-E-14080,15 июня,Доставлен,7826.59,4500.0,"Яндекс, ПЭК"
58048399298,М26-2877,GGT-03-1-3-E-14080,15 июня,Вернули на склад,3323.28,1700.0,"Яндекс, Отмена"
58051191682,М26-2881,GGT-03-1-5-E-14080,15 июня,ОТМЕНЕН,3050.17,4100.0,"Яндекс, ПЭК"
58070843331,М26-2939,GGT-20-1-3-20090,16 июня,Доставлен,4965.0,3500.0,Яндекс
58071041538,С26-968,GGL-08-2 KVANEL NF LED,29 июня,Доставлен,2594.0,2500.0,"Яндекс, ПЭК"
58082203138,М26-2938,GGT-03-3-5-E-16080-K,17 июня,Доставлен,4935.0,4000.0,"Яндекс, ПЭК"
58110884163,М26-2937,GGT-20-1-5-20090,16 июня,Доставлен,3098.0,1500.0,Яндекс
58111614721,М26-2936,GGT-05-B-160-90,17 июня,Доставлен,11635.0,1139.0,"Яндекс, ПЭК"
58115620480,М26-2935,GGK-02-2-2-100,16 июня,Доставлен,4763.0,3500.0,"Яндекс, СДЭК"
58127510657,М26-2934,GGK-06-3-3-80,16 июня,Доставлен,2214.0,3500.0,Яндекс
58161093440,С26-925,GGL-08-2,29 июня,Доставлен,2036.0,1500.0,"Яндекс, ПЭК"
58172637698,С26-969,GGL-08-2 KVANEL NF LED,29 июня,Доставлен,2306.0,2000.0,"Яндекс, ПЭК"
58175653056,М26-2958,GGT-35-1-3-100-180,7 июля,Доставлен,4135.8,3500.0,Яндекс
58179136258,М26-2957,GGT-03-1-5-O-20090,17 июня,Доставлен,5349.0,3500.0,Яндекс
58183636416,М26-2956,GGT-03-2-2-L-90-12090,17 июня,Доставлен,5313.0,3500.0,Яндекс
58203219267,М26-2982,GGT-03-1-5-O-20090,18 июня,Доставлен,4185.0,2500.0,Яндекс
58219434433,М26-2981,GGT-03-3-3-O-18090,18 июня,Доставлен,4135.0,3500.0,Яндекс
58226718915,М26-2980,GGT-03-2-4-E-16080,18 июня,Доставлен,5288.0,4500.0,Яндекс
58239017795,М26-3146,GGT-03-1-2-R-140-170-90,24 июня,Доставлен,4360.28,,Яндекс
58242794753,М26-3195,GGTW-02-d90,29 июня,Доставлен,1657.5,,"Яндекс, Рекламация, ПЭК"
58245245954,М26-2992,GGT-03-3-3-E-12080,18 июня,Доставлен,6539.0,3500.0,Яндекс
58257943811,М26-3012,GGT-03-1-3-O-18090,19 июня,Доставлен,4526.0,4000.0,Яндекс
58265673859,М26-3011,GGT-03-3-3-E-14080,19 июня,Доставлен,4800.0,3500.0,Яндекс
58265859843,М26-3010,GGT-03-4-5-L-100-K,22 июня,Доставлен,3153.0,2000.0,Яндекс
58296922368,М26-3023,GGT-03-2-2-E-12080,22 июня,Доставлен,5404.0,4100.0,Яндекс
58297914177,М26-3022,GGT-03-2-4-E-16080,22 июня,Возврат,4575.0,4000.0,Яндекс
58304266048,М26-3028,GGT-03-2-5-L-100-K,22 июня,Доставлен,6478.0,5000.0,Яндекс
58306674752,М26-3029,GGT-03-2-2-R-120-160-80,22 июня,Доставлен,4160.0,2500.0,Яндекс
58308867203,М26-3030,GGT-03-1-3-O-18090,26 июня,ОТМЕНЕН,,4000.0,Яндекс
58335038016,М26-3083,GGT-03-3-5-E-14080,23 июня,Доставлен,3323.28,1500.0,Яндекс
58337552576,С26-1001,GGL-08-2,13 июля,Доставлен,3067.0,2500.0,"Яндекс, ПЭК"
58351291520,М26-3084,GGT-03-2-3-E-16080,23 июня,Доставлен,3908.88,2500.0,Яндекс
58356777027,М26-3085,GGT-35-1-2-100-180,15 июля,Доставлен,4215.1,3900.0,Яндекс
58365856192,М26-3086,GGT-03-1-5-E-16080-K,23 июня,Доставлен,4689.68,3500.0,Яндекс
58395454338,М26-3088,GGT-03-2-2-M-80,23 июня,Доставлен,5415.58,3500.0,Яндекс
58420982914,М26-3112,GGT-03-2-2-O-18090,24 июня,Доставлен,5171.58,3500.0,Яндекс
58434306753,М26-3113,GGT-03-3-5-M-80,24 июня,Доставлен,3237.88,1500.0,Яндекс
58469032385,М26-3144,GGT-35-3-3-100-180,13 июля,Доставлен,5178.9,3500.0,Яндекс
58475624192,С26-1017,GGL-08-2,13 июля,Доставлен,3134.0,2500.0,"Яндекс, ПЭК"
58491602115,М26-3162,GGT-03-2-5-E-14080,26 июня,Доставлен,3323.28,1500.0,Яндекс
58513612545,М26-3166,GGT-03-1-5-O-18090,26 июня,Доставлен,4409.08,3700.0,Яндекс
58516630275,М26-3171,GGT-03-1-5-L-90,26 июня,Доставлен,3243.98,1500.0,Яндекс
58523511171,М26-3178,GGT-03-2-2-L-90-12090,15 июля,Доставлен,5000.0,4000.0,"Яндекс, ПЭК"
58540706946,М26-3193,GGT-03-3-5-E-16080,16 июля,Возврат,4567.68,4000.0,Яндекс
58543762050,М26-3194,GGT-03-3-3-E-12080,29 июня,Доставлен,3292.78,2500.0,Яндекс
58548451459,С26-1030,GGL-05-XL-slim-4000-1,29 июня,Доставлен,2163.0,2000.0,"Яндекс, ПЭК"
58554021698,М26-3199,GGT-03-2-2-O-20090,29 июня,Доставлен,4156.85,3500.0,"Яндекс, ПЭК"
58588167745,М26-3229,GGT-20-1-5-16080,10 июля,Доставлен,6252.48,4500.0,Яндекс
58599722755,М26-3230,GGT-03-4-3-L-90,30 июня,Доставлен,4135.8,3500.0,Яндекс
58646579649,М26-3253,GGT-03-2-4-O-18090,1 июля,Доставлен,5178.9,3500.0,Яндекс
58672223489,М26-3261,GGT-03-2-2-E-16080,1 июля,ОТМЕНЕН,4800.7,3500.0,Яндекс
58679038208,,GGM-18-1-1,1 июля,Доставлен,3360.49,2000.0,Яндекс
58682682691,М26-3273,GGT-03-3-5-O-18090,2 июля,Доставлен,14445.6,2500.0,"Яндекс, ПЭК"
58684784000,М26-3274,GGT-03-3-3-O-18090,2 июля,Доставлен,3098.8,1500.0,Яндекс
58688557378,М26-3275,GGT-03-2-2-E-16080,2 июля,Доставлен,3098.8,2000.0,Яндекс
58694002561,М26-3276,GGT-03-2-2-E-14080,2 июля,Доставлен,3098.8,2000.0,Яндекс
"58695099523 59213615811 (новый номер, старый был отменён)",М26-3277,GGT-20-1-5-20090,16 июля,Доставлен,2947.52,1500.0,"Яндекс, ПЭК"
58710505923,,GGM-15-1-2-S,2 июля,Доставлен,4171.79,2500.0,Яндекс
58713865217,НС26-229,GGM-26-2-3,23 июля,Доставлен,3617.0,2500.0,"Яндекс, ПЭК"
58714991040,,GGM-17-1-3,2 июля,Доставлен,3379.33,2200.0,Яндекс
58717872003,М26-3296,GGT-03-1-5-O-20090,13 июля,Доставлен,4421.28,3500.0,Яндекс
58730993219,М26-3299,GGT-03-3-3-O-18090,3 июля,Доставлен,3098.8,2000.0,Яндекс
58733041475,М26-3300,GGT-03-2-5-E-16080-K,3 июля,Доставлен,3098.8,2000.0,Яндекс
58741855040,М26-3302,GGT-03-2-4-O-18090,3 июля,Доставлен,4135.8,3500.0,Яндекс
58746494592,,GGM-20-3,3 июля,ОТМЕНЕН,5355.19,2500.0,Яндекс
58762404353,М26-3323,GGT-20-1-5-14080,6 июля,Доставлен,4800.7,3500.0,Яндекс
58772310721,С26-1074,GGL-09-2,7 июля,Доставлен,4065.0,2000.0,"Яндекс, СДЭК"
58774792449,М26-3326,GGT-20-2-3-120-190-80,6 июля,Доставлен,4105.3,2500.0,Яндекс
58777258690,М26-3327,GGT-03-1-5-E-16080,16 июля,Доставлен,6215.9,3500.0,Яндекс
58779988547,М26-3330,GGT-03-1-5-E-16080,16 июля,Доставлен,,3500.0,"Яндекс, ПЭК"
58791538497,М26-3362,GGT-03-2-4-E-16080,7 июля,ОТМЕНЕН,4575.0,4000.0,Яндекс
58793628417,С26-1083,GGM-16-2-2-LED,7 июля,Доставлен,3482.0,2500.0,"Яндекс, ПЭК"
58795525249,М26-3363,GGT-03-3-5-E-16080,16 июля,Доставлен,4998.34,4000.0,Яндекс
58796333955,М26-3364,GGT-03-3-5-E-14080-K,13 июля,Доставлен,4228.0,2000.0,"Яндекс, ПЭК"
58831632514,М26-3365,GGT-20-1-5-16080,16 июля,Доставлен,4564.02,3500.0,Яндекс
58836520067,М26-3367,GGT-03-3-1-O-18090,7 июля,Доставлен,4965.4,3500.0,Яндекс
58838341315,М26-3368,GGT-03-3-3-O-18090,7 июля,Доставлен,6539.2,3500.0,Яндекс
58838341315,М26-3691,GGTW-03-18090,27 июля,Доставлен,6154.9,,"Яндекс, Рекламация"
58861366017,С26-1100,GGL-10,27 июля,Доставлен,3805.25,2500.0,"Яндекс, ПЭК"
58874650755,М26-3371,GGT-03-2-5-E-16080-K,7 июля,Доставлен,3794.2,3500.0,Яндекс
58878746561,,GGM-03-1-1,9 июля,Собственная доставка,1000.0,2000.0,Яндекс
58884154242,М26-3383,GGT-03-3-5-L-110,8 июля,Доставлен,8765.0,5500.0,"Яндекс, ПЭК"
58884154242,М26-3383,GGT-03-3-5-L-110,8 июля,Вернули на склад,8765.0,5500.0,"Яндекс, ПЭК"
58886561026,М26-3384,GGT-03-3-3-E-16080,8 июля,Доставлен,3300.1,2500.0,Яндекс
58891397827,М26-3385,GGT-03-3-5-E-14080,9 июля,Собственная доставка,1000.0,1500.0,Яндекс
58897287235,С26-1086,СД,8 июля,Доставлен,3498.0,2500.0,"Яндекс, ПЭК"
58897552000,М26-3386,GGT-03-2-2-O-18090,9 июля,Доставлен,13081.0,6000.0,"Яндекс, ПЭК"
58902299203,М26-3387,GGT-03-2-5-O-18090,9 июля,Доставлен,4526.2,4000.0,Яндекс
58903820289,М26-3388,GGT-35-3-3-100-180,21 июля,Доставлен,3932.06,4000.0,Яндекс
58907815360,М26-3396,GGT-20-2-2-20090,8 июля,Доставлен,4135.8,3500.0,Яндекс
58908229699,М26-3397,GGT-03-3-1-E-16080,8 июля,Доставлен,6539.2,3500.0,Яндекс
58915303427,М26-3402,GGT-03-1-5-E-16080,17 июля,Доставлен,4169.96,3500.0,Яндекс
58924448514,М26-3414,GGT-03-2-2-E-16080,9 июля,Доставлен,4800.7,3500.0,Яндекс
58926215810,М26-3415,GGT-03-1-4-E-16080,9 июля,Доставлен,4117.5,4000.0,Яндекс
58939662848,М26-3416,GGT-03-3-1-O-18090,9 июля,Возвращается ЛК,3098.8,1500.0,Яндекс
58942006786,М26-3421,GGT-03-2-4-E-16080,9 июля,Доставлен,3300.1,3000.0,Яндекс
58967138113,М26-3443,GGT-03-3-3-O-18090,10 июля,Доставлен,5191.1,3500.0,Яндекс
58976380355,М26-3444,GGT-03-2-2-E-16080,17 июля,Собственная доставка,,2000.0,Яндекс
58986389314,М26-3454,GGT-03-3-3-O-20090,10 июля,Доставлен,3812.5,2500.0,Яндекс
58986641600,,GGM-17-1-3,14 июля,Собственная доставка,1000.0,2600.0,Яндекс
58987884865,М26-3455,GGT-03-3-5-O-20090,14 июля,Доставлен,4575.0,3500.0,Яндекс
58993760577,С26-1103,GGL-05-S-2,13 июля,Собственная доставка,,2000.0,Яндекс
58994962499,М26-3473,GGT-03-3-5-O-20090,17 июля,Собственная доставка,,2000.0,Яндекс
58995430082,М26-3474,GGT-03-3-3-E-16080,13 июля,Доставлен,4385.9,3500.0,Яндекс
59007759555,М26-3475,GGT-35-3-3-100-180,29 июля,Доставлен,6215.9,3500.0,Яндекс
59007759555,М26-3972,Подстолье KONUX White,17 августа,Доставлен,6200.0,,"Яндекс, Рекламация, СДЭК"
59008517760,,GGM-18-2-2,13 июля,Собственная доставка,,2000.0,Яндекс
59009136130,М26-3476,GGT-03-3-5-E-16080,16 июля,Доставлен,4117.5,4000.0,Яндекс
59019476419,,GGM-18-2-1,16 июля,Собственная доставка,,2000.0,Яндекс
59022807744,,GGM-20-3,13 июля,Доставлен,3476.39,2400.0,Яндекс
59022921665,C26-1113,GGL-10,30 июля,Доставлен,3491.0,3000.0,"Яндекс, ПЭК"
59024547075,М26-3479,GGT-03-3-1-O-20090,15 июля,Собственная доставка,2947.52,3000.0,Яндекс
59024547075,М26-3685,GGTW-01-20090,28 июля,Собственная доставка,1000.0,,"Яндекс, Рекламация"
59037707329,С26-1110,GGM-18-3-1-LED,16 июля,Собственная доставка,,2000.0,Яндекс
59045983939,М26-3495,GGT-35-3-3-100-180,29 июля,Доставлен,2947.52,3500.0,Яндекс
59046427331,С26-1111,GGL-09-2,14 июля,Собственная доставка,,2000.0,Яндекс
59060109699,М26-3496,GGT-35-2-3-100-180,22 июля,Доставлен,,4500.0,"Яндекс, ПЭК"
59080639424,М26-3497,GGT-35-1-3-100-180,24 июля,Собственная доставка,,3500.0,Яндекс
59108672513,М26-3503,GGT-03-2-2-E-16080,14 июля,Доставлен,6106.1,6000.0,Яндекс
59114732547,,GGM-16-1-2,14 июля,Доставлен,2995.71,2000.0,Яндекс
59131177219,М26-3517,GGK-02-2-2-80,15 июля,Доставлен,6679.03,4500.0,"Яндекс, ПЭК"
59140531136,,GGM-24-1-M,15 июля,Доставлен,3443.45,2000.0,Яндекс
59143638531,М26-3519,GGT-03-3-1-L-120,15 июля,ОТМЕНЕН,2947.52,3000.0,Яндекс
59143849729,М26-3520,GGT-03-2-2-L-80,15 июля,Возврат,2924.34,3500.0,Яндекс
59144805312,М26-3522,GGT-03-2-2-L-100,15 июля,Доставлен,4564.02,4500.0,Яндекс
59146346179,М26-3523,GGT-03-3-1-L-120,22 июля,Собственная доставка,,3000.0,Яндекс
59147652994,М26-3684,Подстолье GENTRIS Gold,5 августа,Доставлен,1386.53,,"Яндекс, Рекламация"
59150410752 59150410816,,GGM-17-2-3 GGM-02-4-2,17 июля,Собственная доставка,,4500.0,Яндекс
59152238336,М26-3530,GGT-35-1-3-100-180,29 июля,Доставлен,2950.0,3000.0,"Яндекс, СДЭК"
59169827584,М26-3533,GGT-35-2-2-100-180,29 июля,Доставлен,5804.76,4500.0,Яндекс
59177428544,М26-3546,GGT-03-2-5-O-18090-K,21 июля,Доставлен,11418.04,4500.0,"Яндекс, ПЭК"
59180985538,М26-3548,GGK-02-2-2-80,16 июля,Доставлен,1598.81,3000.0,Яндекс
59182958339,М26-3549,GGT-03-1-3-L-90-12090,20 июля,Доставлен,7334.64,4500.0,Яндекс
59185003906,М26-3551,GGT-35-1-3-100-180,29 июля,Доставлен,4564.02,4500.0,Яндекс
59188801795,М26-3554,GGT-03-2-3-E-16080,17 июля,Доставлен,3625.84,3500.0,Яндекс
59193765443,М26-3562,GGT-03-3-3-R-140-170-90,20 июля,Доставлен,2947.52,3500.0,Яндекс
59197214657,М26-3653,Столешница ARFEO 100*35,23 июля,Доставлен,,,"Яндекс, Рекламация, СДЭК"
59210467842,М26-3563,GGT-35-3-3-100-180,29 июля,Доставлен,5137.42,4500.0,Яндекс
59216228609,М26-3567,GGT-03-2-1-O-18090,17 июля,Доставлен,3666.1,3700.0,Яндекс
59217115648,,GGM-18-1-2,30 июля,Собственная доставка,1000.0,2000.0,Яндекс
59223823427,М26-3571,GGT-03-2-4-O-18090,23 июля,Собственная доставка,,3000.0,Яндекс
59225193154,,GGM-23-2-1,17 июля,Собственная доставка,3183.59,2000.0,Яндекс
59239231169,М26-3578,GGT-03-3-5-O-20090-K,3 августа,Собственная доставка,1000.0,3000.0,Яндекс
59256208515/2,,GGM-17-1-2,11 августа,Доставлен,3265.79,,"Яндекс, ПЭК, Рекламация"
59290835968,,GGM-01-1,28 июля,ОТМЕНЕН,,2000.0,Яндекс
59291368320,М26-3605,GGT-20-1-3-18090,29 июля,ОТМЕНЕН,,3500.0,Яндекс
59357922561,М26-3640,GGT-03-3-3-O-18090,22 июля,Доставлен,3932.06,5000.0,Яндекс
59365084161,С26-1176,GGL-10,11 августа,Доставлен,3098.11,2000.0,"Яндекс, ПЭК"
59366755267,,GGM-24-1-M,28 июля,Собственная доставка,1000.0,2000.0,Яндекс
59375309570,М26-3642,GGT-03-3-5-E-12080,22 июля,Доставлен,4564.02,4500.0,Яндекс
59377276289,С26-1159 С26-1160,GGL-06-L-3000-1 GGL-07-XL-3000-1,30 июля,Собственная доставка,1000.0,2500.0,Яндекс
59390918657,,GGM-20-1,23 июля,Доставлен,3123.81,2000.0,Яндекс
59396838787,С26-1173,GGL-02-M-3000-1,23 июля,Доставлен,3284.0,2000.0,"Яндекс, ПЭК"
59403215746,М26-3649,GGT-35-2-3-100-180,29 июля,Доставлен,2947.52,3000.0,Яндекс
59442541250,М26-3669,GGT-35-3-3-100-180,29 июля,Доставлен,4564.02,4500.0,Яндекс
59442541250,М26-3966,Подстолье KONUX White,14 августа,Доставлен,3086.61,,"Яндекс, Рекламация, ПЭК"
59443812992,,GGM-18-1-2,24 июля,Доставлен,3229.95,2000.0,Яндекс
59449349571,М26-3670,GGT-35-1-3-100-180,31 июля,Доставлен,3190.3,3500.0,Яндекс
59495531522,,GGM-01-1,28 июля,Доставлен,3014.01,2000.0,Яндекс
59524814786,М26-3728,GGT-03-2-5-E-16080,28 июля,Доставлен,4564.02,4900.0,Яндекс
59527544512,,GGM-01-3,31 июля,Доставлен,3014.01,2000.0,Яндекс
59528626368,М26-3729,GGK-05-1-3-7040,30 июля,Собственная доставка,1000.0,3000.0,Яндекс
59551856961,М26-3730,GGT-35-1-3-100-180,31 июля,Доставлен,2947.52,3000.0,Яндекс
59572627331,,3шт GGM-18-2-2,28 июля,Доставлен,,2000.0,Яндекс
59582410369,,GGM-01-1,28 июля,Доставлен,5012.0,2500.0,"Яндекс, ПЭК"
59582925314,С26-1195,GGM-24-2-L-LED,28 июля,Доставлен,3354.0,2900.0,"Яндекс, ПЭК"
59599267267,М26-3741,GGT-03-2-2-R-140-170-90,29 июля,Доставлен,3978.42,5000.0,Яндекс
59621800578,С26-1206,GGL-07-XL-2,30 июля,Доставлен,5192.0,2500.0,"Яндекс, ПЭК"
59627795072,М26-3751,GGT-03-1-3-O-18090,29 июля,Доставлен,2947.52,3500.0,Яндекс
59630266560,,GGM-20-1,29 июля,Доставлен,4108.35,3000.0,Яндекс
59640894082,,GGM-16-2-2,30 июля,Доставлен,2995.71,2000.0,Яндекс
59672702144,М26-3761,GGT-35-2-3-100-180,3 августа,Доставлен,5016.64,4500.0,Яндекс
59685669762,М26-3764,GGT-03-1-5-E-16080,31 июля,Доставлен,2947.52,3000.0,Яндекс
59706952768,НС26-342,GGM-26-1-1,10 сентября,Вернули на склад,,2500.0,Яндекс
59724500097,,GGM-20-1,3 августа,Доставлен,3123.81,2200.0,Яндекс
59724500097,,GGM-20-1,14 августа,Собственная доставка,,,"Яндекс, Рекламация"
59746144193,М26-3784,GGT-03-1-2-E-12080,3 августа,Доставлен,2947.52,3200.0,Яндекс
59767995139,М26-3794,GGT-03-1-5-L-100-K,4 августа,Доставлен,5547.76,5000.0,"Яндекс, ПЭК"
59770619586,М26-3795,GGT-03-3-3-O-18090,4 августа,Доставлен,4349.3,5000.0,Яндекс
59775227712,С26-1249,GGP-01-2-I-240-100,14 августа,Доставлен,7860.26,5500.0,"Яндекс, ПЭК"
59777743297,,GGM-20-2,4 августа,Доставлен,5055.52,2800.0,"Яндекс, ПЭК"
59784959874,М26-3796,GGT-35-1-3-100-180,5 августа,Доставлен,3932.06,4900.0,Яндекс
59801975552,С26-1232,GGL-07-XL-4000-1,4 августа,Доставлен,3608.22,2000.0,"Яндекс, ПЭК"
59820721859,М26-3799,GGT-03-1-1-E-12080,4 августа,Доставлен,3978.42,3900.0,Яндекс
59827523457,С26-1233,GGM-16-2-2-LED,4 августа,Доставлен,3311.48,2500.0,"Яндекс, ПЭК"
59831744643,,GGM-20-2,4 августа,Доставлен,4414.07,2500.0,"Яндекс, ПЭК"
59859204673,С26-1241,GGL-11,25 августа,Доставлен,5646.22,3500.0,"Яндекс, ПЭК"
59869875136,С26-1242,GGM-16-1-2-LED,6 августа,Доставлен,3074.03,2500.0,"Яндекс, ПЭК"
59883963651,М26-3832,GGT-47-3-5-80,5 августа,Доставлен,4252.36,4500.0,"Яндекс, ПЭК"
59892662657,С26-1247,GGL-07-XL-2,6 августа,Доставлен,5158.22,2500.0,"Яндекс, ПЭК"
59905080385,М26-3845,GGT-35-2-3-100-180,6 августа,Доставлен,4998.34,4500.0,Яндекс
59905080385,М26-4197,Столешница KONUX,1 сентября,Доставлен,5735.0,,"Яндекс, Рекламация, СДЭК"
59944517377,,GGM-18-2-2,7 августа,Доставлен,3038.41,2000.0,Яндекс
59950864706,,GGM-20-2,7 августа,Доставлен,3123.81,2000.0,Яндекс
59983063232,НС26-375,GGP-01-2-I-200-100,9 сентября,Доставлен,5840.5,5000.0,"Яндекс, ПЭК"
59992314691,М26-3872,GGT-35-2-2-100-180,11 августа,Доставлен,2947.52,3500.0,Яндекс
59992314691,М26-4033,Столешница KONUX,24 августа,Собственная доставка,,,"Яндекс, Рекламация"
60012480130,,GGM-24-1,10 августа,Доставлен,3808.67,2500.0,"Яндекс, ПЭК"
60032929091,М26-3879,GGT-35-1-2-100-180,11 августа,Доставлен,3932.06,5000.0,Яндекс
60054020867,,GGM-15-2-2,11 августа,Доставлен,2983.51,2000.0,Яндекс
60099325699,,GGM-23-3-1,11 августа,Доставлен,3032.31,2000.0,Яндекс
60103598339,М26-3880,GGT-03-1-3-E-16080,11 августа,Доставлен,3132.96,3700.0,Яндекс
60104830146,,GGM-20-3,19 августа,Собственная доставка,,2500.0,Яндекс
60119013890,,2шт GGM-18-1-1,11 августа,Доставлен,3249.83,2500.0,"Яндекс, ПЭК"
60176040963,М26-3923,GGT-35-3-3-100-180,12 августа,Доставлен,3098.8,2500.0,Яндекс
60187535745,,GGM-16-1-3,12 августа,Доставлен,3195.79,2000.0,Яндекс
60187674242,2шт М26-3928,2шт GGK-02-2-2-80,12 августа,Доставлен,5073.98,5000.0,Яндекс
60206058369,М26-3936,GGT-03-1-3-O-20090,13 августа,Доставлен,7175.1,4500.0,"Яндекс, ПЭК"
60229466817,С26-1329,GGL-08-2,26 августа,Собственная доставка,1000.0,2000.0,Яндекс
60284590595,С26-1293,GGL-11,3 сентября,Доставлен,3168.0,1500.0,Яндекс
60303924099,С26-1298,GGL-09-2,17 августа,Доставлен,3144.09,2000.0,"Яндекс, ПЭК"
60324647363,,GGM-20-1,17 августа,Доставлен,3275.09,2000.0,Яндекс
60360163011,,GGM-08-2-M,18 августа,Доставлен,3275.09,2000.0,Яндекс
60369568515,М26-3997,GGT-35-3-3-100-180,18 августа,Доставлен,4160.2,4500.0,Яндекс
60422255747,НС26-383,GGM-26-2-1,16 сентября,Собственная доставка,,1000.0,Яндекс
60426783937,С26-1304,GGL-05-XL-4000-1,18 августа,Доставлен,4012.5,2900.0,"Яндекс, СДЭК"
60428399105,С26-1305,GGM-16-2-3-LED,18 августа,Доставлен,3777.25,2500.0,"Яндекс, ПЭК"
60437508800,,GGM-20-1,18 августа,Доставлен,3275.09,2500.0,Яндекс
60446363203,,GGM-16-1-3,18 августа,Доставлен,4232.79,2500.0,Яндекс
60448161795,М26-4000,GGT-03-3-3-L-80,18 августа,Доставлен,3098.8,3000.0,Яндекс
60466550912,С26-1308,B-100-150-9003,18 августа,Доставлен,3051.0,3000.0,"Яндекс, ПЭК"
60469575361,С26-1309,GGL-08-2,8 сентября,Собственная доставка,1000.0,2500.0,"Яндекс, ПЭК"
60483159171,,GGM-15-2-2,19 августа,Собственная доставка,1000.0,2500.0,Яндекс
60487617344,М26-4013,GGT-47-3-3-80,19 августа,Доставлен,3098.8,3500.0,Яндекс
60500910722,М26-4014,GGT-20-2-3-14080,19 августа,Доставлен,3098.8,3000.0,Яндекс
60505396993,С26-1314,GGL-09-2,19 августа,ОТМЕНЕН,3235.0,2500.0,"Яндекс, ПЭК"
60510946819,,GGM-18-1-2,20 августа,Доставлен,3463.8,2500.0,"Яндекс, ПЭК"
60522831938,3шт С26-1317,3шт GGL-09-2,20 августа,Доставлен,4822.0,2500.0,"Яндекс, ПЭК"
60528766914,,GGM-16-1-1,20 августа,Доставлен,1249.89,2000.0,Яндекс
60529385729,С26-1318,GGL-09-2,20 августа,Доставлен,3100.05,2000.0,"Яндекс, ПЭК"
60552398978,М26-4039,GGT-35-1-3-100-180,20 августа,Доставлен,5178.9,4500.0,Яндекс
60558447235,С26-1320,GGM-18-2-1-LED,20 августа,Доставлен,4172.22,2000.0,"Яндекс, ПЭК"
60582290497,М26-4041,GGT-47-3-5-80,21 августа,Доставлен,3098.8,3500.0,Яндекс
60588757889,М26-4042,GGT-35-2-2-100-180,21 августа,Доставлен,4135.8,4500.0,Яндекс
60595504577,М26-4043,GGT-35-2-3-100-180,21 августа,Доставлен,4575.0,4500.0,Яндекс
60600363777,М26-4055,GGT-03-1-3-O-20090,21 августа,Доставлен,5276.5,4500.0,Яндекс
60612579138,М26-4056,GGTP-03-1-R-500,21 августа,Доставлен,1737.89,3000.0,Яндекс
60613684737,М26-4057,GGT-03-2-3-L-120,21 августа,Доставлен,3300.1,3500.0,Яндекс
60619464963,М26-4064,GGT-03-3-3-L-110,24 августа,Доставлен,3098.8,3500.0,Яндекс
60620221313,М26-4068,GGT-20-1-3-14080,24 августа,Доставлен,4507.9,3500.0,Яндекс
60629439939,,GGM-16-1-3,24 августа,Доставлен,3354.23,2500.0,"Яндекс, ПЭК"
60649839426,М26-4075,GGT-03-3-5-E-14080-K,31 августа,Собственная доставка,,3000.0,Яндекс
60653860866,М26-4079,GGT-03-1-5-O-18090,24 августа,Доставлен,4800.7,4500.0,Яндекс
60666420608,М26-4085,GGTP-03-2-O,25 августа,Доставлен,3244.59,3000.0,Яндекс
60690079555,,GGR-11-3,25 августа,Доставлен,4354.79,4500.0,Яндекс
60696715906,М26-4087,GGT-03-2-2-O-18090,25 августа,Доставлен,4575.0,4500.0,Яндекс
60701508418,М26-4088,GGT-03-2-1-E-16080,25 августа,Доставлен,3098.8,3500.0,Яндекс
60731997123,М26-4090,GGT-03-1-5-E-16080,25 августа,Доставлен,3098.8,3500.0,Яндекс
60746186434,М26-4091,GGT-35-1-3-100-180,25 августа,Доставлен,4800.7,4500.0,Яндекс
60755639616,,GGM-08-1-M,25 августа,Доставлен,3275.09,2000.0,Яндекс
60761999170,М26-4092,GGT-03-3-5-E-16080,25 августа,Доставлен,4575.0,4500.0,Яндекс
60770411778,М26-4130,GGT-03-3-5-L-80,25 августа,Доставлен,3098.8,3000.0,Яндекс
60775605186,М26-4131,GGT-03-1-5-E-14080,25 августа,Доставлен,4135.8,4500.0,Яндекс
60779434752,М26-4135,GGT-03-2-5-E-12080,26 августа,Доставлен,4135.8,5000.0,Яндекс
60785562627,С26-1340,GGM-16-1-2-LED,26 августа,Доставлен,1329.19,2000.0,Яндекс
60794958595,М26-4136,GGT-03-3-1-E-16080,26 августа,Доставлен,3098.8,3500.0,Яндекс
60806546370,М26-4137,GGT-35-2-3-100-180,26 августа,Доставлен,5349.7,4500.0,Яндекс
60811444291 60812411267 (новый номер),М26-4138,GGT-35-1-3-100-180,26 августа,Доставлен,3794.2,3500.0,Яндекс
60812040387,М26-4141,GGT-03-2-2-R-120-160-80,26 августа,Доставлен,4135.8,5000.0,Яндекс
60812180675,М26-4142,GGT-03-3-3-O-18090,26 августа,Доставлен,5178.9,4500.0,Яндекс
60814262083,М26-4146,GGT-03-1-4-O-20090,26 августа,Доставлен,3098.8,3000.0,Яндекс
60815050113,М26-4148,GGT-03-2-1-E-12080,26 августа,Доставлен,3794.2,3500.0,Яндекс
60832720320,М26-4158,GGT-03-3-1-E-16080,27 августа,Доставлен,5788.9,6000.0,Яндекс
60842339842,,GGM-17-1-3,27 августа,Доставлен,3970.49,2200.0,Яндекс
60843633282,М26-4159,GGT-03-2-1-E-16080,27 августа,Доставлен,3098.8,3500.0,Яндекс
60866841475,М26-4163,GGT-03-1-5-L-110,27 августа,Доставлен,5349.7,4500.0,Яндекс
60876409280,,GGM-16-3-3,27 августа,Доставлен,4671.99,2500.0,Яндекс
60911972096,М26-4175,GGT-03-1-3-E-12080,28 августа,Доставлен,4385.9,5000.0,Яндекс
60919329603,М26-4178,GGT-03-3-3-O-18090,28 августа,Доставлен,3794.2,3500.0,Яндекс
60923483458,,GGM-23-3-1,28 августа,Доставлен,4244.99,2500.0,Яндекс
60932535488,М26-4182,GGT-20-2-5-14080,31 августа,Доставлен,4385.89,4500.0,Яндекс
60946740672,М26-4184,GGT-03-3-1-E-16080,31 августа,Доставлен,4135.8,5000.0,Яндекс
60951937987,М26-4185,GGT-35-3-3-100-180,31 августа,Доставлен,4184.59,4500.0,Яндекс
60953356162,М26-4186,GGT-03-3-1-M-100,31 августа,Доставлен,4575.0,5000.0,Яндекс
60966013441,М26-4191,GGT-35-1-3-100-180,31 августа,Доставлен,5630.3,4500.0,Яндекс
60969612802,М26-4192,GGK-02-1-5-80,31 августа,Доставлен,1622.6,3500.0,Яндекс
60970243073,М26-4193,GGT-03-2-4-E-16080,31 августа,Доставлен,4135.8,4500.0,Яндекс
61005421825,М26-4216 М26-4217,GGT-03-1-3-O-20090 GGT-03-1-3-M-60,1 сентября,ОТМЕНЕН,,5700.0,Яндекс
61046840963,,GGR-11-2,1 сентября,Доставлен,3140.89,3000.0,Яндекс
61061772993,М26-4219,GGT-03-1-5-O-20090,1 сентября,Доставлен,3098.8,3000.0,Яндекс
61064461441,С26-1357,GGL-09-2,1 сентября,Доставлен,3091.0,2000.0,"Яндекс, ПЭК"
61075653251,,GGM-20-2,1 сентября,Доставлен,3207.71,2500.0,"Яндекс, ПЭК"
61083242240,М26-4226,GGT-03-2-3-O-20090,1 сентября,Доставлен,4135.8,4500.0,Яндекс
61087858691,,GGM-24-1,1 сентября,Доставлен,3232.39,2000.0,Яндекс
61119800128,М26-4232,GGT-03-2-2-O-18090,2 сентября,Доставлен,4105.3,3500.0,Яндекс
61125668611,М26-4236,GGT-03-2-5-E-16080-K,2 сентября,Доставлен,3098.79,3500.0,Яндекс
61127779906,М26-4237,GGT-35-2-3-100-180,8 сентября,Доставлен,,5981.0,"Яндекс, ПЭК"
61130630467,М26-4243,GGT-03-2-5-L-100-K,2 сентября,Доставлен,5025.32,4500.0,"Яндекс, ПЭК"
61131987776,М26-4244,GGT-20-2-3-20090,2 сентября,Доставлен,4385.9,4500.0,Яндекс
61134508864,М26-4412,GGT-03-1-3-O-20090,11 сентября,Собственная доставка,1000.0,3000.0,Яндекс
61140906946,М26-4258,GGT-03-2-4-C-90,3 сентября,Доставлен,3168.0,3000.0,Яндекс
61184760002,М26-4275,GGT-03-3-3-E-16080,3 сентября,Доставлен,,4500.0,Яндекс
61190407553,М26-4276,GGT-20-1-1-110-140-70,11 сентября,Собственная доставка,1000.0,2500.0,Яндекс
61194397250,М26-4279,GGT-35-1-3-100-180,8 сентября,ОТМЕНЕН,,4500.0,"Яндекс, ПЭК"
61198461185,М26-4283,GGT-03-2-5-E-14080,7 сентября,Доставлен,2247.0,3500.0,"Яндекс, ПЭК"
61204533377,М26-4285,GGT-35-3-3-100-180,10 сентября,Собственная доставка,1000.0,3000.0,Яндекс
61220499457,М26-4298,GGT-35-1-3-100-180,10 сентября,Собственная доставка,1000.0,3400.0,Яндекс
61246545603,М26-4300,GGT-03-2-1-O-18090,7 сентября,Доставлен,4578.0,4500.0,"Яндекс, ПЭК"
61288430465,М26-4348,GGT-03-3-5-E-14080,9 сентября,Собственная доставка,1000.0,3500.0,Яндекс
61297794049,М26-4347,GGT-03-2-1-O-20090,9 сентября,Доставлен,,7640.09,"Яндекс, ПЭК"
61340883649,С26-1379,GGM-18-3-1-LED,10 сентября,Доставлен,,3303.95,"Яндекс, ПЭК"
61369191360,М26-4345,GGT-35-1-3-100-180,9 сентября,Собственная доставка,1000.0,3500.0,Яндекс
61405848001,М26-4343,GGT-35-2-2-100-180,9 сентября,Доставлен,5955.44,4500.0,"Яндекс, ПЭК"
61412293056,М26-4366,GGT-03-3-1-O-18090,11 сентября,В очереди,8783.83,4500.0,"Яндекс, ПЭК"
61412293056,М26-4366,GGT-03-3-1-O-18090,11 сентября,Доставлен,,9748.67,"Яндекс, ПЭК"
61500103936,М26-4380,GGT-35-3-3-100-180,11 сентября,Создан,10215.7,4700.0,"Яндекс, ПЭК"
61516893249,М26-4409,GGT-03-1-3-E-16080,16 сентября,Собственная доставка,,1000.0,Яндекс
61577801475,М26-4418,GGT-35-5-1-100-180,14 сентября,Собственная доставка,1000.0,3000.0,Яндекс
