Категория,Подкатегория,Линия,Модель,Артикул,Наименование
Зеркала,Зеркала в раме,EVELUM,EVELUM,"GGM-01-1
GGM-01-2
GGM-01-3
GGM-01-4","Зеркало в раме напольное овальное 163х54 см 
 
EVELUM"
Зеркала,Зеркала в раме, EVELIX, EVELIX S,"GGM-02-1-1
GGM-02-2-1
GGM-02-3-1","Зеркало в раме настенное овальное 104х54 см
 
 EVELIX S"
Зеркала,Зеркала в раме, EVELIX, EVELIX L,"GGM-02-1-2
GGM-02-2-2
GGM-02-3-2
GGM-02-4-2","Зеркало в раме настенное овальное большое 178х48 см
 
 EVELIX L"
Зеркала,Зеркала в раме, RAUNTEL," RAUNTEL M

","GGM-03-1-1
GGM-03-2-1","Зеркало в раме настенное круглое D80 см
 
 RAUNTEL M

"
Зеркала,Зеркала в раме, RAUNTEL, RAUNTEL L,"GGM-03-1-2
GGM-03-2-2","Зеркало в раме настенное круглое большое D101 см
 
 RAUNTEL L"
Зеркала,Зеркала в раме, RONTUS," RONTUS M
","GGM-08-1-M
GGM-08-2-M
GGM-08-3-M","Зеркало в раме настенное полукруг 160х80 см
 
 RONTUS M
"
Зеркала,Зеркала в раме, RONTUS,"RONTUS M
","GGM-08-1-M-LED
GGM-08-2-M-LED
GGM-08-3-M-LED","Зеркало в раме настенное полукруг с контурной подсветкой 3 в 1, 160х80 см
 
 RONTUS M
"
Зеркала,Зеркала в раме, HALFEO, HALFEO XL,"GGM-15-1-1
GGM-15-2-1
GGM-15-3-1","Зеркало в раме настенное и напольное прямоугольное 200х100 см
 
 HALFEO XL"
Зеркала,Зеркала в раме, HALFEO," HALFEO S Slim  
","GGM-15-1-2-S
GGM-15-2-2-S
GGM-15-3-2-S
GGM-15-4-2-S","Зеркало в раме настенное прямоугольное 120х80 см
 
 HALFEO S Slim  
"
Зеркала,Зеркала в раме, HALFEO," HALFEO M Slim
","GGM-15-1-2-M
GGM-15-2-2-M
GGM-15-3-2-M
","Зеркало в раме настенное прямоугольное 140х50 см
 
 HALFEO M Slim
"
Зеркала,Зеркала в раме, HALFEO," HALFEO L Slim

","GGM-15-1-2-L
GGM-15-2-2-L
GGM-15-3-2-L
GGM-15-4-2-L","Зеркало в раме настенное прямоугольное 170х70 см
 
 HALFEO L Slim

"
Зеркала,Зеркала в раме, HALFEO, HALFEO XL Slim,"GGM-15-1-2
GGM-15-2-2
GGM-15-3-2","Зеркало в раме настенное и напольное прямоугольное 200х80 см
 
 HALFEO XL Slim"
Зеркала,Зеркала в раме, HALFEO, HALFEO XL Slim Leg,"GGM-15-1-3
GGM-15-2-3","Зеркало в раме настенное и напольное на ножке прямоугольное 220х80 см
 
 HALFEO XL Slim Leg"
Зеркала,Зеркала в раме, NOLVIS, NOLVIS S,"GGM-16-1-1
GGM-16-2-1
GGM-16-4-1","Зеркало в раме настенное овальное 81х51 см
 
 NOLVIS S"
Зеркала,Зеркала в раме, NOLVIS, NOLVIS M,"GGM-16-1-2
GGM-16-2-2","Зеркало в раме настенное овальное 136х51 см
 
 NOLVIS M"
Зеркала,Зеркала в раме, NOLVIS,"NOLVIS M LED
с сенсорной кнопкой","GGM-16-1-2-LED
GGM-16-2-2-LED
GGM-16-3-2-LED","Зеркало в раме овальное, c контурной подсветкой 3 в 1 
136х51 см
 
 NOLVIS M LED
с сенсорной кнопкой"
Зеркала,Зеркала в раме, NOLVIS,NOLVIS L,"GGM-16-1-3
GGM-16-2-3
GGM-16-3-3
GGM-16-4-3","Зеркало в раме настенное овальное большое 180х60 см
 
 NOLVIS L"
Зеркала,Зеркала в раме, NOLVIS," NOLVIS L LED
с сенсорной кнопкой","GGM-16-1-3-LED
GGM-16-2-3-LED
GGM-16-3-3-LED","Зеркало в раме овальное, c контурной подсветкой 3 в 1 
 180х60 см
 
 NOLVIS L LED
с сенсорной кнопкой"
Зеркала,Зеркала в раме,KVADEN,KVADEN L,"GGM-17-1-2
GGM-17-2-2
GGM-17-3-2","Зеркало в раме настенное овальное и прямоугольное большое 180х60 см
 
 KVADEN L"
Зеркала,Зеркала в раме,KVADEN,KVADEN XL,"GGM-17-1-3
GGM-17-2-3
GGM-17-3-3","Зеркало в раме настенное овальное и прямоугольное большое 200х100 см
 
 KVADEN XL"
Зеркала,Зеркала в раме,KUVINO,KUVINO M,"GGM-18-1-1
GGM-18-2-1
GGM-18-3-1","Зеркало в раме настенное прямоугольное с закруглёнными углами 150х50 см
 
 KUVINO M"
Зеркала,Зеркала в раме,KUVINO,"KUVINO M LED
с сенсорной кнопкой","GGM-18-1-1-LED
GGM-18-2-1-LED
GGM-18-3-1-LED","Зеркало в раме с закруглёнными углами, c контурной подсветкой 3 в 1 
150×50 см
 
 KUVINO M LED
с сенсорной кнопкой"
Зеркала,Зеркала в раме,KUVINO,KUVINO L,"GGM-18-1-2
GGM-18-2-2
GGM-18-3-2
GGM-18-4-2","Зеркало в раме настенное прямоугольное с закруглёнными углами большое 180х55 см
 
 KUVINO L"
Зеркала,Зеркала в раме,OZEVIS,OZEVIS,"GGM-20-1
GGM-20-2
GGM-20-3
GGM-20-4","Зеркало в раме напольное овальное поворотное 165х46 см
 
 OZEVIS"
Зеркала,Зеркала в раме,ZELISO,ZELISO-1,"GGM-23-1-1
GGM-23-2-1
GGM-23-3-1","Зеркало в раме напольное прямоугольное одностороннее 185х45 см
 
 ZELISO-1"
Зеркала,Зеркала в раме,ARKIS,"ARKIS M
","GGM-24-1-M
GGM-24-2-M
GGM-24-3-M","Зеркало в раме настенное арка большое 160х60 см
 
 ARKIS M
"
Зеркала,Зеркала в раме,ARKIS,ARKIS L,"GGM-24-1
GGM-24-2
GGM-24-3","Зеркало в раме напольное и настенное арка большое 180х80 см
 
 ARKIS L"
Зеркала,Зеркала в раме,ARKIS,"ARKIS L LED
с сенсорной кнопкой","GGM-24-1-L-LED
GGM-24-2-L-LED
GGM-24-3-L-LED","Зеркало в раме арка, c контурной подсветкой  3 в 1
 180×80 см
 
 ARKIS L LED
с сенсорной кнопкой"
Зеркала,Зеркала в раме,WINDIX,WINDIX ARKA,"GGM-26-1-1
GGM-26-2-1 
GGM-26-3-1  ","Зеркало в раме арка настенное и напольное большое 183×83  см

WINDIX ARKA"
Зеркала,Зеркала в раме,WINDIX,WINDIX 3/6,"GGM-26-1-2
GGM-26-2-2
GGM-26-3-2","Зеркало в раме прямугольное с ячейками напольное большое 200×100  см

WINDIX 3/6"
Зеркала,Зеркала в раме,WINDIX,WINDIX 4/8,"GGM-26-1-3
GGM-26-2-3
GGM-26-3-3","Зеркало в раме прямугольное с ячейками напольное большое 200×120  см

WINDIX 4/8"
Зеркала,Зеркала в раме, VERUF, VERUF,GGM-11,"Зеркало в раме на штанге поворотное фигурное
 
 VERUF"
Зеркала,Зеркала безрамные,NOLVIS,NOLVIS NF LED M,"GGL-01-M-3000-1
GGL-01-M-4000-1
GGL-01-M-6000-1","Овальное зеркало 135x50 см, с контурной подсветкой

NOLVIS NF LED M"
Зеркала,Зеркала безрамные,NOLVIS,"NOLVIS NF LED M, с сенсорным выключателем","GGL-01-M-2
","Овальное зеркало 135x50 см, с контурной подсветкой 3 в 1

NOLVIS NF LED M, с сенсорным выключателем"
Зеркала,Зеркала безрамные,NOLVIS,NOLVIS NF LED L,"GGL-01-L-3000-1
GGL-01-L-4000-1
GGL-01-L-6000-1","Овальное зеркало 179x59 см, с контурной подсветкой

NOLVIS NF LED L"
Зеркала,Зеркала безрамные,NOLVIS,"NOLVIS NF LED L, с сенсорным выключателем","GGL-01-L-2
","Овальное зеркало 179x59 см, с контурной подсветкой 3 в 1

NOLVIS NF LED L, с сенсорным выключателем"
Зеркала,Зеркала безрамные,NOLVIS,NOLVIS NF LED XL,"GGL-01-XL-3000-1
GGL-01-XL-4000-1
GGL-01-XL-6000-1","Овальное зеркало 196x96 см, с контурной подсветкой

NOLVIS NF LED XL"
Зеркала,Зеркала безрамные,NOLVIS,"NOLVIS NF LED XL, с сенсорным выключателем","GGL-01-XL-2
","Овальное зеркало 196x96 см, с контурной подсветкой 3 в 1

NOLVIS NF LED XL, с сенсорным выключателем"
Зеркала,Зеркала безрамные,KUVINO,KUVINO NF LED M,"GGL-02-M-3000-1
GGL-02-M-4000-1
GGL-02-M-6000-1","Прямоугольное зеркало 149х49 см, с контурной подсветкой

KUVINO NF LED M"
Зеркала,Зеркала безрамные,KUVINO,"KUVINO NF LED M, с сенсорным выключателем",GGL-02-M-2,"Прямоугольное зеркало 149х49 см, с контурной подсветкой 3 в 1

KUVINO NF LED M, с сенсорным выключателем"
Зеркала,Зеркала безрамные,KUVINO,KUVINO NF LED L,"GGL-02-L-3000-1
GGL-02-L-4000-1
GGL-02-L-6000-1","Прямоугольное зеркало 179х54 см, с контурной подсветкой

KUVINO NF LED L"
Зеркала,Зеркала безрамные,KUVINO,"KUVINO NF LED L, с сенсорным выключателем",GGL-02-L-2,"Прямоугольное зеркало 179х54 см, с контурной подсветкой 3 в 1

KUVINO NF LED L, с сенсорным выключателем"
Зеркала,Зеркала безрамные,HALFEO,"HALFEO NF LED S, с сенсорным выключателем",GGL-05-S-2,"Прямоугольное зеркало 119х79 см, с контурной подсветкой 3 в 1

HALFEO NF LED S, с сенсорным выключателем"
Зеркала,Зеркала безрамные,HALFEO,"HALFEO NF LED M, с сенсорным выключателем",GGL-05-M-2,"Прямоугольное зеркало 139х49 см, с контурной подсветкой 3 в 1

HALFEO NF LED M, с сенсорным выключателем"
Зеркала,Зеркала безрамные,HALFEO,"HALFEO NF LED L, с сенсорным выключателем",GGL-05-L-2,"Прямоугольное зеркало большое 169х69 см, с контурной подсветкой 3 в 1

HALFEO NF LED L, с сенсорным выключателем"
Зеркала,Зеркала безрамные,HALFEO,HALFEO Slim NF LED XL,"GGL-05-XL-slim-3000-1
GGL-05-XL-slim-4000-1
GGL-05-XL-slim-6000-1","Прямоугольное зеркало большое 199х79 см, с контурной подсветкой

HALFEO Slim NF LED XL"
Зеркала,Зеркала безрамные,HALFEO,"HALFEO Slim NF LED XL, с сенсорным выключателем","GGL-05-XL-slim-2
","Прямоугольное зеркало большое 199х79 см, с контурной подсветкой 3 в 1

HALFEO Slim NF LED XL, с сенсорным выключателем"
Зеркала,Зеркала безрамные,HALFEO,HALFEO NF LED XL,"GGL-05-XL-3000-1
GGL-05-XL-4000-1
GGL-05-XL-6000-1","Прямоугольное зеркало большое 196х96 см, с контурной подсветкой

HALFEO NF LED XL"
Зеркала,Зеркала безрамные,HALFEO,"HALFEO NF LED XL, с сенсорным выключателем","GGL-05-XL-2
","Прямоугольное зеркало большое 196х96 см, с контурной подсветкой 3 в 1

HALFEO NF LED XL, с сенсорным выключателем"
Зеркала,Зеркала безрамные,ARKIS,ARKIS NF LED L,"GGL-06-L-3000-1
GGL-06-L-4000-1
GGL-06-L-6000-1","Зеркало арка большое 179х79 см, с контурной подсветкой

ARKIS NF LED L"
Зеркала,Зеркала безрамные,ARKIS,"ARKIS NF LED L, с сенсорным выключателем","GGL-06-L-2
","Зеркало арка большое 179х79 см, с контурной подсветкой 3 в 1

ARKIS NF LED L, с сенсорным выключателем"
Зеркала,Зеркала безрамные,RONTUS,RONTUS NF LED XL,"GGL-07-XL-3000-1
GGL-07-XL-4000-1
GGL-07-XL-6000-1","Зеркало полукруг большое 200х100 см, с контурной подсветкой

RONTUS NF LED XL"
Зеркала,Зеркала безрамные,RONTUS,"RONTUS NF LED XL, с сенсорным выключателем",GGL-07-XL-2,"Зеркало полукруг большое 200х100 см, с контурной подсветкой 3 в 1

RONTUS NF LED XL, с сенсорным выключателем"
Зеркала,Зеркала безрамные,"KVANEL
","KVANEL NF LED, с сенсорным выключателем
",GGL-08-2,"Зеркало прямоугольное под консоль, с контурной подсветкой 3 в 1

KVANEL NF LED, с сенсорным выключателем

!НОВИНКА!"
Зеркала,Зеркала безрамные,"OSOLIS
","OSOLIS NF LED, с сенсорным выключателем
",GGL-09-2,"Зеркало прямоугольное под консоль, с контурной подсветкой 3 в 1

OSOLIS NF LED, с сенсорным выключателем

!НОВИНКА!"
Зеркала,Зеркала безрамные,"ILLUMORA
","ILLUMORA NF LED, с сенсорным выключателем
",GGL-10,"Зеркало прямоугольное, с фронтальной нейтральной подсветкой

ILLUMORA NF LED, с сенсорным выключателем

!НОВИНКА!"
Зеркала,Зеркала безрамные,"ILLUMORA
","ILLUMORA Duo NF LED, с сенсорным выключателем
",GGL-11,"Зеркало прямоугольное под консоль, с фронтальной нейтральной подсветкой

ILLUMORA Duo NF LED, с сенсорным выключателем

!НОВИНКА!"
Комплект мебели,Комплект мебели,Комплект мебели,TRUBIS M 60 + EVELUM,"GGC-01-1-03-1-2
GGC-01-2-03-2-5
GGC-01-3-03-3-3","Комплект мебели: журнальный столик + зеркало в раме

TRUBIS M 60 + EVELUM"
Комплект мебели,Комплект мебели,Комплект мебели,EVESA + EVELUM,"GGC-01-1-10-1
GGC-01-2-10-2
GGC-01-3-10-3","Комплект мебели: вешалка + зеркало в раме

EVESA + EVELUM"
Комплект мебели,Комплект мебели,Комплект мебели,ARFEO 80 + NOLVIS NF LED M,"GGC-01-M-02-1-5
GGC-01-M-02-2-2
GGC-01-M-02-3-3","Комплект мебели: консоль + зеркало с подсветкой

ARFEO 80 + NOLVIS NF LED M"
Комплект мебели,Комплект мебели,Комплект мебели,ARFEO + EVELIX S,"GGC-02-1-1-02-1-2
GGC-02-2-1-02-2-5
GGC-02-3-1-02-3-3","Комплект мебели: консоль + зеркало в раме

ARFEO + EVELIX S"
Комплект мебели,Комплект мебели,Комплект мебели,TRUBIS M 60 + TRUBIS S 40,"GGC-03-1-5-40-60
GGC-03-2-2-40-60
GGC-03-3-3-40-60","Комплект мебели: журнальный столик + журнальный столик

TRUBIS M 60 + TRUBIS S 40"
Комплект мебели,Комплект мебели,Комплект мебели,TRUBIS M 80 + TRUBIS S 40,"GGC-03-1-5-40-80
GGC-03-2-2-40-80
GGC-03-3-3-40-80","Комплект мебели: журнальный столик + журнальный столик

TRUBIS M 80 + TRUBIS S 40"
Комплект мебели,Комплект мебели,Комплект мебели,TRUBIS M 60 + TRUBIS S 60,"GGC-03-1-5-60-60
GGC-03-2-2-60-60
GGC-03-3-3-60-60","Комплект мебели: журнальный столик + журнальный столик

TRUBIS M 60 + TRUBIS S 60"
Комплект мебели,Комплект мебели,Комплект мебели,ZILOSI + HALFEO NF LED L,"GGC-05-L-11-1
GGC-05-L-11-2
GGC-05-L-11-3","Комплект мебели: вешалка + зеркало с подсветкой

ZILOSI + HALFEO NF LED L"
Комплект мебели,Комплект мебели,Комплект мебели,EVESA + ARKIS NF LED L,"GGC-06-L-10-1
GGC-06-L-10-2
GGC-06-L-10-3","Комплект мебели: вешалка + зеркало с подсветкой

EVESA + ARKIS NF LED L"
Комплект мебели,Комплект мебели,Комплект мебели,ZILOSI + KVADEN L,"GGC-17-1-L-11-1
GGC-17-2-L-11-2
GGC-17-3-L-11-3","Комплект мебели: вешалка + зеркало в раме

ZILOSI + KVADEN L"
Комплект мебели,Комплект мебели,Комплект мебели,ZILOSI + ZELISO-1,"GGC-23-1-1-11-1
GGC-23-2-1-11-2
GGC-23-3-1-11-3","Комплект мебели: вешалка + зеркало в раме

ZILOSI + ZELISO-1"
Комплект мебели,Комплект мебели,Комплект мебели,TRUBIS M 80 + RILONI,"GGC-12-1-03-1-3-80
GGC-12-2-03-2-2-80
GGC-12-3-03-3-5-80","Комплект мебели: журнальный столик + журнальный столик

TRUBIS M 80 + RILONI"
Комплект мебели,Комплект мебели,Комплект мебели,TRUBIS M 60 + OZEVIS,"GGC-20-1-03-1-3-60
GGC-20-2-03-2-2-60
GGC-20-3-03-3-5-60","Комплект мебели: журнальный столик + зеркало в раме

TRUBIS M 60 + OZEVIS"
Комплект мебели,Комплект мебели,Комплект мебели,ARFEO 80 + ARKIS M,"GGC-24-1-02-1-3
GGC-24-2-02-2-2
GGC-24-3-02-3-5","Комплект мебели: консоль + зеркало в раме

ARFEO 80 + ARKIS M"
Столы,Столы обеденные,TRUBIS,TRUBIS Wood L 80,"GGT-03-1-2-L-80
GGT-03-1-3-L-80
GGT-03-1-5-L-80
GGT-03-2-2-L-80
GGT-03-2-3-L-80
GGT-03-2-5-L-80
GGT-03-3-2-L-80
GGT-03-3-3-L-80
GGT-03-3-5-L-80
GGT-03-4-2-L-80
GGT-03-4-3-L-80
GGT-03-4-5-L-80","Стол круглый обеденный с металлическим подстольем

TRUBIS Wood L 80"
Столы,Столы обеденные,TRUBIS,TRUBIS Wood L 90,"GGT-03-1-2-L-90
GGT-03-1-3-L-90
GGT-03-1-5-L-90
GGT-03-2-2-L-90
GGT-03-2-3-L-90
GGT-03-2-5-L-90
GGT-03-3-2-L-90
GGT-03-3-3-L-90
GGT-03-3-5-L-90
GGT-03-4-2-L-90
GGT-03-4-3-L-90
GGT-03-4-5-L-90","Стол круглый обеденный с металлическим подстольем

TRUBIS Wood L 90"
Столы,Столы обеденные,TRUBIS,TRUBIS Wood L 100,"
GGT-03-1-2-L-100
GGT-03-1-3-L-100
GGT-03-1-5-L-100
GGT-03-2-2-L-100
GGT-03-2-3-L-100
GGT-03-2-5-L-100
GGT-03-3-2-L-100
GGT-03-3-3-L-100
GGT-03-3-5-L-100
GGT-03-4-2-L-100
GGT-03-4-3-L-100
GGT-03-4-5-L-100","Стол круглый обеденный с металлическим подстольем

TRUBIS Wood L 100"
Столы,Столы обеденные,TRUBIS,"TRUBIS Stone L 100


","GGT-03-1-5-L-100-K
GGT-03-2-5-L-100-K
GGT-03-3-5-L-100-K
GGT-03-4-5-L-100-K","Стол круглый обеденный с металлическим подстольем

TRUBIS Stone L 100


"
Столы,Столы обеденные,TRUBIS,"TRUBIS Stone L 110


","GGT-03-1-2-L-110
GGT-03-1-3-L-110
GGT-03-1-5-L-110
GGT-03-2-2-L-110
GGT-03-2-3-L-110
GGT-03-2-5-L-110
GGT-03-3-2-L-110
GGT-03-3-3-L-110
GGT-03-3-5-L-110
GGT-03-4-2-L-110
GGT-03-4-3-L-110
GGT-03-4-5-L-110","Стол круглый обеденный с металлическим подстольем

TRUBIS Wood L 110"
Столы,Столы обеденные,TRUBIS,TRUBIS Wood L 120,"GGT-03-1-2-L-120
GGT-03-1-3-L-120
GGT-03-1-5-L-120
GGT-03-2-2-L-120
GGT-03-2-3-L-120
GGT-03-2-5-L-120
GGT-03-3-2-L-120
GGT-03-3-3-L-120
GGT-03-3-5-L-120
GGT-03-4-2-L-120
GGT-03-4-3-L-120
GGT-03-4-5-L-120","Стол круглый обеденный с металлическим подстольем

TRUBIS Wood L 120"
Столы,Столы обеденные,TRUBIS,TRUBIS Wood Oval 120,"GGT-03-1-1-E-12080
GGT-03-1-2-E-12080
GGT-03-1-3-E-12080
GGT-03-1-4-E-12080
GGT-03-1-5-E-12080
GGT-03-2-1-E-12080
GGT-03-2-2-E-12080
GGT-03-2-3-E-12080
GGT-03-2-4-E-12080
GGT-03-2-5-E-12080
GGT-03-3-1-E-12080
GGT-03-3-2-E-12080
GGT-03-3-3-E-12080
GGT-03-3-4-E-12080
GGT-03-3-5-E-12080","Стол овальный обеденный с металлическим подстольем

TRUBIS Wood Oval 120"
Столы,Столы обеденные,TRUBIS,TRUBIS Wood Oval 140,"GGT-03-1-1-E-14080
GGT-03-1-2-E-14080
GGT-03-1-3-E-14080
GGT-03-1-4-E-14080
GGT-03-1-5-E-14080
GGT-03-2-1-E-14080
GGT-03-2-2-E-14080
GGT-03-2-3-E-14080
GGT-03-2-4-E-14080
GGT-03-2-5-E-14080
GGT-03-3-1-E-14080
GGT-03-3-2-E-14080
GGT-03-3-3-E-14080
GGT-03-3-4-E-14080
GGT-03-3-5-E-14080","Стол овальный обеденный с металлическим подстольем

TRUBIS Wood Oval 140"
Столы,Столы обеденные,TRUBIS,TRUBIS Stone 140,"GGT-03-1-5-E-14080-K
GGT-03-2-5-E-14080-K
GGT-03-3-5-E-14080-K","Стол овальный обеденный с металлическим подстольем

TRUBIS Stone 140

!НОВИНКА!"
Столы,Столы обеденные,TRUBIS,TRUBIS Wood Oval 160,"GGT-03-1-1-E-16080
GGT-03-1-2-E-16080
GGT-03-1-3-E-16080
GGT-03-1-4-E-16080
GGT-03-1-5-E-16080
GGT-03-2-1-E-16080
GGT-03-2-2-E-16080
GGT-03-2-3-E-16080
GGT-03-2-4-E-16080
GGT-03-2-5-E-16080
GGT-03-3-1-E-16080
GGT-03-3-2-E-16080
GGT-03-3-3-E-16080
GGT-03-3-4-E-16080
GGT-03-3-5-E-16080","Стол овальный обеденный с металлическим подстольем

TRUBIS Wood Oval 160"
Столы,Столы обеденные,TRUBIS,"TRUBIS Stone 160

","GGT-03-1-5-E-16080-K
GGT-03-2-5-E-16080-K
GGT-03-3-5-E-16080-K","Стол овальный обеденный с металлическим подстольем

TRUBIS Stone 160

"
Столы,Столы обеденные,TRUBIS,TRUBIS Wood Oval 180,"GGT-03-1-1-O-18090
GGT-03-1-2-O-18090
GGT-03-1-3-O-18090
GGT-03-1-4-O-18090
GGT-03-1-5-O-18090
GGT-03-2-1-O-18090
GGT-03-2-2-O-18090
GGT-03-2-3-O-18090
GGT-03-2-4-O-18090
GGT-03-2-5-O-18090
GGT-03-3-1-O-18090
GGT-03-3-2-O-18090
GGT-03-3-3-O-18090
GGT-03-3-4-O-18090
GGT-03-3-5-O-18090","Стол овальный обеденный с металлическим подстольем

TRUBIS Wood Oval 180"
Столы,Столы обеденные,TRUBIS,"TRUBIS Stone 180
","GGT-03-1-5-O-18090-K
GGT-03-2-5-O-18090-K
GGT-03-3-5-O-18090-K","Стол овальный обеденный с металлическим подстольем

TRUBIS Stone 180

!НОВИНКА!"
Столы,Столы обеденные,TRUBIS,TRUBIS Wood Oval 200,"GGT-03-1-1-O-20090
GGT-03-1-2-O-20090
GGT-03-1-3-O-20090
GGT-03-1-4-O-20090
GGT-03-1-5-O-20090
GGT-03-2-1-O-20090
GGT-03-2-2-O-20090
GGT-03-2-3-O-20090
GGT-03-2-4-O-20090
GGT-03-2-5-O-20090
GGT-03-3-1-O-20090
GGT-03-3-2-O-20090
GGT-03-3-3-O-20090
GGT-03-3-4-O-20090
GGT-03-3-5-O-20090","Стол овальный обеденный с металлическим подстольем

TRUBIS Wood Oval 200"
Столы,Столы обеденные,TRUBIS,"TRUBIS Stone 200
","GGT-03-1-5-O-20090-K
GGT-03-2-5-O-20090-K
GGT-03-3-5-O-20090-K","Стол овальный обеденный с металлическим подстольем

TRUBIS Stone 200

!НОВИНКА!"
Столы,Столы обеденные,TRUBIS,"TRUBIS L Max D90/120
","GGT-03-1-2-L-90-12090
GGT-03-1-3-L-90-12090
GGT-03-1-6-L-90-12090
GGT-03-2-2-L-90-12090
GGT-03-2-3-L-90-12090
GGT-03-2-6-L-90-12090
GGT-03-3-2-L-90-12090
GGT-03-3-3-L-90-12090
GGT-03-3-6-L-90-12090","Стол круглый раздвижной обеденный с металлическим подстольем
 
TRUBIS L Max D90/120
"
Столы,Столы обеденные,TRUBIS,"TRUBIS R Max 120/160
","GGT-03-1-2-R-120-160-80
GGT-03-1-3-R-120-160-80
GGT-03-1-6-R-120-160-80
GGT-03-2-2-R-120-160-80
GGT-03-2-3-R-120-160-80
GGT-03-2-6-R-120-160-80
GGT-03-3-2-R-120-160-80
GGT-03-3-3-R-120-160-80
GGT-03-3-6-R-120-160-80","Стол прямоугольный раздвижной обеденный с металлическим подстольем
 
TRUBIS R Max 120/160
"
Столы,Столы обеденные,TRUBIS,"TRUBIS R Max 140/170
","GGT-03-1-2-R-140-170-90
GGT-03-1-3-R-140-170-90
GGT-03-1-6-R-140-170-90
GGT-03-2-2-R-140-170-90
GGT-03-2-3-R-140-170-90
GGT-03-2-6-R-140-170-90
GGT-03-3-2-R-140-170-90
GGT-03-3-3-R-140-170-90
GGT-03-3-6-R-140-170-90","Стол прямоугольный раздвижной обеденный с металлическим подстольем
 
TRUBIS R Max 140/170
"
Столы,Столы обеденные,BAAKIS,BAAKIS 160,GGT-05-B-160-90,"Стол стеклянный дизайнерский обеденный\рабочий

BAAKIS 160"
Столы,Столы обеденные,BAAKIS,BAAKIS 180,GGT-05-B-180-90,"Стол стеклянный дизайнерский обеденный\рабочий

BAAKIS 180"
Столы,Столы обеденные,BAAKIS,BAAKIS 200,GGT-05-B-200-90,"Стол стеклянный дизайнерский обеденный\рабочий

BAAKIS 200"
Столы,Столы обеденные,VIOLUR,VIOLUR 140,"GGT-20-1-1-14080
GGT-20-1-2-14080
GGT-20-1-3-14080
GGT-20-1-4-14080
GGT-20-1-5-14080
GGT-20-2-1-14080
GGT-20-2-2-14080
GGT-20-2-3-14080
GGT-20-2-4-14080
GGT-20-2-5-14080
GGT-20-3-1-14080
GGT-20-3-2-14080
GGT-20-3-3-14080
GGT-20-3-4-14080
GGT-20-3-5-14080","Стол овальный обеденный с металлическим подстольем 

VIOLUR 140"
Столы,Столы обеденные,VIOLUR,VIOLUR 160,"GGT-20-1-1-16080
GGT-20-1-2-16080
GGT-20-1-3-16080
GGT-20-1-4-16080
GGT-20-1-5-16080
GGT-20-2-1-16080
GGT-20-2-2-16080
GGT-20-2-3-16080
GGT-20-2-4-16080
GGT-20-2-5-16080
GGT-20-3-1-16080
GGT-20-3-2-16080
GGT-20-3-3-16080
GGT-20-3-4-16080
GGT-20-3-5-16080","Стол овальный обеденный с металлическим подстольем 

VIOLUR 160"
Столы,Столы обеденные,VIOLUR,VIOLUR 180,"GGT-20-1-1-18090
GGT-20-1-2-18090
GGT-20-1-3-18090
GGT-20-1-4-18090
GGT-20-1-5-18090
GGT-20-2-1-18090
GGT-20-2-2-18090
GGT-20-2-3-18090
GGT-20-2-4-18090
GGT-20-2-5-18090
GGT-20-3-1-18090
GGT-20-3-2-18090
GGT-20-3-3-18090
GGT-20-3-4-18090
GGT-20-3-5-18090","Стол овальный обеденный с металлическим подстольем 

VIOLUR 180"
Столы,Столы обеденные,VIOLUR,VIOLUR 200,"GGT-20-1-1-20090
GGT-20-1-2-20090
GGT-20-1-3-20090
GGT-20-1-4-20090
GGT-20-1-5-20090
GGT-20-2-1-20090
GGT-20-2-2-20090
GGT-20-2-3-20090
GGT-20-2-4-20090
GGT-20-2-5-20090
GGT-20-3-1-20090
GGT-20-3-2-20090
GGT-20-3-3-20090
GGT-20-3-4-20090
GGT-20-3-5-20090","Стол овальный обеденный с металлическим подстольем 

VIOLUR 200"
Столы,Столы обеденные,VIOLUR,"VIOLUR Max 110/140
","GGT-20-1-1-110-140-70
GGT-20-1-2-110-140-70
GGT-20-1-3-110-140-70
GGT-20-1-4-110-140-70
GGT-20-1-5-110-140-70
GGT-20-2-1-110-140-70
GGT-20-2-2-110-140-70
GGT-20-2-3-110-140-70
GGT-20-2-4-110-140-70
GGT-20-2-5-110-140-70
GGT-20-3-1-110-140-70
GGT-20-3-2-110-140-70
GGT-20-3-3-110-140-70
GGT-20-3-4-110-140-70
GGT-20-3-5-110-140-70","Стол прямоугольный раздвижной обеденный с металлическим подстольем
 
VIOLUR Max 110/140
"
Столы,Столы обеденные,VIOLUR,"VIOLUR Max 120/190

","GGT-20-1-1-120-190-80
GGT-20-1-2-120-190-80
GGT-20-1-3-120-190-80
GGT-20-1-4-120-190-80
GGT-20-1-5-120-190-80
GGT-20-2-1-120-190-80
GGT-20-2-2-120-190-80
GGT-20-2-3-120-190-80
GGT-20-2-4-120-190-80
GGT-20-2-5-120-190-80
GGT-20-3-1-120-190-80
GGT-20-3-2-120-190-80
GGT-20-3-3-120-190-80
GGT-20-3-4-120-190-80
GGT-20-3-5-120-190-80","Стол прямоугольный раздвижной обеденный с металлическим подстольем
 
VIOLUR Max 120/190

"
Столы,Столы обеденные,ARFEO,ARFEO Duo 180,"GGT-28-1-1-180-90
GGT-28-1-2-180-90
GGT-28-1-3-180-90
GGT-28-2-1-180-90
GGT-28-2-2-180-90
GGT-28-2-3-180-90
GGT-28-3-1-180-90
GGT-28-3-2-180-90
GGT-28-3-3-180-90","Стол прямоугольный обеденный с металлическим подстольем

ARFEO Duo 180"
Столы,Столы обеденные,ARFEO,ARFEO Duo 200,"GGT-28-1-1-200-100
GGT-28-1-2-200-100
GGT-28-1-3-200-100
GGT-28-2-1-200-100
GGT-28-2-2-200-100
GGT-28-2-3-200-100
GGT-28-3-1-200-100
GGT-28-3-2-200-100
GGT-28-3-3-200-100","Стол прямоугольный обеденный с металлическим подстольем

ARFEO Duo 200"
Столы,Столы обеденные,"KONUX
","KONUX D100/180 х 100
","GGT-35-1-2-100-180
GGT-35-1-3-100-180
GGT-35-2-2-100-180
GGT-35-2-3-100-180
GGT-35-3-2-100-180
GGT-35-3-3-100-180
","Стол раздвижной обеденный с металлическим подстольем

KONUX D100/180 х 100

!НОВИНКА!"
Столы,Столы обеденные,"SELENTI
","SELENTI D120
","GGT-40-23-25-120-K
GGT-40-32-25-120-K","Стол керамический обеденный с металлическим подстольем

SELENTI D120

!НОВИНКА!"
Столы,Столы обеденные,"SUNVIO
","SUNVIO D120
","
GGT-41-1-35-120-K
GGT-41-2-25-120-K
GGT-41-3-35-120-K","Стол керамический обеденный с металлическим подстольем

SUNVIO D120

!НОВИНКА!"
Столы,Столы обеденные,"TUBARIS
","TUBARIS D90
","GGT-42-2-25-90-K
GGT-42-3-35-90-K
GGT-42-13-35-90-K 
GGT-42-23-25-90-K
GGT-42-31-35-90-K
GGT-42-2-22-90-G
GGT-42-21-22-90-G
GGT-42-2-23-90-G","Стол керамический обеденный с металлическим подстольем

TUBARIS D90

!НОВИНКА!"
Столы,Столы обеденные,"TUBARIS
","TUBARIS D100
","GGT-42-2-25-100-K
GGT-42-3-35-100-K
GGT-42-13-35-100-K 
GGT-42-23-25-100-K
GGT-42-31-35-100-K
GGT-42-2-22-100-G
GGT-42-21-22-100-G
GGT-42-2-23-100-G","Стол керамический обеденный с металлическим подстольем

TUBARIS D100

!НОВИНКА!"
Столы,Столы обеденные,"TUBARIS
","TUBARIS D120
","GGT-42-2-25-120-K
GGT-42-3-35-120-K
GGT-42-13-35-120-K 
GGT-42-23-25-120-K
GGT-42-31-35-120-K
GGT-42-2-22-120-G
GGT-42-21-22-120-G
GGT-42-2-23-120-G","Стол керамический обеденный с металлическим подстольем

TUBARIS D120

!НОВИНКА!"
Столы,Столы обеденные,"TUBARIS
","TUBARIS Oval 200
","GGT-42-2-25-200-К
GGT-42-3-35-200-К
GGT-42-31-35-200-К","Стол керамический обеденный овальный с металлическим подстольем

TUBARIS Oval 200

!НОВИНКА!"
Столы,Столы обеденные,"TUBARIS
","TUBARIS Oval 220
","GGT-42-2-25-220-К
GGT-42-3-35-220-К
GGT-42-31-35-220-К","Стол керамический обеденный овальный с металлическим подстольем

TUBARIS Oval 220

!НОВИНКА!"
Столы,Столы обеденные,"TUBARIS
","TUBARIS Oval 250
","GGT-42-2-25-250-К
GGT-42-3-35-250-К
GGT-42-31-35-250-К","Стол керамический обеденный овальный с металлическим подстольем

TUBARIS Oval 250

!НОВИНКА!"
Столы,Столы обеденные,"GRESIO
","GRESIO D120
","
GGT-43-2-25-120-K
GGT-43-3-35-120-K","Стол керамический обеденный с металлическим подстольем

GRESIO D120

!НОВИНКА!"
Столы,Столы журнальные,TRUBIS,TRUBIS Wood S 40,"GGT-03-1-1-S-40
GGT-03-1-2-S-40
GGT-03-1-3-S-40
GGT-03-1-4-S-40
GGT-03-1-5-S-40
GGT-03-2-1-S-40
GGT-03-2-2-S-40
GGT-03-2-3-S-40
GGT-03-2-4-S-40
GGT-03-2-5-S-40
GGT-03-3-1-S-40
GGT-03-3-2-S-40
GGT-03-3-3-S-40
GGT-03-3-4-S-40
GGT-03-3-5-S-40","Журнальный стол круглый с металлическим подстольем

TRUBIS Wood S 40"
Столы,Столы журнальные,TRUBIS,TRUBIS Wood S 60,"GGT-03-1-1-S-60
GGT-03-1-2-S-60
GGT-03-1-3-S-60
GGT-03-1-4-S-60
GGT-03-1-5-S-60
GGT-03-2-1-S-60
GGT-03-2-2-S-60
GGT-03-2-3-S-60
GGT-03-2-4-S-60
GGT-03-2-5-S-60
GGT-03-3-1-S-60
GGT-03-3-2-S-60
GGT-03-3-3-S-60
GGT-03-3-4-S-60
GGT-03-3-5-S-60","Журнальный стол круглый с металлическим подстольем

TRUBIS Wood S 60"
Столы,Столы журнальные,TRUBIS,TRUBIS Wood M 60,"GGT-03-1-1-M-60
GGT-03-1-2-M-60
GGT-03-1-3-M-60
GGT-03-1-4-M-60
GGT-03-1-5-M-60
GGT-03-2-1-M-60
GGT-03-2-2-M-60
GGT-03-2-3-M-60
GGT-03-2-4-M-60
GGT-03-2-5-M-60
GGT-03-3-1-M-60
GGT-03-3-2-M-60
GGT-03-3-3-M-60
GGT-03-3-4-M-60
GGT-03-3-5-M-60","Журнальный стол круглый с металлическим подстольем

TRUBIS Wood M 60"
Столы,Столы журнальные,TRUBIS,TRUBIS Wood M 80,"GGT-03-1-1-M-80
GGT-03-1-2-M-80
GGT-03-1-3-M-80
GGT-03-1-4-M-80
GGT-03-1-5-M-80
GGT-03-2-1-M-80
GGT-03-2-2-M-80
GGT-03-2-3-M-80
GGT-03-2-4-M-80
GGT-03-2-5-M-80
GGT-03-3-1-M-80
GGT-03-3-2-M-80
GGT-03-3-3-M-80
GGT-03-3-4-M-80
GGT-03-3-5-M-80","Журнальный стол круглый с металлическим подстольем

TRUBIS Wood M 80"
Столы,Столы журнальные,TRUBIS,TRUBIS Wood M 100,"GGT-03-1-1-M-100
GGT-03-1-2-M-100
GGT-03-1-3-M-100
GGT-03-1-4-M-100
GGT-03-1-5-M-100
GGT-03-2-1-M-100
GGT-03-2-2-M-100
GGT-03-2-3-M-100
GGT-03-2-4-M-100
GGT-03-2-5-M-100
GGT-03-3-1-M-100
GGT-03-3-2-M-100
GGT-03-3-3-M-100
GGT-03-3-4-M-100
GGT-03-3-5-M-100","Журнальный стол круглый с металлическим подстольем

TRUBIS Wood M 100"
Столы,Столы журнальные,TRUBIS,TRUBIS Wood M 120,"GGT-03-1-1-M-120
GGT-03-1-2-M-120
GGT-03-1-3-M-120
GGT-03-1-4-M-120
GGT-03-1-5-M-120
GGT-03-2-1-M-120
GGT-03-2-2-M-120
GGT-03-2-3-M-120
GGT-03-2-4-M-120
GGT-03-2-5-M-120
GGT-03-3-1-M-120
GGT-03-3-2-M-120
GGT-03-3-3-M-120
GGT-03-3-4-M-120
GGT-03-3-5-M-120","Журнальный стол круглый с металлическим подстольем

TRUBIS Wood M 120"
Столы,Столы журнальные,RILONI,RILONI,"GGT-12-1
GGT-12-2
GGT-12-3","Журнальный столик металлический приставной 

RILONI"
Столы,Столы журнальные,HORSIX,HORSIX Wood S,"GGT-14-1-1-S
GGT-14-1-2-S
GGT-14-1-3-S
GGT-14-2-1-S
GGT-14-2-2-S
GGT-14-2-3-S
GGT-14-3-1-S
GGT-14-3-2-S
GGT-14-3-3-S","Журнальный столик металлический приставной

HORSIX Wood S"
Столы,Столы журнальные,EVEZER,EVEZER,"GGT-15-1
GGT-15-2
GGT-15-3","Журнальный столик металлический приставной

EVEZER"
Столы,Столы журнальные,DUHORSIX,DUHORSIX Low,"GGT-19-1-2
GGT-19-1-3
GGT-19-2-2
GGT-19-2-3
GGT-19-3-2
GGT-19-3-3","Журнальный столик металлический 

DUHORSIX Low"
Хранение,Вешалки,EVESA,EVESA,"GGR-10-1
GGR-10-2
GGR-10-4",Вешалка напольная металлическая EVESA
Хранение,Вешалки,ZILOSI,ZILOSI,"GGR-11-1
GGR-11-2
GGR-11-3
GGR-11-4",Вешалка напольная металлическая ZILOSI
Консоли/тумбы,Консоли,ARFEO,ARFEO 80,"GGK-02-1-2-80
GGK-02-1-3-80
GGK-02-1-4-80
GGK-02-1-5-80
GGK-02-2-2-80
GGK-02-2-3-80
GGK-02-2-4-80
GGK-02-2-5-80
GGK-02-3-2-80
GGK-02-3-3-80
GGK-02-3-4-80
GGK-02-3-5-80","Консоль с металлическим подстольем 

ARFEO 80"
Консоли/тумбы,Консоли,ARFEO,ARFEO 100,"GGK-02-1-2-100
GGK-02-1-3-100
GGK-02-1-4-100
GGK-02-1-5-100
GGK-02-2-2-100
GGK-02-2-3-100
GGK-02-2-4-100
GGK-02-2-5-100
GGK-02-3-2-100
GGK-02-3-3-100
GGK-02-3-4-100
GGK-02-3-5-100","Консоль с металлическим подстольем 

ARFEO 100"
Консоли/тумбы,Консоли,ARFEO,ARFEO 120,"GGK-02-1-2-120
GGK-02-1-3-120
GGK-02-1-4-120
GGK-02-1-5-120
GGK-02-2-2-120
GGK-02-2-3-120
GGK-02-2-4-120
GGK-02-2-5-120
GGK-02-3-2-120
GGK-02-3-3-120
GGK-02-3-4-120
GGK-02-3-5-120","Консоль с металлическим подстольем 

ARFEO 120"
Консоли/тумбы,Консоли,VIOLUR,VIOLUR 70,"GGK-05-1-1-7040
GGK-05-1-2-7040
GGK-05-1-3-7040
GGK-05-2-1-7040
GGK-05-2-2-7040
GGK-05-2-3-7040
GGK-05-3-1-7040
GGK-05-3-2-7040
GGK-05-3-3-7040","Консоль с металлическим подстольем 

VIOLUR 70"
Консоли/тумбы,Консоли,VIOLUR,VIOLUR 120,"GGK-05-1-2-12040
GGK-05-1-3-12040
GGK-05-1-4-12040
GGK-05-1-5-12040
GGK-05-2-2-12040
GGK-05-2-3-12040
GGK-05-2-4-12040
GGK-05-2-5-12040
GGK-05-3-2-12040
GGK-05-3-3-12040
GGK-05-3-4-12040
GGK-05-3-5-12040","Консоль с металлическим подстольем 

VIOLUR 120"
Консоли/тумбы,Консоли,TRUBIS,TRUBIS 110,"GGK-06-1-2-110
GGK-06-1-3-110
GGK-06-2-2-110
GGK-06-2-3-110
GGK-06-3-2-110
GGK-06-3-3-110","Консоль с металлическим подстольем 

TRUBIS 110"
Консоли/тумбы,Консоли,TRUBIS,TRUBIS 80,"GGK-06-1-2-80
GGK-06-1-3-80
GGK-06-1-4-80
GGK-06-1-5-80
GGK-06-2-2-80
GGK-06-2-3-80
GGK-06-2-4-80
GGK-06-2-5-80
GGK-06-3-2-80
GGK-06-3-3-80
GGK-06-3-4-80
GGK-06-3-5-80","Консоль с металлическим подстольем 

TRUBIS 80"
Консоли/тумбы,Консоли,TRUBIS,TRUBIS 100,"GGK-06-1-2-100
GGK-06-1-3-100
GGK-06-1-4-100
GGK-06-1-5-100
GGK-06-2-2-100
GGK-06-2-3-100
GGK-06-2-4-100
GGK-06-2-5-100
GGK-06-3-2-100
GGK-06-3-3-100
GGK-06-3-4-100
GGK-06-3-5-100","Консоль с металлическим подстольем 

TRUBIS 100"
Консоли/тумбы,Консоли,TRUBIS,TRUBIS 120,"GGK-06-1-2-120
GGK-06-1-3-120
GGK-06-1-4-120
GGK-06-1-5-120
GGK-06-2-2-120
GGK-06-2-3-120
GGK-06-2-4-120
GGK-06-2-5-120
GGK-06-3-2-120
GGK-06-3-3-120
GGK-06-3-4-120
GGK-06-3-5-120","Консоль с металлическим подстольем 

TRUBIS 120"
Перегородки,Перегородки,ZONIQUE,ZONIQUE 200*70,"GGP-01-1-B-200-70
GGP-01-2-B-200-70
GGP-01-3-B-200-70
GGP-01-1-I-200-70
GGP-01-2-I-200-70
GGP-01-3-I-200-70","Дизайнерская металлическая перегородка 

ZONIQUE 200*70"
Перегородки,Перегородки,ZONIQUE,ZONIQUE 200*80,"GGP-01-1-B-200-80
GGP-01-2-B-200-80
GGP-01-3-B-200-80
GGP-01-1-I-200-80
GGP-01-2-I-200-80
GGP-01-3-I-200-80","Дизайнерская металлическая перегородка 

ZONIQUE 200*80"
Перегородки,Перегородки,ZONIQUE,ZONIQUE 200*90,"GGP-01-1-B-200-90
GGP-01-2-B-200-90
GGP-01-3-B-200-90
GGP-01-1-I-200-90
GGP-01-2-I-200-90
GGP-01-3-I-200-90","Дизайнерская металлическая перегородка 

ZONIQUE 200*90"
Перегородки,Перегородки,ZONIQUE,ZONIQUE 200*100,"GGP-01-1-B-200-100
GGP-01-2-B-200-100
GGP-01-3-B-200-100
GGP-01-1-I-200-100
GGP-01-2-I-200-100
GGP-01-3-I-200-100","Дизайнерская металлическая перегородка 

ZONIQUE 200*100"
Перегородки,Перегородки,ZONIQUE,ZONIQUE 220*70,"GGP-01-1-B-220-70
GGP-01-2-B-220-70
GGP-01-3-B-220-70
GGP-01-1-I-220-70
GGP-01-2-I-220-70
GGP-01-3-I-220-70","Дизайнерская металлическая перегородка 

ZONIQUE 220*70"
Перегородки,Перегородки,ZONIQUE,ZONIQUE 220*80,"GGP-01-1-B-220-80
GGP-01-2-B-220-80
GGP-01-3-B-220-80
GGP-01-1-I-220-80
GGP-01-2-I-220-80
GGP-01-3-I-220-80","Дизайнерская металлическая перегородка 

ZONIQUE 220*80"
Перегородки,Перегородки,ZONIQUE,ZONIQUE 220*90,"GGP-01-1-B-220-90
GGP-01-2-B-220-90
GGP-01-3-B-220-90
GGP-01-1-I-220-90
GGP-01-2-I-220-90
GGP-01-3-I-220-90","Дизайнерская металлическая перегородка 

ZONIQUE 220*90"
Перегородки,Перегородки,ZONIQUE,ZONIQUE 220*100,"GGP-01-1-B-220-100
GGP-01-2-B-220-100
GGP-01-3-B-220-100
GGP-01-1-I-220-100
GGP-01-2-I-220-100
GGP-01-3-I-220-100","Дизайнерская металлическая перегородка 

ZONIQUE 220*100"
Перегородки,Перегородки,ZONIQUE,ZONIQUE 240*70,"GGP-01-1-B-240-70
GGP-01-2-B-240-70
GGP-01-3-B-240-70
GGP-01-1-I-240-70
GGP-01-2-I-240-70
GGP-01-3-I-240-70","Дизайнерская металлическая перегородка 

ZONIQUE 240*70"
Перегородки,Перегородки,ZONIQUE,ZONIQUE 240*80,"GGP-01-1-B-240-80
GGP-01-2-B-240-80
GGP-01-3-B-240-80
GGP-01-1-I-240-80
GGP-01-2-I-240-80
GGP-01-3-I-240-80","Дизайнерская металлическая перегородка 

ZONIQUE 240*80"
Перегородки,Перегородки,ZONIQUE,ZONIQUE 240*90,"GGP-01-1-B-240-90
GGP-01-2-B-240-90
GGP-01-3-B-240-90
GGP-01-1-I-240-90
GGP-01-2-I-240-90
GGP-01-3-I-240-90","Дизайнерская металлическая перегородка 

ZONIQUE 240*90"
Перегородки,Перегородки,ZONIQUE,ZONIQUE 240*100,"GGP-01-1-B-240-100
GGP-01-2-B-240-100
GGP-01-3-B-240-100
GGP-01-1-I-240-100
GGP-01-2-I-240-100
GGP-01-3-I-240-100","Дизайнерская металлическая перегородка 

ZONIQUE 240*100"
Перегородки,Перегородки,"ZONIQUE
PREMIUM","ZONIQUE 200*70
PREMIUM","GGP-02-1-R-200-70
GGP-02-2-R-200-70
GGP-02-3-R-200-70
GGP-02-1-BM-200-70
GGP-02-2-BM-200-70
GGP-02-3-BM-200-70
GGP-02-1-T-200-70
GGP-02-2-T-200-70
GGP-02-3-T-200-70","Дизайнерская металлическая перегородка с рифлёным стеклом

ZONIQUE 200*70
PREMIUM"
Перегородки,Перегородки,"ZONIQUE
PREMIUM",ZONIQUE 200*80 PREMIUM,"GGP-02-1-R-200-80
GGP-02-2-R-200-80
GGP-02-3-R-200-80
GGP-02-1-BM-200-80
GGP-02-2-BM-200-80
GGP-02-3-BM-200-80
GGP-02-1-T-200-80
GGP-02-2-T-200-80
GGP-02-3-T-200-80","Дизайнерская металлическая перегородка с рифлёным стеклом

ZONIQUE 200*80
PREMIUM"
Перегородки,Перегородки,"ZONIQUE
PREMIUM",ZONIQUE 200*90 PREMIUM,"GGP-02-1-R-200-90
GGP-02-2-R-200-90
GGP-02-3-R-200-90
GGP-02-1-BM-200-90
GGP-02-2-BM-200-90
GGP-02-3-BM-200-90
GGP-02-1-T-200-90
GGP-02-2-T-200-90
GGP-02-3-T-200-90","Дизайнерская металлическая перегородка с рифлёным стеклом

ZONIQUE 200*90
PREMIUM"
Перегородки,Перегородки,"ZONIQUE
PREMIUM",ZONIQUE 200*100 PREMIUM,"GGP-02-1-R-200-100
GGP-02-2-R-200-100
GGP-02-3-R-200-100
GGP-02-1-BM-200-100
GGP-02-2-BM-200-100
GGP-02-3-BM-200-100
GGP-02-1-T-200-100
GGP-02-2-T-200-100
GGP-02-3-T-200-100","Дизайнерская металлическая перегородка с рифлёным стеклом

ZONIQUE 200*100
PREMIUM"
Перегородки,Перегородки,"ZONIQUE
PREMIUM",ZONIQUE 220*70 PREMIUM,"GGP-02-1-R-220-70
GGP-02-2-R-220-70
GGP-02-3-R-220-70
GGP-02-1-BM-220-70
GGP-02-2-BM-220-70
GGP-02-3-BM-220-70
GGP-02-1-T-220-70
GGP-02-2-T-220-70
GGP-02-3-T-220-70","Дизайнерская металлическая перегородка с рифлёным стеклом

ZONIQUE 220*70
PREMIUM"
Перегородки,Перегородки,"ZONIQUE
PREMIUM",ZONIQUE 220*80 PREMIUM,"GGP-02-1-R-220-80
GGP-02-2-R-220-80
GGP-02-3-R-220-80
GGP-02-1-BM-220-80
GGP-02-2-BM-220-80
GGP-02-3-BM-220-80
GGP-02-1-T-220-80
GGP-02-2-T-220-80
GGP-02-3-T-220-80","Дизайнерская металлическая перегородка с рифлёным стеклом

ZONIQUE 220*80
PREMIUM"
Перегородки,Перегородки,"ZONIQUE
PREMIUM",ZONIQUE 220*90 PREMIUM,"GGP-02-1-R-220-90
GGP-02-2-R-220-90
GGP-02-3-R-220-90
GGP-02-1-BM-220-90
GGP-02-2-BM-220-90
GGP-02-3-BM-220-90
GGP-02-1-T-220-90
GGP-02-2-T-220-90
GGP-02-3-T-220-90","Дизайнерская металлическая перегородка с рифлёным стеклом

ZONIQUE 220*90
PREMIUM"
Перегородки,Перегородки,"ZONIQUE
PREMIUM",ZONIQUE 220*100 PREMIUM,"GGP-02-1-R-220-100
GGP-02-2-R-220-100
GGP-02-3-R-220-100
GGP-02-1-BM-220-100
GGP-02-2-BM-220-100
GGP-02-3-BM-220-100
GGP-02-1-T-220-100
GGP-02-2-T-220-100
GGP-02-3-T-220-100","Дизайнерская металлическая перегородка с рифлёным стеклом

ZONIQUE 220*100
PREMIUM"
Перегородки,Перегородки,"ZONIQUE
PREMIUM",ZONIQUE 240*70 PREMIUM,"GGP-02-1-R-240-70
GGP-02-2-R-240-70
GGP-02-3-R-240-70
GGP-02-1-BM-240-70
GGP-02-2-BM-240-70
GGP-02-3-BM-240-70
GGP-02-1-T-240-70
GGP-02-2-T-240-70
GGP-02-3-T-240-70","Дизайнерская металлическая перегородка с рифлёным стеклом

ZONIQUE 240*70
PREMIUM"
Перегородки,Перегородки,"ZONIQUE
PREMIUM",ZONIQUE 240*80 PREMIUM,"GGP-02-1-R-240-80
GGP-02-2-R-240-80
GGP-02-3-R-240-80
GGP-02-1-BM-240-80
GGP-02-2-BM-240-80
GGP-02-3-BM-240-80
GGP-02-1-T-240-80
GGP-02-2-T-240-80
GGP-02-3-T-240-80","Дизайнерская металлическая перегородка с рифлёным стеклом

ZONIQUE 240*80
PREMIUM"
Перегородки,Перегородки,"ZONIQUE
PREMIUM",ZONIQUE 240*90 PREMIUM,"GGP-02-1-R-240-90
GGP-02-2-R-240-90
GGP-02-3-R-240-90
GGP-02-1-BM-240-90
GGP-02-2-BM-240-90
GGP-02-3-BM-240-90
GGP-02-1-T-240-90
GGP-02-2-T-240-90
GGP-02-3-T-240-90","Дизайнерская металлическая перегородка с рифлёным стеклом

ZONIQUE 240*90
PREMIUM"
Перегородки,Перегородки,"ZONIQUE
PREMIUM",ZONIQUE 240*100 PREMIUM,"GGP-02-1-R-240-100
GGP-02-2-R-240-100
GGP-02-3-R-240-100
GGP-02-1-BM-240-100
GGP-02-2-BM-240-100
GGP-02-3-BM-240-100
GGP-02-1-T-240-100
GGP-02-2-T-240-100
GGP-02-3-T-240-100","Дизайнерская металлическая перегородка с рифлёным стеклом

ZONIQUE 240*100
PREMIUM"
Перегородки,Перегородки,LATTIQUE,LATTIQUE V 200*70,"GGP-03-1-200-70
GGP-03-2-200-70
GGP-03-3-200-70","Реечная металлическая перегородка 

LATTIQUE V 200*70"
Перегородки,Перегородки,LATTIQUE,LATTIQUE V 200*80,"GGP-03-1-200-80
GGP-03-2-200-80
GGP-03-3-200-80","Реечная металлическая перегородка 

LATTIQUE V 200*80"
Перегородки,Перегородки,LATTIQUE,LATTIQUE V 200*90,"GGP-03-1-200-90
GGP-03-2-200-90
GGP-03-3-200-90","Реечная металлическая перегородка 

LATTIQUE V 200*90"
Перегородки,Перегородки,LATTIQUE,LATTIQUE V 200*100,"GGP-03-1-200-100
GGP-03-2-200-100
GGP-03-3-200-100","Реечная металлическая перегородка 

LATTIQUE V 200*100"
Перегородки,Перегородки,LATTIQUE,LATTIQUE V 220*70,"GGP-03-1-220-70
GGP-03-2-220-70
GGP-03-3-220-70","Реечная металлическая перегородка 

LATTIQUE V 220*70"
Перегородки,Перегородки,LATTIQUE,LATTIQUE V 220*80,"GGP-03-1-220-80
GGP-03-2-220-80
GGP-03-3-220-80","Реечная металлическая перегородка 

LATTIQUE V 220*80"
Перегородки,Перегородки,LATTIQUE,LATTIQUE V 220*90,"GGP-03-1-220-90
GGP-03-2-220-90
GGP-03-3-220-90","Реечная металлическая перегородка 

LATTIQUE V 220*90"
Перегородки,Перегородки,LATTIQUE,LATTIQUE V 220*100,"GGP-03-1-220-100
GGP-03-2-220-100
GGP-03-3-220-100","Реечная металлическая перегородка 

LATTIQUE V 220*100"
Перегородки,Перегородки,LATTIQUE,LATTIQUE V 240*70,"GGP-03-1-240-70
GGP-03-2-240-70
GGP-03-3-240-70","Реечная металлическая перегородка 

LATTIQUE V 240*70"
Перегородки,Перегородки,LATTIQUE,LATTIQUE V 240*80,"GGP-03-1-240-80
GGP-03-2-240-80
GGP-03-3-240-80","Реечная металлическая перегородка 

LATTIQUE V 240*80"
Перегородки,Перегородки,LATTIQUE,LATTIQUE V 240*90,"GGP-03-1-240-90
GGP-03-2-240-90
GGP-03-3-240-90","Реечная металлическая перегородка 

LATTIQUE V 240*90"
Перегородки,Перегородки,LATTIQUE,LATTIQUE V 240*100,"GGP-03-1-240-100
GGP-03-2-240-100
GGP-03-3-240-100","Реечная металлическая перегородка 

LATTIQUE V 240*100"
Перегородки,Перегородки,LATTIQUE,LATTIQUE G 200*70,"GGP-04-1-200-70
GGP-04-2-200-70
GGP-04-3-200-70","Реечная металлическая перегородка 

LATTIQUE G 200*70"
Перегородки,Перегородки,LATTIQUE,LATTIQUE G 200*80,"GGP-04-1-200-80
GGP-04-2-200-80
GGP-04-3-200-80","Реечная металлическая перегородка 

LATTIQUE G 200*80"
Перегородки,Перегородки,LATTIQUE,LATTIQUE G 200*90,"GGP-04-1-200-90
GGP-04-2-200-90
GGP-04-3-200-90","Реечная металлическая перегородка 

LATTIQUE G 200*90"
Перегородки,Перегородки,LATTIQUE,LATTIQUE G 200*100,"GGP-04-1-200-100
GGP-04-2-200-100
GGP-04-3-200-100","Реечная металлическая перегородка 

LATTIQUE G 200*100"
Перегородки,Перегородки,LATTIQUE,LATTIQUE G 220*70,"GGP-04-1-220-70
GGP-04-2-220-70
GGP-04-3-220-70","Реечная металлическая перегородка 

LATTIQUE G 220*70"
Перегородки,Перегородки,LATTIQUE,LATTIQUE G 220*80,"GGP-04-1-220-80
GGP-04-2-220-80
GGP-04-3-220-80","Реечная металлическая перегородка 

LATTIQUE G 220*80"
Перегородки,Перегородки,LATTIQUE,LATTIQUE G 220*90,"GGP-04-1-220-90
GGP-04-2-220-90
GGP-04-3-220-90","Реечная металлическая перегородка 

LATTIQUE G 220*90"
Перегородки,Перегородки,LATTIQUE,LATTIQUE G 220*100,"GGP-04-1-220-100
GGP-04-2-220-100
GGP-04-3-220-100","Реечная металлическая перегородка 

LATTIQUE G 220*100"
Перегородки,Перегородки,LATTIQUE,LATTIQUE G 240*70,"GGP-04-1-240-70
GGP-04-2-240-70
GGP-04-3-240-70","Реечная металлическая перегородка 

LATTIQUE G 240*70"
Перегородки,Перегородки,LATTIQUE,LATTIQUE G 240*80,"GGP-04-1-240-80
GGP-04-2-240-80
GGP-04-3-240-80","Реечная металлическая перегородка 

LATTIQUE G 240*80"
Перегородки,Перегородки,LATTIQUE,LATTIQUE G 240*90,"GGP-04-1-240-90
GGP-04-2-240-90
GGP-04-3-240-90","Реечная металлическая перегородка 

LATTIQUE G 240*90"
Перегородки,Перегородки,LATTIQUE,LATTIQUE G 240*100,"GGP-04-1-240-100
GGP-04-2-240-100
GGP-04-3-240-100","Реечная металлическая перегородка 

LATTIQUE G 240*100"
Мягкая мебель,Пуф,HORSIX Pouf,HORSIX Pouf,"GGS-01-1-1
GGS-01-1-2
GGS-01-1-3
GGS-01-1-4
GGS-01-2-1
GGS-01-2-2
GGS-01-2-3
GGS-01-2-4
GGS-01-3-1
GGS-01-3-2
GGS-01-3-3
GGS-01-3-4","Дизайнерский пуф на металлокаркасе

HORSIX Pouf"
Маркерные доски,Маркерные доски,BASE,"BASE
60*90","B-60-90-9003
B-60-90-9005
B-6090-9003
B-6090-9005","Стеклянная магнитно-маркерная доска прямоугольная/ с закругленными углами

BASE
60*90"
Маркерные доски,Маркерные доски,BASE,"BASE
90*120","B-90-120-9003
B-90-120-9005
B-90120-9003
B-90120-9005","Стеклянная магнитно-маркерная доска прямоугольная/ с закругленными углами

BASE
90*120"
Маркерные доски,Маркерные доски,BASE,"BASE
100*150","B-100-150-9003
B-100-150-9005
B-100150-9003
B-100150-9005","Стеклянная магнитно-маркерная доска прямоугольная/ с закругленными углами

BASE
100*150"
Маркерные доски,Маркерные доски,BASE,"BASE
100*200","B-100-200-9003
B-100-200-9005
B-100200-9003
B-100200-9005","Стеклянная магнитно-маркерная доска прямоугольная/ с закругленными углами
BASE
100*200"
Маркерные доски,Маркерные доски,BASE,"BASE
120*180","B-120-180-9003
B-120-180-9005
B-120180-9003
B-120180-9005","Стеклянная магнитно-маркерная доска прямоугольная/ с закругленными углами

BASE
120*180"
Маркерные доски,Маркерные доски,BASE,"BASE
120*200","B-120-200-9003
B-120-200-9005
B-120200-9003
B-120200-9005","Стеклянная магнитно-маркерная доска прямоугольная/ с закругленными углами

BASE
120*200"
Маркерные доски,Маркерные доски,BASE,"BASE
120*240","B-120-240-9003
B-120-240-9005
B-120240-9003
B-120240-9005","Стеклянная магнитно-маркерная доска прямоугольная/ с закругленными углами

BASE
120*240"
Маркерные доски,Маркерные доски,COLOR,"COLOR
60*90","C-60-90-
C-6090-","Стеклянная магнитно-маркерная доска прямоугольная/ с закругленными углами

COLOR
60*90"
Маркерные доски,Маркерные доски,COLOR,"COLOR
90*120","C-90-120-
C-90120-","Стеклянная магнитно-маркерная доска прямоугольная/ с закругленными углами

COLOR
90*120"
Маркерные доски,Маркерные доски,COLOR,"COLOR
100*150","C-100-150-
C-100150-","Стеклянная магнитно-маркерная доска прямоугольная/ с закругленными углами

COLOR
100*150"
Маркерные доски,Маркерные доски,COLOR,"COLOR
100*200","C-100-200-
C-100200-","Стеклянная магнитно-маркерная доска прямоугольная/ с закругленными углами

COLOR
100*200"
Маркерные доски,Маркерные доски,COLOR,"COLOR
120*180","C-120-180-
C-120180-","Стеклянная магнитно-маркерная доска прямоугольная/ с закругленными углами,

COLOR
120*180"
Маркерные доски,Маркерные доски,COLOR,"COLOR
120*200","C-120-200-
C-120200-","Стеклянная магнитно-маркерная доска прямоугольная/ с закругленными углами,

COLOR
120*200"
Маркерные доски,Маркерные доски,COLOR," COLOR
120*240","C-120-240-
C-120240-","Стеклянная магнитно-маркерная доска прямоугольная/ с закругленными углами,

 COLOR
120*240"
Маркерные доски,Маркерные доски,DESIGN,"DESIGN
60*90","D-60-90-
D-6090-","Стеклянная магнитно-маркерная доска прямоугольная/ с закругленными углами,

DESIGN
60*90"
Маркерные доски,Маркерные доски,DESIGN,"DESIGN
90*120","D-90-120-
D-90120-","Стеклянная магнитно-маркерная доска прямоугольная/ с закругленными углами,

DESIGN
90*120"
Маркерные доски,Маркерные доски,DESIGN,"DESIGN
100*150","D-100-150-
D-100150-","Стеклянная магнитно-маркерная доска прямоугольная/ с закругленными углами,

DESIGN
100*150"
Маркерные доски,Маркерные доски,DESIGN,"DESIGN
100*200","D-100-200-
D-100200-","Стеклянная магнитно-маркерная доска прямоугольная/ с закругленными углами,

DESIGN
100*200"
Маркерные доски,Маркерные доски,DESIGN,"DESIGN
120*180","D-120-180-
D-120180-","Стеклянная магнитно-маркерная доска прямоугольная/ с закругленными углами,

DESIGN
120*180"
Маркерные доски,Маркерные доски,DESIGN,"DESIGN
120*200","D-120-200-
D-120200-","Стеклянная магнитно-маркерная доска прямоугольная/ с закругленными углами,

DESIGN
120*200"
Маркерные доски,Маркерные доски,DESIGN,"DESIGN
120*240","D-120-240-
D-120240-","Стеклянная магнитно-маркерная доска прямоугольная/ с закругленными углами,

DESIGN
120*240"
Комплектующие,Подстолье,TRUBIS,TRUBIS S 400,"GGTP-03-1-S
GGTP-03-2-S
GGTP-03-3-S","Подстолье металлическое круглое (журнальное)

TRUBIS S 400"
Комплектующие,Подстолье,TRUBIS,TRUBIS M 600,"GGTP-03-1-M
GGTP-03-2-M
GGTP-03-3-M","Подстолье металлическое круглое (журнальное)

TRUBIS M 600"
Комплектующие,Подстолье,TRUBIS,TRUBIS L 400,"GGTP-03-1-L
GGTP-03-2-L
GGTP-03-3-L","Подстолье металлическое круглое

TRUBIS L 400"
Комплектующие,Подстолье,TRUBIS,"TRUBIS E 500*300
","GGTP-03-1-E
GGTP-03-2-E
GGTP-03-3-E","Подстолье металлическое овальное

TRUBIS E 500*300
"
Комплектующие,Подстолье,TRUBIS,TRUBIS O 700*350,"GGTP-03-1-O
GGTP-03-2-O
GGTP-03-3-O","Подстолье металлическое овальное

TRUBIS O 700*350"
Комплектующие,Подстолье,TRUBIS,"TRUBIS R 500*300

","GGTP-03-1-R-500
GGTP-03-2-R-500
GGTP-03-3-R-500","Подстолье металлическое прямоугольное

TRUBIS R 500*300

"
Комплектующие,Подстолье,TRUBIS,TRUBIS 800*400,"GGTP-03-1-R
GGTP-03-2-R
GGTP-03-3-R","Подстолье металлическое прямоугольное

TRUBIS 800*400"
Комплектующие,Подстолье,TRUBIS,TRUBIS 400*400,"GGTP-03-1-SQ
GGTP-03-2-SQ
GGTP-03-3-SQ","Подстолье металлическое квадратное

TRUBIS 400*400"
Комплектующие,Подстолье,TRUBIS,TRUBIS C 350*350,"GGTP-03-1-C
GGTP-03-2-C
GGTP-03-3-C","Подстолье металлическое в форме клевера

TRUBIS C 350*350"
Комплектующие,Подстолье, VIOLUR, VIOLUR,"GGTP-20-1
GGTP-20-2
GGTP-20-3
GGTP-20-1x2
GGTP-20-2x2
GGTP-20-3x2","Металлическая ножка полумесяц

 VIOLUR"
Комплектующие,Подстолье, ARFEO, ARFEO,"GGKP-02-1
GGKP-02-2
GGKP-02-3","Металлическое подстолье  U-образное

 ARFEO"
Комплектующие,Подстолье,TRUBIS,TRUBIS 370*180,"GGKP-06-1
GGKP-06-2
GGKP-06-3","Подстолье металлическое овальное

TRUBIS 370*180"
Комплектующие,Столешницы,Столешницы,Столешница ЛДСП 16мм D400,"GGTW-01-d40
GGTW-02-d40
GGTW-03-d40
GGTW-04-d40
GGTW-05-d40",Столешница ЛДСП 16мм D400
Комплектующие,Столешницы,Столешницы,Столешница ЛДСП 16мм D600,"GGTW-01-d60
GGTW-02-d60
GGTW-03-d60
GGTW-04-d60
GGTW-05-d60",Столешница ЛДСП 16мм D600
Комплектующие,Столешницы,Столешницы,Столешница ЛДСП 16мм D800,"GGTW-01-d80
GGTW-02-d80
GGTW-03-d80
GGTW-04-d80
GGTW-05-d80",Столешница ЛДСП 16мм D800
Комплектующие,Столешницы,Столешницы,Столешница ЛДСП 16мм D900,"GGTW-01-d90
GGTW-02-d90
GGTW-03-d90
GGTW-04-d90
GGTW-05-d90",Столешница ЛДСП 16мм D900
Комплектующие,Столешницы,Столешницы,Столешница ЛДСП 16мм D1000,"GGTW-01-d100
GGTW-02-d100
GGTW-03-d100
GGTW-04-d100
GGTW-05-d100",Столешница ЛДСП 16мм D1000
Комплектующие,Столешницы,Столешницы,Столешница ЛДСП 16мм D1100,"GGTW-01-d110
GGTW-02-d110
GGTW-03-d110
GGTW-04-d110
GGTW-05-d110",Столешница ЛДСП 16мм D1100
Комплектующие,Столешницы,Столешницы,Столешница ЛДСП 16мм D1200,"GGTW-01-d120
GGTW-02-d120
GGTW-03-d120
GGTW-04-d120
GGTW-05-d120",Столешница ЛДСП 16мм D1200
Комплектующие,Столешницы,Столешницы,Столешница ЛДСП 16мм 1200*800,"GGTW-01-12080
GGTW-02-12080
GGTW-03-12080
GGTW-04-12080
GGTW-05-12080",Столешница ЛДСП 16мм 1200*800
Комплектующие,Столешницы,Столешницы,Столешница ЛДСП 16мм 1400*800,"GGTW-01-14080
GGTW-02-14080
GGTW-03-14080
GGTW-04-14080
GGTW-05-14080",Столешница ЛДСП 16мм 1400*800
Комплектующие,Столешницы,Столешницы,Столешница ЛДСП 25мм 1600*800,"GGTW-01-16080
GGTW-02-16080
GGTW-03-16080
GGTW-04-16080
GGTW-05-16080",Столешница ЛДСП 25мм 1600*800
Комплектующие,Столешницы,Столешницы,Столешница ЛДСП 25мм 1800*900,"GGTW-01-18090
GGTW-02-18090
GGTW-03-18090
GGTW-04-18090
GGTW-05-18090",Столешница ЛДСП 25мм 1800*900
Комплектующие,Столешницы,Столешницы,Столешница ЛДСП 25мм 2000*900,"GGTW-01-20090
GGTW-02-20090
GGTW-03-20090
GGTW-04-20090
GGTW-05-20090",Столешница ЛДСП 25мм 2000*900