101	SOK	К1 Сервисные офисы / коворкинги	Ирек Аллаяров, управляющий партнёр	ГИПОТЕЗА	info@sok.works	ТРЦ «Алатырь» в Екатеринбурге: перегородки для площадки	Ирек, добрый день! Новая площадка SOK в ТРЦ «Алатырь» в Екатеринбурге: 3500 м², до 600 рабочих мест. На каждой новой площадке повторяется один набор: перегородки переговорных и кабинетов, маркерные доски, зеркала в санузлах. Обычно его заново согласуют и ждут под каждый объект. Делаем перегородки 15-30 и доски 10-15 рабочих дней с оплаты. Производство и сборка в Домодедово, металл режем и красим сами. Доставка по России, монтаж в регионе - условия уточню. Типовую спецификацию можно зафиксировать один раз и повторять на каждой локации. По партии срок подтвердим в расчёте. Пришлите планировку ближайшей площадки - посчитаем с техотделом за 2 рабочих дня, недостающие данные уточню сама. Если не актуально, ответьте одним словом.	проверить ЛПР до отправки; площадка в Екатеринбурге: монтаж в регионе условия не подтверждены; дата факта 2026-01, актуальность проверить; факт не перепроверен
102	Multispace	К1 Сервисные офисы / коворкинги	не найден	не найдено	info@multispace.ru	Multispace и Dubinin'Sky: перегородки и доски для объектов	Добрый день! Pridex продал сеть Multispace группе частных инвесторов, а в портфеле сети есть проект Dubinin'Sky. На каждом объекте повторяется один набор: перегородки переговорных и agile-зон, маркерные доски, зеркала в санузлах. Обычно его заново согласуют и ждут под каждый объект. Делаем перегородки 15-30 и доски 10-15 рабочих дней с оплаты. Производство и сборка в Домодедово, металл режем и красим сами. Замер и монтаж своими бригадами по Москве и МО. Типовую спецификацию можно зафиксировать один раз для всех объектов. По партии срок подтвердим в расчёте. Пришлите планировку Dubinin'Sky или ближайшего объекта - посчитаем с техотделом за 2 рабочих дня, недостающие данные уточню сама. Если вопрос не к вам, перешлите, пожалуйста, коллеге, который отвечает за отделку и открытие объектов.	сначала звонок: узнать имя, письмо после; смена собственника (август 2026): ЛПР уточнять заново; факт не перепроверен
103	MANUFAQTURY	К1 Сервисные офисы / коворкинги	Андрей Кулагин, сооснователь и управляющий директор	ГИПОТЕЗА	welcome@manufaqtury.com	17,9 тыс. м2 сервисных офисов: перегородки для новых блоков	Андрей, добрый день! Портфель сервисных офисов MANUFAQTURY вырос до 17,9 тыс. м² (в феврале было 15,7), загрузка полная. Когда портфель растёт, новые блоки собирают с нуля, и каждый раз повторяется один набор: перегородки переговорных, маркерные доски, зеркала в санузлах. Обычно его заново согласуют и ждут под каждый объект. Делаем перегородки 15-30 и доски 10-15 рабочих дней с оплаты. Производство и сборка в Домодедово, металл режем и красим сами. Замер и монтаж своими бригадами по Москве и МО. По партии срок подтвердим в расчёте. Пришлите планировку ближайшего блока - посчитаем с техотделом за 2 рабочих дня, недостающие данные уточню сама. Если вопрос не к вам, подскажите, кому переслать.	проверить ЛПР до отправки; та же компания в строке 115 (К9, Ольга Володина): не писать двум людям одновременно, согласовать порядок; факт не перепроверен
104	Office Solutions	К2 Офисный дилер-комплектатор	не найден	не найдено	info@office-solutions.ru	AZOT GROUP и VK: стекло и перегородки в спецификацию	Добрый день! Мебель Office Solutions стоит в пяти проектах-номинантах Best Office Awards 2026, в том числе в офисах AZOT GROUP и VK. В таких офисах мебель фабрики приходит в срок, а стеклянные перегородки и доски часто добирают отдельно и ждут дольше всего. GENGLASS делает перегородки 15-30, стеклянные маркерные доски 10-15 и столы на металле 10-15 рабочих дней с оплаты, под размер проекта. Позицию можно ставить в спецификацию как свою, в том числе под вашим брендом - условия обсудим. Пришлите одну текущую спецификацию со стеклом - посчитаем за 2 рабочих дня, недостающие данные уточню сама. Сравните со своим поставщиком. Если вопрос не к вам, перешлите, пожалуйста, коллеге, который отвечает за закупку перегородок и стекла.	сначала звонок: узнать имя, письмо после; факт не перепроверен
105	Solo Office Interiors	К2 Офисный дилер-комплектатор	не найден	не найдено	info@solo.ru	Офис А-Сталь, Dr. Reddy's, БКС: стекло в спецификацию	Добрый день! В номинантах Best Office Awards 2026 мебель Solo Office Interiors: представительский офис А-Сталь, офисы Dr. Reddy's и БКС. Мебель фабрики в таких офисах приходит в срок, а стеклянные перегородки и доски часто добирают отдельно и ждут дольше всего. Мы делаем перегородки 15-30, стеклянные маркерные доски 10-15 и столы на металле 10-15 рабочих дней с оплаты, под размер проекта. Их можно включить в каталог ваших решений как свою позицию, в том числе под вашим брендом - условия обсудим. Пришлите одну текущую спецификацию со стеклом - посчитаем за 2 рабочих дня, недостающие данные уточню сама. Сравните со своим поставщиком. Если вопрос не к вам, перешлите, пожалуйста, коллеге, который отвечает за закупку перегородок и стекла.	сначала звонок: узнать имя, письмо после; факт не перепроверен
106	Contract Interiors (Контракт Интериорс)	К2 Офисный дилер-комплектатор	не найден	не найдено	info@cioffice.ru	Автобан и Киберэтаж: стекло и перегородки в спецификацию	Добрый день! Автобан и Киберэтаж в Москве: оба проекта с мебелью Contract Interiors вошли в номинанты Best Office Awards 2026. В таких офисах мебель фабрики приходит в срок, а стеклянные перегородки и доски часто добирают отдельно и ждут дольше всего. GENGLASS делает перегородки 15-30, стеклянные маркерные доски 10-15 и столы на металле 10-15 рабочих дней с оплаты, под размер проекта. Позицию можно ставить в спецификацию как свою, в том числе под вашим брендом - условия обсудим. Пришлите одну текущую спецификацию со стеклом - посчитаем за 2 рабочих дня, недостающие данные уточню сама. Сравните со своим поставщиком. Если вопрос не к вам, перешлите, пожалуйста, коллеге, который отвечает за закупку перегородок и стекла.	сначала звонок: узнать имя, письмо после; факт не перепроверен
107	UT FLY	К2 Офисный дилер-комплектатор	не найден	не найдено	info@utfly.ru	Новый шоу-рум UT FLY: перегородки и доски для экспозиции	Добрый день! Судя по сентябрьской вакансии менеджера по работе с дилерами, UT FLY открывает в Москве новый шоу-рум. В офисных проектах мебель приходит в срок, а стеклянные перегородки и доски для кабинетов и переговорных часто добирают отдельно и ждут дольше всего. В экспозиции шоу-рума они тоже нужны. GENGLASS делает перегородки 15-30, стеклянные маркерные доски 10-15 и столы на металле 10-15 рабочих дней с оплаты, под размер проекта. Позицию можно ставить в спецификацию как свою. Пришлите одну текущую спецификацию со стеклом - посчитаем за 2 рабочих дня, недостающие данные уточню сама. Сравните со своим поставщиком. Если вопрос не к вам, перешлите, пожалуйста, коллеге, который отвечает за закупку перегородок и стекла.	сначала звонок: узнать имя, письмо после; факт не перепроверен
108	Wonder Group (ООО Вондер)	К2 Офисный дилер-комплектатор	не найден	не найдено		Офисная мебель ROOMER: стекло и перегородки в комплектацию	Добрый день! Wonder Group открыла три вакансии в Москве, в том числе менеджера по клиентам МЦ ROOMER с офисной мебелью. В офисных проектах мебель приходит в срок, а стеклянные перегородки и доски для переговорных часто добирают отдельно и ждут дольше всего. GENGLASS делает перегородки 15-30, стеклянные маркерные доски 10-15 и столы для переговорных на металле 10-15 рабочих дней с оплаты, под размер проекта. Позицию можно добавить в комплектацию как свою. Пришлите одну текущую спецификацию со стеклом - посчитаем за 2 рабочих дня, недостающие данные уточню сама. Сравните со своим поставщиком. Если вопрос не к вам, перешлите, пожалуйста, коллеге, который отвечает за закупку перегородок и стекла.	нет email, только звонок; сначала звонок: узнать имя, письмо после; телефон +7 (925) 422-47-78 из входного файла; ЛПР не искали; факт не перепроверен
109	ДАР-МЕБЕЛЬ (Mebela)	К3 Офисная фабрика-интегратор	не найден	не найдено	zakaz@mebela.ru	Проекты ДАР-МЕБЕЛЬ: стекло и перегородки субподрядом	Добрый день! В ленте реализованных проектов ДАР-МЕБЕЛЬ свежие объекты: СЕРВИСЭНЕРГОСТРОЙ, ПСК Мира. В проектах под ключ стекло, перегородки и зеркала обычно закупают у стороннего подрядчика, и на них проект ждёт дольше всего. Работаем субподрядчиком по стеклу: перегородки на стальном или алюминиевом профиле 15-30, стеклянные маркерные доски 10-15, столы на металле 10-15 рабочих дней с оплаты, зеркала. Счёт идёт вам, с вашими заказчиками напрямую не работаем. Пришлите одну позицию со стеклом из текущего проекта - посчитаем за 2 рабочих дня, недостающие данные уточню сама. Если вопрос не к вам, перешлите, пожалуйста, коллеге, который отвечает за закупку комплектующих.	сначала звонок: узнать имя, письмо после; в письме не заявлено собственное производство ДАР-МЕБЕЛЬ (во входе нет данных); искать директора по закупкам или коммерческого директора; факт не перепроверен
110	Тоника	К4 HoReCa-комплектатор	не найден	не найдено	info@tonika-mebel.ru	ЖК Bauman House в портфолио: пакет по образцу	Добрый день! В портфолио Тоники появился новый проект, ЖК Bauman House. Когда в проекте повторяется один набор (апартамент, санузел), одна ошибка в размере умножается на весь фонд, поэтому до партии нужен образец. Делаем такой набор под размер помещения: зеркала LED 7-12, стеклянные перегородки санузлов 15-30, столы на металле 10-15, консоли 20-30 рабочих дней с оплаты. По партии срок подтвердим в расчёте. Можем сделать образец одного изделия на утверждение до запуска партии, условия образца уточню. Пришлите спецификацию типового помещения - посчитаем пакет за 2 рабочих дня, недостающие данные уточню сама. Если вопрос не к вам, перешлите, пожалуйста, коллеге, который отвечает за комплектацию и закупку.	сначала звонок: узнать имя, письмо после; другое: в факте ЖК, а не отель - уточнить, ведёт ли Тоника гостиничные проекты (оффер про реновацию отелей); факт не перепроверен
111	ГК Пионер	К8 Девелопер	Наталья Панова, тендерный менеджер	ГИПОТЕЗА	tender@pioneer.ru	Тендеры ГК Пионер: стекло и зеркала для МОП	Наталья, добрый день! Среди открытых тендеров ГК Пионер есть отделочные работы «АМЕНИТИС», отделка квартир ЖК и декоративный экран с дверями для ЕОЦ. На МОП и в лобби повторяются одни и те же позиции: зеркала, стеклянные перегородки, стойки. Их обычно закупают последними и в сжатый срок. Делаем это под размер объекта, замер и монтаж своими бригадами по Москве и МО, гарантия по договору. Пришлите ТЗ или дату ближайшего тендера по отделке МОП - подготовимся заранее. Если вопрос не к вам, подскажите, кому переслать.	проверить ЛПР до отправки; тендерный менеджер - возможно, не ЛПР, нужен ещё руководитель закупок или директор по строительству; дата тендеров не указана, проверить актуальность; второй адрес mto_general@pioneer.ru (обрезан во входе); факт не перепроверен
112	Группа Эталон (Москва)	К8 Девелопер	не найден	не найдено		Группа Эталон: зеркала и стекло для МОП и лобби	Добрый день! В сентябре Группа Эталон сообщила о росте. Когда очереди выходят на отделку, на МОП и в лобби повторяются одни и те же позиции: зеркала, стеклянные перегородки, стойки. Их обычно закупают последними и в сжатый срок. Делаем это под размер объекта, замер и монтаж своими бригадами по Москве и МО, гарантия по договору. Пришлите ТЗ или дату ближайшего тендера по отделке МОП - подготовимся заранее. Если вопрос не к вам, перешлите, пожалуйста, коллеге, который отвечает за закупку отделки МОП.	нет email, только звонок; сначала звонок: узнать имя, письмо после; факт не подтверждён: формулировку про ТОП-10 и 'стратегический рывок' нужно сверить с новостью, в письме общая фраза; нет email, есть телефон +7 495 385-46-63
113	СберСити	К8 Девелопер	не найден	не найдено	office@sbercity.ru	Квартал А24 СберСити: зеркала и перегородки для МОП	Добрый день! СберСити с начала года ввёл 170 тыс. м², а квартал А24 получил сертификат «Бриллиант». На МОП, в лобби и в офисных кварталах повторяются одни и те же позиции: зеркала, стеклянные перегородки, доски для переговорных, стойки. Их обычно закупают последними и в сжатый срок. Делаем это под размер объекта: перегородки 15-30, маркерные доски 10-15 рабочих дней с оплаты. Замер и монтаж своими бригадами по Москве и МО, гарантия по договору. Пришлите ТЗ или дату ближайшего тендера по МОП - подготовимся заранее. Если вопрос не к вам, перешлите, пожалуйста, коллеге, который отвечает за закупку отделки МОП.	сначала звонок: узнать имя, письмо после; факт не перепроверен
114	CFC	К9 Fit-out подрядчик	не найден	не найдено		Офис на Тимура Фрунзе, 11к2: перегородки в срок	Добрый день! Офис Яндекса на улице Тимура Фрунзе, 11к2, построенный вашей компанией, вошёл в номинанты Best Office Awards 2026. В офисном fit-out стеклянные перегородки часто самая долгая позиция по срокам и первая, из-за которой сдвигается сдача. Делаем перегородки: фиксированные, распашные, раздвижные, каскадные, профиль сталь или алюминий. Изготовление 15-30 рабочих дней с оплаты, монтаж своими бригадами по Москве и МО или поставка без монтажа. Производство и сборка в Домодедово, металл режем и красим сами. Пришлите планировку или спецификацию по стеклу текущего объекта - посчитаем оба варианта за 2 рабочих дня, недостающие данные уточню сама. Если вопрос не к вам, перешлите, пожалуйста, коллеге, который отвечает за закупку перегородок.	нет email, только звонок; сначала звонок: узнать имя, письмо после; телефон +7 916 248-67-10 из входного файла; факт не перепроверен
115	MANUFAQTURY	К9 Fit-out подрядчик	Ольга Володина, генеральный директор	ДАННЫЕ	welcome@manufaqtury.com	МОП БЦ «Поклонка»: перегородки и доски в срок	Ольга, добрый день! МОП бизнес-центра «Поклонка», построенный MANUFAQTURY, вошёл в номинанты Best Office Awards 2026. В офисном fit-out стеклянные перегородки часто самая долгая позиция по срокам и первая, из-за которой сдвигается сдача. Делаем перегородки (фиксированные, распашные, раздвижные, каскадные, сталь или алюминий) 15-30 и стеклянные маркерные доски 10-15 рабочих дней с оплаты. Монтаж своими бригадами по Москве и МО. Производство и сборка в Домодедово, металл режем и красим сами. Пришлите планировку или спецификацию по стеклу текущего объекта - посчитаем за 2 рабочих дня, недостающие данные уточню сама. Если вопрос не к вам, подскажите, кому переслать.	закупщика стекла не найдено, ГД как минимум; юрлицо ООО «Мануфактура Офисов», есть ещё «Мануфэктори БТС» - уточнить, кто закупает; та же компания в строке 103 (К1, Андрей Кулагин); факт не перепроверен
116	SYMMETRIA	К9 Fit-out подрядчик	не найден	не найдено	info@symmetria.space	Офис Dr. Reddy's за пять месяцев: перегородки по срокам	Добрый день! Офис Dr. Reddy's Laboratories, 2800 м², сделан за пять месяцев и вошёл в номинанты Best Office Awards 2026. При таких сроках стеклянные перегородки часто самая долгая позиция и первая, из-за которой сдвигается сдача. Делаем перегородки (фиксированные, распашные, раздвижные, каскадные, сталь или алюминий) 15-30 и стеклянные маркерные доски 10-15 рабочих дней с оплаты. Монтаж своими бригадами по Москве и МО. Производство и сборка в Домодедово, металл режем и красим сами. Пришлите планировку или спецификацию по стеклу текущего объекта - посчитаем варианты с монтажом и без за 2 рабочих дня, недостающие данные уточню сама. Если вопрос не к вам, перешлите, пожалуйста, коллеге, который отвечает за закупку перегородок.	сначала звонок: узнать имя, письмо после; ФИО ГД на сайте и в выдаче не найдено, искать в ЕГРЮЛ
117	Q-Projects	К9 Fit-out подрядчик	Артём Николаевич Наракшин, генеральный директор	ДАННЫЕ	info@q-projects.ru	Офисы для международных клиентов: перегородки в срок	Артём, добрый день! Видела в портфолио Q-Projects офис SC Johnson в Москве и другие офисы для международных клиентов. В офисном fit-out стеклянные перегородки часто самая долгая позиция по срокам и первая, из-за которой сдвигается сдача. Делаем перегородки (лофт, раздвижные, распашные, сталь или алюминий) 15-30 и стеклянные маркерные доски 10-15 рабочих дней с оплаты. Монтаж своими бригадами по Москве и МО или поставка без монтажа. Производство и сборка в Домодедово, металл режем и красим сами. Пришлите планировку или спецификацию по стеклу текущего объекта - посчитаем за 2 рабочих дня, недостающие данные уточню сама. Если не актуально, ответьте одним словом.	факт не подтверждён: проект SC Johnson по выдаче подтверждён косвенно, проверить страницу officenext; есть q-projects.kz - другая юрисдикция, не путать
118	ТСМ	К9 Fit-out подрядчик	Андрей Анатольевич Яцкин, генеральный директор ООО «ТСМ»	ДАННЫЕ	info@t-c-m.ru	Офис «Стимул» в номинантах BOA: перегородки и доски	Андрей, добрый день! ТСМ на пятом месте в рейтинге строительных компаний officenext, а офис «Стимул» вошёл в номинанты Best Office Awards 2026. В офисном fit-out стеклянные перегородки часто самая долгая позиция по срокам и первая, из-за которой сдвигается сдача. Делаем перегородки (фиксированные, распашные, раздвижные, каскадные, сталь или алюминий) 15-30 и стеклянные маркерные доски 10-15 рабочих дней с оплаты. Монтаж своими бригадами по Москве и МО. Типовые позиции можно зафиксировать рамочными условиями. Производство и сборка в Домодедово, металл режем и красим сами. Пришлите планировку или спецификацию по стеклу текущего объекта - посчитаем за 2 рабочих дня, недостающие данные уточню сама. Если вопрос не к вам, подскажите, кому переслать.	много юрлиц с названием ТСМ, выбрано ООО «ТСМ» ИНН 7743837257; на officenext контактное лицо Денис Лузанов (должность не подтверждена) - проверить, не он ли по закупкам
119	Cosmos Hotel Group	К11 Отели и гостиничные компании	Александр Петрович Биба, президент Cosmos Hotel Group	ДАННЫЕ		Новые отели Cosmos: зеркала LED и стекло для номеров	Александр, добрый день! 16 сентября вы с губернатором Ярославской области обсуждали в Ростове Великом возможность новых отелей в регионе. Зеркала с подсветкой, стекло в санузлах и перегородки удобнее делать партией под размер номера, после согласования одного образца. Делаем зеркала LED 7-12, перегородки 15-30, столы на металле 10-15, консоли 20-30 рабочих дней с оплаты. Гарантия по договору. Доставка по России, монтаж в регионе - условия уточню. По партии срок подтвердим в расчёте. Пришлите спецификацию номера или подскажите, кто у вас отвечает за оснащение новых отелей - посчитаем за 2 рабочих дня, недостающие данные уточню сама. Если вопрос не к вам, подскажите, кому переслать.	нет email, только звонок (нет и телефона, искать контакт); регион в файле Смоленская, по факту Ярославская; города Рыбинск и Углич в выдаче не подтверждены, в письме не названы; для закупки стекла нужен директор по развитию или строительству, не найден; Биба - верхний уровень, письмо лучше отправить через пресс-центр или приёмную
120	Курорт «Завидово» (Васта Отель Менеджмент)	К11 Отели и гостиничные компании	Евгений Владимирович Макаров, генеральный директор ООО «Васта Отель Менеджмент»	ДАННЫЕ		Курорт «Завидово»: допоставки зеркал и стекла в отели	Евгений, добрый день! Летом на курорте «Завидово» запустили три отеля, «Эрбелия», «Рябина» и апарт-отель «Бревис», на 1130 номеров, а Путевой дворец достраивается. После запуска такого номерного фонда часто начинаются допоставки и замены: зеркала, стекло в санузлах, перегородки, которые нужно делать под размер номера и по образцу. Делаем зеркала LED 7-12, перегородки 15-30, столы на металле 10-15, консоли 20-30 рабочих дней с оплаты. Гарантия по договору. Доставка по России, монтаж в регионе - условия уточню. По партии срок подтвердим в расчёте. Пришлите спецификацию номера - посчитаем допоставку за 2 рабочих дня, недостающие данные уточню сама. Если вопрос не к вам, подскажите, кому переслать.	нет email, только звонок (нет и телефона, искать контакт); технического директора и руководителя закупок не найдено; ГД управляющей компании - верхний уровень
121	M9 development (М9 девелопмент)	К11 Отели и гостиничные компании	не найден	не найдено		Grand Seliger: зеркала LED и стекло для номеров и вилл	Добрый день! Grand Seliger на Селигере, пятизвёздочный отель на 197 номеров, сейчас на стадии отделки и оснащения, ввод планируется осенью 2026. Зеркала с подсветкой, стекло в санузлах и душевые перегородки при оснащении удобнее делать партией под размер номера или виллы, после согласования одного образца. Делаем зеркала LED 7-12, перегородки 15-30, столы на металле 10-15, консоли 20-30 рабочих дней с оплаты. Гарантия по договору. Доставка по России, монтаж в регионе - условия уточню. По партии срок подтвердим в расчёте. Пришлите спецификацию номера или виллы - посчитаем за 2 рабочих дня, недостающие данные уточню сама. Если вопрос не к вам, перешлите, пожалуйста, дизайнеру FF&E или управляющей компании.	нет email, только звонок (нет и телефона, искать контакт); сначала звонок: узнать имя, письмо после; факт не подтверждён: связь M9 development с Grand Seliger подтвердить не удалось (по выдаче управление Cosmos Hotel Group), проверить, кто заказчик оснащения; основатель Максим Морозов упомянут в выдаче, источник и дата не проверены
122	Ринг (ГК «Ринг», Ринг Авто)	К12 Автодилер	Александр Михайлович Сенцов, генеральный директор ООО «Ринг Авто»	ДАННЫЕ		Десять новых автоцентров Ринг: перегородки и столы	Александр, добрый день! За первое полугодие ГК Ринг открыла десять автоцентров и вошла в пятёрку дилеров России по числу открытий по данным ABR. При такой скорости открытий в каждом салоне обычно нужны стеклянные перегородки кабинетов, столы переговоров, зеркала в зоне ожидания и санузлах, и всё к дате открытия. Делаем это под размер и брендбук: перегородки 15-30, столы на металле 10-15 рабочих дней с оплаты. По партии срок подтвердим в расчёте. Доставка по России, монтаж в регионе - условия уточню. Если брендбук интерьера не закрепляет поставщика за маркой, пришлите планировку ближайшего салона - посчитаем за 2 рабочих дня, недостающие данные уточню сама. Если вопрос не к вам, подскажите, кому переслать.	нет email, только звонок (нет и телефона, искать контакт); ГК Ринг - несколько юрлиц, ГД группы не определён (Сенцов - ГД ООО «Ринг Авто» с 04.05.2026); открытие GAC в Старом Осколе в выдаче не подтвердилось, в письме не названо; руководитель строительства или АХО не найден
123	Техцентр Гранд (ГК «Техцентр Гранд»)	К12 Автодилер	Тарас Всеволодович Лаукарт, директор ГК «Техцентр Гранд»	ДАННЫЕ		Новый ДЦ 9500 м2 на Куйбышева: перегородки и стекло	Тарас, добрый день! ВТБ профинансировал строительство нового дилерского центра группы на 9500 м² на улице Куйбышева, у трассы М-7. В таком центре под отделку и оснащение нужны стеклянные перегородки кабинетов и переговорных, столы переговоров, зеркала в клиентской зоне и санузлах, и всё к дате открытия. Делаем это под размер и брендбук: перегородки 15-30, столы на металле 10-15 рабочих дней с оплаты. Доставка по России, монтаж в регионе - условия уточню. Если брендбук интерьера не закрепляет поставщика за маркой, пришлите планировку - посчитаем за 2 рабочих дня, недостающие данные уточню сама. Если вопрос не к вам, подскажите, кому переслать.	нет email, только звонок (нет и телефона, искать контакт); на Куйбышева, 38 уже работает «автодеревня» (SOUEAST, HAVAL PRO, «Селект») - уточнить, какой именно объект строится и на какой стадии; в письме суммы финансирования не названы
124	Автоимпорт (ГК «Автоимпорт»)	К12 Автодилер	Игорь Евгеньевич Смирнов, генеральный директор ООО «Компания «Автоимпорт»	ДАННЫЕ		ДЦ VOLGA в Туле на Октябрьской: перегородки и столы	Игорь, добрый день! В Туле открыт дилерский центр «VOLGA Автоимпорт 71» на Октябрьской, 320/1. Если центров будет несколько, в каждом салоне обычно нужны стеклянные перегородки кабинетов и переговорных, столы менеджеров, зеркала в зоне ожидания и санузлах, и всё к дате открытия. Делаем это под размер и брендбук: перегородки 15-30, столы на металле 10-15 рабочих дней с оплаты. По партии срок подтвердим в расчёте. Доставка по России, монтаж в регионе - условия уточню. Если брендбук интерьера не закрепляет поставщика за маркой, пришлите планировку следующего салона - посчитаем за 2 рабочих дня, недостающие данные уточню сама. Если не актуально, ответьте одним словом.	нет email, только звонок (нет и телефона, искать контакт); Денис Петрунин указан как управляющий директор ГК (autostat.ru), дата интервью не установлена, возможно устарело; руководитель строительства или АХО не найден; в оффере речь о серии ДЦ в Рязани и Туле - во входе подтверждён только ДЦ в Туле
125	Restorator Projects	К13 Ресторанные группы и сети	Олег Елютин, руководитель проекта	ГИПОТЕЗА		Стейк-хаус Born на Плехановской: зеркала, стекло и столы	Олег, добрый день! Стейк-хаус Born на Плехановской открывается в эти дни, следом - ресторан российской кухни на Куколкина, 29. В ресторане стекло и металл видны гостю вблизи: зеркала в зале и санузлах, стеклянные перегородки, подстолья. И всё это нужно к дате открытия, а не после. Делаем зеркала (с подсветкой LED 7-12), перегородки 15-30, столы на металле с порошковой покраской 10-15 рабочих дней с оплаты, под размер и концепцию. По партии срок подтвердим в расчёте. Доставка по России, монтаж в регионе - условия уточню. Пришлите планировку или список позиций для ресторана на Куколкина - посчитаем за 2 рабочих дня, недостающие данные уточню сама. Если вопрос не к вам, подскажите, кому переслать.	проверить ЛПР до отправки; нет email, только звонок (нет и телефона, искать контакт); должность 'руководитель проекта' из входного файла, актуальность не проверена; срок открытия ресторана на Куколкина обрезан во входе, в письме без даты; факт не перепроверен
126	Гостиничный комплекс «Аметист» (СЗ Аметист)	К11 Отели и гостиничные компании	не найден	не найдено	a@sz-1.ru	Гостиничный комплекс «Аметист»: зеркала LED и стекло	Добрый день! Для гостиничного комплекса «Аметист» получено разрешение на ввод (23 апреля), идёт передача номеров под комплектацию. Зеркала с подсветкой, стекло в санузлах и перегородки удобнее делать партией под размер номера, после согласования одного образца. Делаем зеркала LED 7-12, перегородки 15-30, столы на металле 10-15, консоли 20-30 рабочих дней с оплаты. Гарантия по договору. Монтаж по Москве и МО. По партии срок подтвердим в расчёте. Пришлите спецификацию номера - посчитаем за 2 рабочих дня, недостающие данные уточню сама. Если вопрос не к вам, перешлите, пожалуйста, дизайнеру FF&E или управляющей компании.	сначала звонок: узнать имя, письмо после; email a@sz-1.ru из входного файла, похож на общий адрес застройщика, проверить; ЛПР не искали; неизвестно, кто ведёт закупку: застройщик или управляющая компания; факт не перепроверен; дубль со строкой 10: тот же объект «Аметист»: оператор и застройщик, порядок согласовать
127	СТАНДАРТ БАР	К4 HoReCa-комплектатор	не найден	не найдено	info@standartbar.ru	Skolkovo Hotel, 160 номеров: зеркала и стекло санузлов	Добрый день! Вы делаете кухни для 160 номеров Skolkovo Hotel. В номерах повторяется один набор: зеркало с подсветкой, стекло в санузле, консоль. Одна ошибка в размере умножается на весь фонд, поэтому до партии нужен образец. Делаем такой набор под размер номера: зеркала LED 7-12, столы на металле 10-15, консоли 20-30, стеклянные перегородки санузлов 15-30 рабочих дней с оплаты. По партии срок подтвердим в расчёте. Можем сделать образец одного изделия на утверждение до запуска партии, условия образца уточню. Пришлите спецификацию номера - посчитаем пакет за 2 рабочих дня, недостающие данные уточню сама. Если вопрос не к вам, перешлите, пожалуйста, коллеге, который отвечает за комплектацию номеров.	сначала звонок: узнать имя, письмо после; дата факта в файле нечёткая (проект 2026); факт не перепроверен
128	DOGMA	К8 Девелопер	не найден	не найдено		ЖК «Публицист» в Пушкино: зеркала и стекло для МОП	Добрый день! В ЖК «Публицист» в Пушкино согласовали строительство поликлиники, а «ЭВО» и «Публицист» вошли в пятёрку рейтинга ЕРЗ по потребительским качествам. На МОП и в лобби повторяются одни и те же позиции: зеркала, стеклянные перегородки, стойки. Их обычно закупают последними и в сжатый срок. Делаем это под размер объекта, замер и монтаж своими бригадами по Москве и МО, гарантия по договору. Пришлите ТЗ или дату ближайшего тендера по отделке МОП - подготовимся заранее. Если вопрос не к вам, перешлите, пожалуйста, коллеге, который отвечает за закупку отделки МОП.	нет email, только звонок; сначала звонок: узнать имя, письмо после; в оффере упомянута регистрация поставщика в ca.dogma.ru - выяснить порядок до звонка; телефон 8 800 222-04-93; факт не перепроверен
129	Тройка Рэд (3-RED)	К8 Девелопер	не найден	не найдено		Школа на 1675 учеников: зеркала и стекло для МОП кварталов	Добрый день! В сентябре в квартале открыли школу на 1675 учеников, одну из крупнейших в Подмосковье. На МОП и в лобби новых корпусов (Новотомилино, Видный Берег 2.0) повторяются одни и те же позиции: зеркала, стеклянные перегородки, стойки. Их обычно закупают последними и в сжатый срок. Делаем это под размер объекта, замер и монтаж своими бригадами по Москве и МО, гарантия по договору. Пришлите ТЗ или дату ближайшего тендера по МОП - подготовимся заранее. Если вопрос не к вам, перешлите, пожалуйста, коллеге, который отвечает за закупку отделки МОП.	нет email, только звонок; сначала звонок: узнать имя, письмо после; во входе не указано, о каком именно квартале речь (школа на 1675 учеников); корпуса Новотомилино и Видный Берег 2.0 взяты из оффера, уточнить; факт не перепроверен
130	SMSTRETCHING	К13 Ресторанные группы и сети (по факту: студия пилатеса, фитнес)	не найден	не найдено		Студия пилатеса в Раменках: зеркала LED и перегородки	Добрый день! 2 июля в Раменках открылась ваша первая студия пилатеса на реформерах. В студии зеркала работают каждый день: размер под стену, кромка, подсветка, крепление. Если студий станет больше, типовой комплект удобно зафиксировать один раз, чтобы ошибка в размере не повторялась. Делаем зеркала сложного контура (овал, арка, капсула) и с подсветкой LED 7-12, стеклянные перегородки ресепшн и раздевалок 15-30 рабочих дней с оплаты. Замер и монтаж своими бригадами по Москве и МО. По партии срок подтвердим в расчёте. Пришлите планировку зала - посчитаем за 2 рабочих дня, недостающие данные уточню сама. Если вопрос не к вам, перешлите, пожалуйста, коллеге, который отвечает за открытие студий.	нет email, только звонок (нет и телефона, искать контакт); сначала звонок: узнать имя, письмо после; сегмент в базе неверный: студия пилатеса (фитнес), не ресторан; факт не перепроверен
131	Братья Караваевы	К13 Ресторанные группы и сети	не найден	не найдено		Кулинарная лавка на Юго-Западной: зеркала и столы	Добрый день! 7 сентября на Юго-Западной открылась ваша кулинарная лавка. В лавке стекло и металл видны гостю вблизи: зеркала в зале и санузле, стеклянные элементы, столы. И всё это нужно к дате открытия, а не после. Если лавок станет больше, типовой стандарт лучше зафиксировать один раз. Делаем зеркала (с подсветкой LED 7-12), столы на металле с порошковой покраской 10-15, консоли 20-30, стеклянные перегородки 15-30 рабочих дней с оплаты, под размер и концепцию. По партии срок подтвердим в расчёте. Пришлите планировку или список позиций следующего открытия - посчитаем за 2 рабочих дня, недостающие данные уточню сама. Если вопрос не к вам, перешлите, пожалуйста, коллеге, который отвечает за открытие новых лавок.	нет email, только звонок (нет и телефона, искать контакт); сначала звонок: узнать имя, письмо после; факт не перепроверен
132	Дринкит (Drinkit)	К13 Ресторанные группы и сети	не найден	не найдено		33 новые кофейни Drinkit: типовые зеркала и столы	Добрый день! С 1 января по 5 мая Drinkit открыл в Москве 33 кофейни, ещё 57 на стадии запуска. При таком темпе у франчайзи каждый раз заново согласуют зеркала, столы и стойки. Удобнее зафиксировать типовой набор в стандарте сети один раз и заказывать его по готовой спецификации. Делаем зеркала (с подсветкой LED 7-12), столы и стойки из стекла и металла 10-15 рабочих дней с оплаты, под размер и концепцию. По партии срок подтвердим в расчёте. Пришлите список позиций типовой кофейни - посчитаем за 2 рабочих дня, недостающие данные уточню сама. Если вопрос не к вам, перешлите, пожалуйста, коллеге, который отвечает за стандарт оснащения точек.	нет email, только звонок (нет и телефона, искать контакт); сначала звонок: узнать имя, письмо после; оффер: заходить через управляющую компанию сети, не через отдельных франчайзи; факт не перепроверен
133	ТОПГАН (TOPGUN)	К13 Ресторанные группы и сети (по факту: барбершоп, салон красоты)	не найден	не найдено		ТОПГАН в ТЦ МЕГА Казань: зеркала для барберских мест	Добрый день! 10 мая в ТЦ МЕГА в Казани открылся новый ТОПГАН. В барбершопе зеркало работает у каждого места, и одинаковый размер и подсветка важны для всей сети. При открытии новых точек типовой комплект удобно зафиксировать один раз. Делаем зеркала сложного контура (овал, арка, капсула) и с подсветкой LED 7-12, стеклянные перегородки 15-30 рабочих дней с оплаты, под размер и стандарт франшизы. По партии срок подтвердим в расчёте. Доставка по России, монтаж в регионе - условия уточню. Пришлите размеры и планировку типовой точки - посчитаем за 2 рабочих дня, недостающие данные уточню сама. Если вопрос не к вам, перешлите, пожалуйста, коллеге, который отвечает за открытие новых точек.	нет email, только звонок (нет и телефона, искать контакт); сначала звонок: узнать имя, письмо после; сегмент в базе неверный: барбершоп (салон красоты, услуги), не ресторан; точка в Казани, регион в базе Москва: монтаж в регионе только по условиям; факт не перепроверен
134	Хлебник	К13 Ресторанные группы и сети	не найден	не найдено		Хлебник: 10 пекарен в стройке, зеркала и столы	Добрый день! Число пекарен «Хлебника» в Москве выросло с 16 в сентябре 2025 года до 33 в августе 2026, и ещё десять строятся. В пекарне стекло и металл видны гостю вблизи: зеркала в зале и санузле, стеклянные элементы, столы. Когда открытий много, типовой комплект удобно зафиксировать один раз. Делаем зеркала (с подсветкой LED 7-12), столы на металле с порошковой покраской 10-15, консоли 20-30, стеклянные перегородки 15-30 рабочих дней с оплаты, под размер и концепцию. По партии срок подтвердим в расчёте. Пришлите список позиций следующей пекарни - посчитаем за 2 рабочих дня, недостающие данные уточню сама. Если вопрос не к вам, перешлите, пожалуйста, коллеге, который отвечает за открытие пекарен.	нет email, только звонок (нет и телефона, искать контакт); сначала звонок: узнать имя, письмо после; факт не перепроверен
135	Mátes (городские проекты)	К13 Ресторанные группы и сети	не найден	не найдено		Mátes на Чистопрудном, 2: зеркала, перегородки и столы	Добрый день! В сентябре Mátes открыла новую точку на Чистопрудном бульваре, 2. В ресторане стекло и металл видны гостю вблизи: зеркала в зале и санузлах, стеклянные перегородки, подстолья. И всё это нужно к дате открытия, а не после. Делаем зеркала (с подсветкой LED 7-12), перегородки 15-30, столы на металле с порошковой покраской 10-15 рабочих дней с оплаты, под размер и концепцию. По партии срок подтвердим в расчёте. Пришлите планировку или список позиций следующего открытия - посчитаем за 2 рабочих дня, недостающие данные уточню сама. Если вопрос не к вам, перешлите, пожалуйста, коллеге, который отвечает за открытие точек.	нет email, только звонок (нет и телефона, искать контакт); сначала звонок: узнать имя, письмо после; в базе указан как 'городские проекты' - уточнить юрлицо и формат; факт не перепроверен
136	Substance	К13 Ресторанные группы и сети	не найден	не найдено		Substance в Парке Горького: барные столы и зеркала	Добрый день! Летом Substance открыла филиалы в Парке Горького и на Рождественском бульваре. В баре стекло и металл видны гостю вблизи: барные столы, зеркала в зале и санузлах, стеклянные перегородки. И всё это нужно к дате открытия, а не после. Делаем зеркала (с подсветкой LED 7-12), перегородки 15-30, столы на металле с порошковой покраской 10-15 рабочих дней с оплаты, под размер и концепцию. По партии срок подтвердим в расчёте. Пришлите планировку или список позиций следующего открытия - посчитаем за 2 рабочих дня, недостающие данные уточню сама. Если вопрос не к вам, перешлите, пожалуйста, коллеге, который отвечает за открытия точек.	нет email, только звонок (нет и телефона, искать контакт); сначала звонок: узнать имя, письмо после; факт не перепроверен
137	Unikey (Юникей)	К8 Девелопер	не найден	не найдено		Unikey в топ-5 Новой Москвы: зеркала и стекло для МОП	Добрый день! В июле Unikey вошла в пятёрку по объёму продаж в Новой Москве. На МОП и в лобби повторяются одни и те же позиции: зеркала, стеклянные перегородки, стойки. Их обычно закупают последними и в сжатый срок. Делаем это под размер объекта, замер и монтаж своими бригадами по Москве и МО, гарантия по договору. Пришлите ТЗ или дату ближайшего тендера по отделке МОП новых ЖК - подготовимся заранее. Если вопрос не к вам, перешлите, пожалуйста, коллеге, который отвечает за закупку отделки МОП.	нет email, только звонок (нет и телефона, искать контакт); сначала звонок: узнать имя, письмо после; оффер: выйти на нового директора тендерного департамента - во входе такого факта нет, в письме не упомянут, проверить; факт не перепроверен
138	RED2SPACE	К10 Архитектор / дизайн-бюро	не найден	не найдено		Северсталь и БЦ «Легион II»: стекло в спецификации	Добрый день! Два проекта вашего бюро вошли в шорт-лист Best Office Awards 2026: офис Северсталь «Бренд и имидж» и МОП бизнес-центра «Легион II». Когда бюро закладывает стекло в спецификацию, дальше на объекте часто упираются в срок или нестандартный размер, и позицию меняют на то, что есть. Делаем перегородки (лофт, раздвижные) 15-30, стеклянные доски 10-15 и столы на металле 10-15 рабочих дней с оплаты, под размер проекта. Могу прислать материалы для спецификаций и привезти образцы стекла и профиля в бюро. Удобно на этой или следующей неделе? Если вопрос не к вам, перешлите, пожалуйста, коллеге, который отвечает за спецификацию и закупку стекла.	нет email, только звонок (нет и телефона, искать контакт); сначала звонок: узнать имя, письмо после; факт не перепроверен
139	Casa Tredici (Бюро 13)	К10 Архитектор / дизайн-бюро	не найден	не найдено		Стекло и перегородки для загородных домов Casa Tredici	Добрый день! Casa Tredici ищет менеджера проектов и реализующего дизайнера. Когда бюро закладывает стекло в спецификацию загородного дома, дальше на объекте часто упираются в срок или нестандартный размер, и позицию меняют на то, что есть. Делаем перегородки (фиксированные, раздвижные, сталь или алюминий) 15-30, столы на металле 10-15, зеркала LED 7-12 рабочих дней с оплаты, под размер проекта. Доставка по России, монтаж в регионе - условия уточню. Могу прислать материалы для спецификаций и привезти образцы стекла и профиля в бюро. Удобно на этой или следующей неделе? Если вопрос не к вам, перешлите, пожалуйста, коллеге, который отвечает за комплектацию проектов.	нет email, только звонок (нет и телефона, искать контакт); сначала звонок: узнать имя, письмо после; факт не перепроверен
140	Sundukovy Sisters	К10 Архитектор / дизайн-бюро	не найден	не найдено		Стекло и зеркала для проектов Sundukovy Sisters	Добрый день! Sundukovy Sisters открыла вакансию руководителя проектов. Когда бюро закладывает стекло и зеркала в спецификацию, дальше на объекте часто упираются в срок или нестандартный размер, и позицию меняют на то, что есть. Делаем зеркала сложного контура (овал, арка, капсула) и с подсветкой LED 7-12 рабочих дней с оплаты, стеклянные перегородки 15-30, столы на металле 10-15, консоли 20-30, под размер проекта. Замер и монтаж своими бригадами по Москве и МО. Пришлите одну позицию со стеклом из текущего проекта - посчитаем за 2 рабочих дня, недостающие данные уточню сама. Если вопрос не к вам, перешлите, пожалуйста, коллеге, который отвечает за комплектацию проектов.	нет email, только звонок (нет и телефона, искать контакт); сначала звонок: узнать имя, письмо после; факт не перепроверен
141	SL Architects (SL Project)	К10 Архитектор / дизайн-бюро	не найден	не найдено		Перегородки и зеркала для резиденций SL Architects	Добрый день! Видела вашу вакансию ведущего дизайнера-архитектора для интерьеров на hh.ru. Когда бюро закладывает стекло в спецификацию резиденции, дальше на объекте часто упираются в срок или нестандартный размер, и позицию меняют на то, что есть. Делаем перегородки (фиксированные, раздвижные, сталь или алюминий) 15-30 рабочих дней с оплаты, зеркала сложного контура и с подсветкой LED 7-12, столы на металле 10-15, под размер проекта. Металл режем и красим сами. Могу прислать материалы для спецификаций и привезти образцы стекла и профиля в бюро. Удобно на этой или следующей неделе? Если вопрос не к вам, перешлите, пожалуйста, коллеге, который отвечает за спецификацию и закупку стекла.	нет email, только звонок (нет и телефона, искать контакт); сначала звонок: узнать имя, письмо после; факт не перепроверен
142	Бюро Полины Пидцан	К10 Архитектор / дизайн-бюро	не найден	не найдено		Зеркала LED и перегородки в стиле ар-деко под размер	Добрый день! Бюро Полины Пидцан ищет руководителя проектов для интерьеров. Когда бюро закладывает стекло и зеркала в спецификацию, дальше на объекте часто упираются в срок или нестандартный размер, и позицию меняют на то, что есть. Делаем зеркала LED, в том числе сложного контура (овал, арка, капсула), 7-12 рабочих дней с оплаты, стеклянные перегородки на стальном профиле, в том числе в стиле ар-деко, 15-30, столы на металле 10-15, консоли 20-30, под размер проекта. Могу прислать материалы для спецификаций и привезти образцы стекла и профиля в бюро. Удобно на этой или следующей неделе? Если вопрос не к вам, перешлите, пожалуйста, коллеге, который отвечает за комплектацию проектов.	нет email, только звонок (нет и телефона, искать контакт); сначала звонок: узнать имя, письмо после; факт не перепроверен
143	Diana Danieli Home	К10 Архитектор / дизайн-бюро	не найден	не найдено		Зеркала, перегородки и столы для интерьеров Diana Danieli	Добрый день! Diana Danieli Home ищет менеджера проектов и комплектатора для интерьеров. Пока комплектатора нет, позиции со стеклом и зеркалами ложатся на дизайнеров: их нужно найти, посчитать и согласовать по размеру. Срок изготовления становится известен только после утверждения. Делаем зеркала сложного контура и LED 7-12, стеклянные перегородки 15-30, стеклянные столы на металле 10-15, консоли 20-30 рабочих дней с оплаты, под размер проекта. Металл режем и красим сами. Пришлите одну позицию со стеклом из текущего проекта - посчитаем за 2 рабочих дня, недостающие данные уточню сама. Если вопрос не к вам, перешлите, пожалуйста, коллеге, который отвечает за комплектацию проектов.	нет email, только звонок (нет и телефона, искать контакт); сначала звонок: узнать имя, письмо после; факт не перепроверен
144	Leyla Uluhanli Interiors	К10 Архитектор / дизайн-бюро	Лейла Улуханли, основатель	ГИПОТЕЗА		Стеклянные элементы для мебельных коллекций Leyla Uluhanli	Лейла, добрый день! «В связи с развитием и расширением компании» - так сказано в вашей вакансии дизайнера интерьеров. Если в ваших коллекциях есть мебель со стеклянными и зеркальными элементами, мебельщики обычно отдают закалённое стекло и зеркала нестандартного контура на сторону и ждут дольше всего. Мы закрываем именно эту часть: зеркала сложного контура (овал, арка, капсула) и с подсветкой LED 7-12, стеклянные перегородки 15-30, столы на металле с порошковой покраской 10-15 рабочих дней с оплаты, металлические опоры под ваши чертежи. Металл режем и красим сами. Пришлите одну позицию со стеклом из текущего проекта - посчитаем за 2 рабочих дня, недостающие данные уточню сама. Если удобнее, привезу образцы стекла и профиля. Если не актуально, ответьте одним словом.	проверить ЛПР до отправки; нет email, только звонок (нет и телефона, искать контакт); ЛПР из входного файла, актуальность не проверена; про 'мебельные коллекции' сказано условно, уточнить, есть ли у бюро своя мебельная линия; факт не перепроверен
145	Тверская 24	К11 Отели и гостиничные компании	Александр Лебедев, генеральный директор	ГИПОТЕЗА		Гостиница на Тверской, 24: зеркала LED и стекло к открытию	Александр, добрый день! Для гостиницы на Тверской, 24 получено разрешение на ввод в эксплуатацию. Перед открытием зеркала с подсветкой, стекло в санузлах, душевые перегородки и консоли удобнее делать партией под размер номера, после согласования одного образца. Делаем зеркала LED 7-12, перегородки 15-30, столы на металле 10-15, консоли 20-30 рабочих дней с оплаты. Гарантия по договору. Монтаж по Москве и МО. По партии срок подтвердим в расчёте. Можем сделать образец одного изделия на утверждение до запуска партии, условия образца уточню. Пришлите спецификацию номера - посчитаем за 2 рабочих дня, недостающие данные уточню сама. Если вопрос не к вам, подскажите, кому переслать.	проверить ЛПР до отправки; нет email, только звонок (нет и телефона, искать контакт); по данным входного файла стадия оснащения и выбора оператора: уточнить, кто закупает, собственник или оператор; полное название гостиницы обрезано во входе; факт не перепроверен
146	Гута-Девелопмент (отель Savoy на «Красном Октябре»)	К11 Отели и гостиничные компании	Геннадий Устинов, коммерческий директор	ГИПОТЕЗА		Отель Savoy на «Красном Октябре»: зеркала LED и стекло	Геннадий, добрый день! Для «Красного Октября» представлен проект редевелопмента с пятизвёздочным отелем Savoy, стройка идёт. Зеркала с подсветкой, стекло в санузлах, перегородки и столы для номеров и лобби удобнее делать партией под размер, после согласования одного образца. Делаем зеркала сложного контура (овал, арка, капсула) и LED 7-12, перегородки 15-30, дизайнерские столы на металле 10-15, консоли 20-30 рабочих дней с оплаты. Гарантия по договору, монтаж по Москве и МО. По партии срок подтвердим в расчёте. Пришлите спецификацию номера или лобби - посчитаем за 2 рабочих дня, недостающие данные уточню сама. Если вопрос не к вам, подскажите, кому переслать.	проверить ЛПР до отправки; нет email, только звонок (нет и телефона, искать контакт); ЛПР из входного файла (по данным mn.ru), актуальность не проверена; уточнить, кто закупает оснащение отеля: девелопер или оператор; факт не перепроверен
147	Группа Аквилон (апарт-отель Signal)	К11 Отели и гостиничные компании	Михаил Рогатых, директор по развитию	ГИПОТЕЗА		Апарт-отель Signal: зеркала LED и стекло до отделки	Михаил, добрый день! Строительство апарт-отеля Signal завершается в конце 2026 года, запуск запланирован на 2027. В типовых апартаментах повторяется один набор: зеркало с подсветкой, стекло в душевой, консоль. Одна ошибка в размере умножается на весь фонд, поэтому до партии нужен образец, а перегородки лучше заказывать заранее. Делаем такой набор под размер: зеркала LED 7-12, душевые перегородки 15-30, консоли на металле 20-30 рабочих дней с оплаты. По партии срок подтвердим в расчёте. Можем сделать образец одного изделия на утверждение до запуска партии, условия образца уточню. Пришлите спецификацию типового апартамента - посчитаем пакет за 2 рабочих дня, недостающие данные уточню сама. Если не актуально, ответьте одним словом.	проверить ЛПР до отправки; нет email, только звонок (нет и телефона, искать контакт); ЛПР из входного файла (по данным Коммерсанта), актуальность не проверена; факт не перепроверен
148	Гостиница «Россия» у Зарядья (Варварка, 5*)	К11 Отели и гостиничные компании	не найден	не найдено		Гостиница «Россия» у Зарядья: зеркала LED и стекло	Добрый день! Гостиница «Россия» у Зарядья заявлена к открытию в этом году, а в здании уже работает ресторан Magritte. Зеркала с подсветкой, стекло в санузлах и перегородки при финальном оснащении удобнее делать партией под размер номера, после согласования одного образца. Делаем зеркала LED 7-12, перегородки 15-30, столы на металле 10-15, консоли 20-30 рабочих дней с оплаты. Гарантия по договору. Монтаж по Москве и МО. По партии срок подтвердим в расчёте. Пришлите спецификацию номера - посчитаем за 2 рабочих дня, недостающие данные уточню сама. Если вопрос не к вам, перешлите, пожалуйста, дизайнеру FF&E или управляющей компании.	нет email, только звонок (нет и телефона, искать контакт); сначала звонок: узнать имя, письмо после; оффер: выйти на собственника или технического заказчика - во входе они не названы, искать руками; факт не перепроверен
149	Независимость (ГК «Независимость»)	К12 Автодилер	не найден	не найдено		ДЦ Foton на 74 км МКАД: перегородки и столы переговоров	Добрый день! Дилерский центр Foton на 74 км МКАД открыт: 3064 м², шоурум 400 м². В таком комплексе обычно нужны стеклянные перегородки офисов продаж и клиентской зоны, столы переговоров, зеркала в зоне ожидания и санузлах, и всё к дате открытия. Делаем это под размер и брендбук: перегородки 15-30, столы на металле 10-15 рабочих дней с оплаты. Монтаж своими бригадами по Москве и МО. Если брендбук интерьера не закрепляет поставщика за маркой, пришлите планировку следующего центра - посчитаем за 2 рабочих дня, недостающие данные уточню сама. Если вопрос не к вам, перешлите, пожалуйста, коллеге, который отвечает за строительство и отделку салонов.	нет email, только звонок (нет и телефона, искать контакт); сначала звонок: узнать имя, письмо после; факт не перепроверен
150	Автомир (ГК «Автомир»)	К12 Автодилер	не найден	не найдено		Два ДЦ GAC в Балашихе и Крылатском: перегородки и столы	Добрый день! В августе Автомир открыл два дилерских центра GAC, в Балашихе и в Крылатском. При открытиях по стандарту бренда в каждом салоне обычно нужны стеклянные перегородки кабинетов и переговорных, столы переговоров, зеркала в зоне ожидания и санузлах, и всё к дате открытия. Делаем это под размер и брендбук: перегородки 15-30, столы на металле 10-15 рабочих дней с оплаты. Типовую спецификацию можно зафиксировать один раз для всей сети. По партии срок подтвердим в расчёте. Монтаж своими бригадами по Москве и МО. Если брендбук интерьера не закрепляет поставщика за маркой, пришлите планировку следующего ДЦ - посчитаем за 2 рабочих дня, недостающие данные уточню сама. Если вопрос не к вам, перешлите, пожалуйста, коллеге, который отвечает за строительство и отделку салонов.	нет email, только звонок (нет и телефона, искать контакт); сначала звонок: узнать имя, письмо после; факт не перепроверен
151	БорисХоф	К12 Автодилер	не найден	не найдено		Новый ДЦ GAC в столичном регионе: перегородки кабинетов	Добрый день! БорисХоф открыл новый дилерский центр GAC в столичном регионе. В салоне по стандарту бренда обычно нужны стеклянные перегородки кабинетов менеджеров, столы переговоров, зеркала в зоне ожидания и санузлах, и всё к дате открытия. Делаем это под размер и брендбук: перегородки 15-30, столы на металле 10-15 рабочих дней с оплаты. Монтаж своими бригадами по Москве и МО. Если брендбук интерьера не закрепляет поставщика за маркой, пришлите планировку следующего салона - посчитаем за 2 рабочих дня, недостающие данные уточню сама. Если вопрос не к вам, перешлите, пожалуйста, коллеге, который отвечает за строительство и отделку салонов.	нет email, только звонок (нет и телефона, искать контакт); сначала звонок: узнать имя, письмо после; адрес нового ДЦ во входе не указан; факт не перепроверен
152	Бизнес Кар	К12 Автодилер	не найден	не найдено		Новый ДЦ GAC: стеклянные перегородки и столы для шоурума	Добрый день! Смотрела новости по дилерам GAC: Бизнес Кар открыл новый дилерский центр в столичном регионе. В шоуруме по стандарту бренда обычно нужны стеклянные перегородки офисных зон, столы переговоров, зеркала в зоне ожидания и санузлах, и всё к дате открытия. Делаем это под размер и брендбук: перегородки 15-30, столы на металле 10-15 рабочих дней с оплаты. Монтаж своими бригадами по Москве и МО. Если брендбук интерьера не закрепляет поставщика за маркой, пришлите планировку следующего салона - посчитаем за 2 рабочих дня, недостающие данные уточню сама. Если вопрос не к вам, перешлите, пожалуйста, коллеге, который отвечает за строительство и отделку салонов.	нет email, только звонок (нет и телефона, искать контакт); сначала звонок: узнать имя, письмо после; адрес нового ДЦ во входе не указан; факт не перепроверен
153	Рестораны Раппопорта	К13 Ресторанные группы и сети	Александр Раппопорт, основатель холдинга «Рестораны Раппопорта»	ДАННЫЕ		«Машенька» и новые проекты: зеркала и стекло	Александр, добрый день! В феврале вы открыли «Машеньку» у Зарядья, первое большое открытие примерно за пять лет, а в мае РБК написал про ваш новый ресторан русско-французской кухни с кондитерской. В планах ещё несколько проектов, часть от 1000 кв. м. В больших залах стекло и металл видны гостю вблизи: зеркала в зале и санузлах, перегородки, столы. Мы производим их: зеркала с LED-подсветкой 7-12 рабочих дней с оплаты, перегородки 15-30, столы на металле 10-15. Пришлите планировку или список позиций следующего открытия - посчитаем за 2 рабочих дня, недостающие данные уточню сама. Если тема не ваша, подскажите, кому переслать.	нет email, только звонок; закупщик не установлен: уточнить, кто ведёт комплектацию (директор по развитию или УК); название Savras из выдачи не подтверждено, в письме не использовано, сверить со статьёй РБК
154	Росинтер Ресторантс	К13 Ресторанные группы и сети	Маргарита Костеева, президент, генеральный директор	ГИПОТЕЗА		iL Патио на Ленинградском вокзале: зеркала и стекло	Маргарита, добрый день! Росинтер возвращается на Ленинградский вокзал после реконструкции: комплекс iL Патио, кофейня «Лалибела кофе» и точка «Вкусно - и точка», об этом пишет ваш пресс-центр. Под новый дизайн-концепт обычно нужна серия одинаковых позиций: зеркала в залах и санузлах, перегородки, столы. Мы производим такие наборы партиями: зеркала с LED-подсветкой 7-12 рабочих дней с оплаты, перегородки 15-30, столы на металле 10-15. Типовую спецификацию можно зафиксировать один раз и повторять на каждой точке. Пришлите список позиций одной точки - посчитаем за 2 рабочих дня, недостающие данные уточню сама. По партии срок подтвердим в расчёте. Если этим занимается другой человек, подскажите, кому переслать.	нет email, только звонок; проверить ЛПР до отправки; актуальность Костеевой в 2026 не подтверждена, руководителя развития/строительства не найдено; точную дату открытия iL Патио проверить в пресс-центре, в письме дата не названа
155	Кофемания	К13 Ресторанные группы и сети	Игорь Журавлёв, основатель, генеральный директор ООО «Ортизей»	ДАННЫЕ		«Кофемания» в СберСити: зеркала и стекло для точки	Игорь, добрый день! 22 сентября открылась «Кофемания» в СберСити. К дате открытия каждой точки нужны зеркала в зале и санузлах, стеклянные перегородки, столы и консоли, и набор от точки к точке повторяется. Зеркала с LED-подсветкой готовим за 7-12 рабочих дней с оплаты, перегородки за 15-30, столы на металле за 10-15. Замер и монтаж своими бригадами по Москве и МО, гарантия по договору. Пришлите список позиций следующей точки - посчитаем за 2 рабочих дня, недостающие данные уточню сама. Если сейчас не до этого, ответьте одним словом.	нет email, только звонок; директор по развитию/строительству не найден; дату источника ЕГРЮЛ по ЛПР проверить руками
156	Персона (сеть имидж-лабораторий)	К13 Ресторанные группы и сети	Игорь Стоянов, основатель и президент сети «Персона»	ГИПОТЕЗА		Зеркала с LED для новых точек «Персоны»	Игорь, добрый день! «Персона» растёт в формате бьюти-парков, по вашим планам это несколько новых точек в год. Для такой сети каждое открытие - серия одинаковых рабочих мест: зеркала мастеров, перегородки кабинетов, консоли. Мы производим зеркала с LED-подсветкой под размер места, 7-12 рабочих дней с оплаты, стеклянные перегородки на стальном или алюминиевом профиле, 15-30, и столы на металле, 10-15. Монтаж своими бригадами по Москве и МО. Пришлите спецификацию одного места мастера или планировку ближайшей точки - посчитаем за 2 рабочих дня, недостающие данные уточню сама. По партии срок подтвердим в расчёте. Если не актуально, ответьте одним словом.	нет email, только звонок; проверить ЛПР до отправки; сегмент в базе неверный: бьюти-ритейл (сеть имидж-лабораторий), не ресторан; факт не подтверждён: открытие «Персоны Алтуфьево» 15.06.2026 в письме не использовано, проверить на persona.ru
157	Perelman People	К13 Ресторанные группы и сети	Владимир Перельман, основатель холдинга Perelman People	ДАННЫЕ		Новые форматы Perelman People: зеркала и стекло	Владимир, добрый день! Новое суши-кафе Perelman People попало в подборку открытий апреля. Когда холдинг запускает новые форматы, каждый раз повторяется один набор: зеркала в зале и санузлах, стеклянные перегородки, столы. И всё нужно к дате открытия, а не после. Наш набор: перегородки за 15-30 рабочих дней с оплаты, зеркала с LED-подсветкой за 7-12, столы на металле за 10-15. Пришлите планировку или список позиций следующего открытия - посчитаем за 2 рабочих дня, недостающие данные уточню сама. Если тема не ваша, подскажите, кому переслать.	нет email, только звонок; руководитель комплектации не найден; название кафе и адрес (по выдаче «Рыба моя в Японии», ЖК Lucky, 2-я Звенигородская, 12) сверить со статьёй Buro247, в письме не использованы
158	Vasilchuki Restaurant Group (Чайхона №1)	К13 Ресторанные группы и сети	Тимур Ланский, основатель, владелец «Чайхоны №1» и холдинга «Рестораны Тимура Ланского»	ДАННЫЕ		«Чудо-Юдо»: набор зеркал и стекла под франшизу	Тимур, добрый день! «Чудо-Юдо», ваш новый рыбный ресторан в Москве, задуман с планом развития по франшизе. Франшизе нужен один набор, который повторяется в каждой точке: зеркала в зале и санузлах, перегородки, столы. Мы производим такие наборы партиями, доставка по России: зеркала с LED-подсветкой 7-12 рабочих дней с оплаты, перегородки 15-30, столы на металле 10-15. Пришлите список позиций стандарта - посчитаем за 2 рабочих дня, недостающие данные уточню сама. По партии срок подтвердим в расчёте. Если тема не ваша, подскажите, кто у вас отвечает за франчайзинг и развитие.	нет email, только звонок; директор по развитию/франчайзинга не найден; точную дату интервью про «Чудо-Юдо» проверить; компания и ЛПР, возможно, из разных холдингов (Чайхона №1 - Васильчуки, Чудо-Юдо - Тимур Ланский): сверить до отправки
159	90th Floor (Mume)	К13 Ресторанные группы и сети		не найдено		Monomakh на 90-м этаже: зеркала и стекло для залов	Добрый день! В мае на 90-м этаже башни «Федерация» открылся Monomakh от команды Mume. В панорамных залах стекло и зеркала видны гостю вблизи, а размеры и срок в такой точке решают всё. Мы производим зеркала с LED-подсветкой (7-12 рабочих дней с оплаты), стеклянные перегородки (15-30) и столы на металле (10-15) под размер и концепцию. Замер и монтаж своими бригадами по Москве и МО, гарантия по договору. Пришлите планировку или список позиций следующего открытия - посчитаем за 2 рабочих дня, недостающие данные уточню сама. Если этим занимается не вы, перешлите, пожалуйста, коллеге, который отвечает за открытия.	нет email, только звонок; собственник/ГД юрлица не подтверждён, смотреть ЕГРЮЛ по сайту 90floor.ru (бывшего директора «Аэромара» и тёзок не брать); сначала звонок: узнать имя, письмо после
160	Cleversport	К13 Ресторанные группы и сети	Алексей Подольский, директор по региональному развитию	ДАННЫЕ		10 клубов Cleversport: зеркала для залов и раздевалок	Алексей, добрый день! Cleversport планирует открыть 10 фитнес-клубов в Москве и области, первый на 7,2 тыс. кв. м в ЖК «Литературный квартал». Понимаю, что первый клуб заявлен на 2030 год, поэтому пишу заранее, до выбора поставщиков. В клубах повторяется один набор: зеркала залов, зеркала и перегородки раздевалок. Мы производим их: зеркала с LED-подсветкой 7-12 рабочих дней с оплаты, стеклянные перегородки 15-30. Типовую спецификацию можно зафиксировать один раз и повторять на каждый клуб. Пришлите планировку одного зала - посчитаем за 2 рабочих дня, недостающие данные уточню сама. Если не актуально, ответьте одним словом.	нет email, только звонок; сегмент в базе неверный: фитнес-сеть, не ресторан; контакт на перспективу: первый клуб заявлен на 2030, точный месяц публикации не виден
161	BarRestoGroup	К13 Ресторанные группы и сети	Никита Татаев, управляющий партнёр BarRestoGroup	ГИПОТЕЗА		«Мандарин» в Малом Черкасском: перегородки и зеркала	Никита, добрый день! «Мандарин» откроется этой осенью в Малом Черкасском переулке на месте Mandarin Combustible. В лаунж-формате стекло отвечает за зонирование: перегородки между зонами, зеркала в санузлах, консоль хостес. И всё нужно к дате открытия. Мы производим это: перегородки 15-30 рабочих дней с оплаты, зеркала с LED-подсветкой 7-12, столы на металле 10-15. Замер и монтаж своими бригадами по Москве и МО. Пришлите планировку или список позиций для «Мандарина» или следующего открытия - посчитаем за 2 рабочих дня, недостающие данные уточню сама. Если тема не ваша, подскажите, кому переслать.	нет email, только звонок; проверить ЛПР до отправки; источник по Татаеву 2023 года, актуальность проверить
162	Комитет (ресторанная группа)	К13 Ресторанные группы и сети		не найдено		Margot bistro на Большой Никитской: зеркала и стекло	Добрый день! Margot bistro на Большой Никитской, зал на 200+ мест: если этот проект ведёте вы, то в большом зале стекло и зеркала нужны к дате открытия, а размеры часто нестандартные. Мы производим зеркала с LED-подсветкой (7-12 рабочих дней с оплаты), стеклянные перегородки (15-30) и столы на металле (10-15). Замер и монтаж своими бригадами по Москве и МО. Пришлите планировку или список позиций ближайшего открытия - посчитаем за 2 рабочих дня, недостающие данные уточню сама. Если вопрос не к вам, перешлите, пожалуйста, коллеге, который отвечает за новые открытия.	нет email, только звонок; факт не подтверждён: связь Margot с группой «Комитет» не подтверждена, возможна путаница юрлиц (в выдаче СПб-группа «Комитет Груп»); открытие середина сентября 2026 независимо не проверено; сначала звонок: узнать имя, письмо после
163	Semifreddo (ресторанная группа)	К13 Ресторанные группы и сети	Игорь Витошинский, основатель Semifreddo Group	ДАННЫЕ		Osteria Italiana на Невском: перегородки и зеркала	Игорь, добрый день! Semifreddo Group запустила в сентябре первый петербургский проект: Osteria Italiana в БЦ LSR Group в начале Невского проспекта. Когда группа приходит в новый город, набор стекла и зеркал лучше зафиксировать один раз, чем заказывать заново под каждую точку. Мы производим: перегородки для отдельных зон 15-30 рабочих дней с оплаты, зеркала с LED-подсветкой 7-12, столы на металле 10-15. Доставка по России, монтаж в регионе - условия уточню. Пришлите список позиций следующей точки - посчитаем за 2 рабочих дня, недостающие данные уточню сама. Если сейчас не до этого, ответьте одним словом.	нет email, только звонок; руководитель стройки/комплектации не найден; дату материала «Коммерсанта» подтвердить руками; объект в Санкт-Петербурге: свои бригады монтируют только по Москве и МО
164	Meeting Point	К1 Сервисные офисы / коворкинги	Лариса Афанасьева, генеральный директор Meeting Point	ДАННЫЕ		8 этаж ДЦ «Москва»: перегородки для сервисных офисов	Лариса, добрый день! Meeting Point строит сервисные офисы на 1700 кв. м на 8 этаже ДЦ «Москва» на Охотном Ряду, завершение в декабре. Стеклянные перегородки кабинетов и переговорных на таком этаже обычно самая долгая позиция по сроку. Производство и сборка в Домодедово, металл режем и красим сами: перегородки 15-30 рабочих дней с оплаты, стеклянные маркерные доски 10-15, монтаж своими бригадами по Москве. Чтобы успеть к декабрю, спецификацию удобно зафиксировать в ближайшие недели. Пришлите планировку этажа - посчитаем с техотделом за 2 рабочих дня, недостающие данные уточню сама. По партии срок подтвердим в расчёте. Если тема не ваша, подскажите, кто у вас ведёт отделку этажа.	нет email, только звонок; для закупки стекла лучше найти руководителя развития/fit-out, в выдаче не найден
165	FORMA (Форма, ГК ПИК)	К8 Девелопер	Антон Валявин, директор блока девелопмента коммерческой недвижимости FORMA	ДАННЫЕ		FORMA workplace: стеклянные перегородки для офисов	Антон, добрый день! С 1 августа FORMA получила проекты бренда «Среда», включая офисный БЦ на Варшавском, который вошёл в линейку FORMA workplace. В офисных проектах стеклянные перегородки часто самая долгая позиция по сроку и первая, из-за которой сдвигается сдача. Мы производим их: фиксированные, распашные, раздвижные, каскадные, профиль сталь или алюминий. Изготовление 15-30 рабочих дней с оплаты, монтаж своими бригадами по Москве и МО или поставка без монтажа. Подскажите, стекло закупаете сами или через генподрядчика? Если сами, пришлите планировку одного объекта - посчитаем оба варианта за 2 рабочих дня, недостающие данные уточню сама.	нет email, только звонок; Валявин отвечает за офисы (FORMA workplace), для жилых лобби нужен другой контакт (закупки ПИК/FORMA); соотнесение «Среда на Варшавском» и «Сплит» проверить (выдача показывает офисный СПЛИТ в Москворечье-Сабурово), название «Сплит» в письме не использовано
166	Upside Development	К8 Девелопер	Алексей Перлин, генеральный директор	ГИПОТЕЗА		Will Towers, 2-я очередь: зеркала и стекло для лобби	Алексей, добрый день! Структура Upside выиграла торги на проект второй очереди Will Towers в Раменках, а застройку ведёт Upside Development. В лобби и МОП повторяются одни и те же позиции: зеркала, стеклянные перегородки, стойки. Их обычно закупают последними и в сжатый срок. Мы производим это под размер объекта: перегородки 15-30 рабочих дней с оплаты, зеркала с LED-подсветкой 7-12. Замер и монтаж своими бригадами по Москве и МО, гарантия по договору. Подскажите, отделку МОП закупаете сами или через генподрядчика? Если сами, пришлите ТЗ или дату тендера - подготовимся заранее.	нет email, только звонок; проверить ЛПР до отправки; проверить ФИО и юрлицо: Upside Development и ООО «Рощинская» разные структуры; директор по закупкам/строительству не найден
167	СИТИ21 (Сити-XXI век)	К8 Девелопер		не найдено		ЖК «Вавилова 64»: зеркала и стекло для МОП	Добрый день! Разрешение на строительство ЖК «Вавилова 64» в Гагаринском районе получено. На МОП и в лобби повторяются одни и те же позиции: зеркала, стеклянные перегородки, стойки. Их обычно закупают последними и в сжатый срок. Мы производим это под размер объекта: перегородки 15-30 рабочих дней с оплаты, зеркала с LED-подсветкой 7-12. Замер и монтаж своими бригадами по Москве и МО, гарантия по договору. Пришлите ТЗ или дату тендера на отделку МОП - подготовимся заранее. Если этим занимается не вы, перешлите, пожалуйста, коллеге, который отвечает за закупку отделки МОП.	нет email, только звонок; факт из файла не перепроверен, ЛПР не искали (нужно найти ГД по ЕГРЮЛ и руководителя закупок); аккредитация на ЭТП из колонки «что предложить» в письме не использована; сначала звонок: узнать имя, письмо после
168	ФМК «Агат»	К6 Комплектатор образования	Евгений Бураков, генеральный директор, единственный учредитель ООО ФМК «Агат»	ДАННЫЕ	fmk-info@agatmk.ru	Доски и зеркала к школьной мебели «Агата»	Евгений Серафимович, добрый день! В июле вы заключили контракты на школу №3 в Лебедяни и школу «Хазина». К школьной мебели в комплект часто просят стеклянные доски и зеркала, и проще брать их у одного производителя, чем искать отдельного подрядчика. Мы производим стеклянные маркерные доски из закалённого осветлённого стекла (10-15 рабочих дней с оплаты), зеркала для хореографических и спортивных залов. Производство и сборка в Домодедово, доставка по России, монтаж в регионе - условия уточню, гарантия по договору. Пришлите позицию из ТЗ ближайшего тендера - посчитаем за 2 рабочих дня, недостающие данные уточню сама. Если тема не ваша, подскажите, кто ведёт тендеры.	email общий (fmk-info@agatmk.ru), персонального нет; не путать с ООО «ФМК» (ИНН 4800015500); факт из файла не перепроверен
169	ЭнергияЛаб	К6 Комплектатор образования	Ирина Бастрыгина, генеральный директор и 100% владелец	ГИПОТЕЗА	info@vrnlab.ru	«Агроклассы» и кластер в Тольятти: доски и столы	Ирина Викторовна, добрый день! В сентябре вы запустили линейку «Агроклассы» и завершили оснащение образовательного кластера в Тольятти, об этом написано на сайте «Энергиялаб». В комплекте лаборатории есть позиции, которые проще заказать у одного производителя: стеклянные доски и столы на металлокаркасе. Мы производим в Домодедово стеклянные маркерные доски из закалённого осветлённого стекла (10-15 рабочих дней с оплаты) и столы на металле (10-15 рабочих дней). Доставка по России, монтаж в регионе - условия уточню. Пришлите позицию из спецификации одного комплекта - посчитаем за 2 рабочих дня, недостающие данные уточню сама. Если тема не ваша, подскажите, кому переслать.	проверить ЛПР до отправки; email общий (info@vrnlab.ru); два юрлица в выдаче: ООО «Энергиялаб» (ИНН 3662179203) и ООО НТП «Энергиялаб» (ИНН 3665814848), какое ведёт vrnlab.ru - проверить; факт из файла не перепроверен
170	Отель Линкс (Links National Golf Club)	К11 Отели и гостиничные компании	Олег Кустиков, генеральный директор компании «Отель Линкс»	ГИПОТЕЗА		Отель на 200 номеров в Links: зеркала LED под размер	Олег, добрый день! На территории Links National Golf Club в Дмитровском округе строится пятизвёздочный отель на 200 номеров, по обновлению мая строительство завершат в течение года. Оснащение номеров при такой сдаче выбирают заранее. В номерах повторяется один набор: зеркало с подсветкой, стекло душевых, перегородки. Одна ошибка в размере умножается на весь фонд, поэтому до партии делаем образец одного изделия на утверждение, условия образца уточню. Зеркала с LED-подсветкой - 7-12 рабочих дней с оплаты, перегородки 15-30, гарантия по договору. По партии срок подтвердим в расчёте. Подскажите, закупку ведёт управляющая компания или подрядчик? Если вы, пришлите спецификацию номера - посчитаем за 2 рабочих дня, недостающие данные уточню сама.	нет email, только звонок; проверить ЛПР до отправки; проверить ФИО по ЕГРЮЛ ООО «Отель Линкс»; расхождение сроков: в файле открытие II кв. 2027 (frontdesk.ru), по обновлению мая 2026 завершение в течение года; в письме только «в течение года»
171	Русские Сезоны (конгресс-отель «Красное»)	К11 Отели и гостиничные компании		не найдено		Конгресс-отель на 450 номеров: зеркала и стекло санузлов	Добрый день! По конгресс-отелю «Красное» на 450 номеров в Подмосковье был анонс. Если проект ведут «Русские Сезоны»: на такой фонд зеркала и стекло санузлов удобнее согласовать на этапе проектирования, после утверждения образца одного изделия. Мы делаем это под размер номера: зеркала с LED-подсветкой 7-12 рабочих дней с оплаты, стеклянные перегородки санузлов 15-30. Гарантия по договору, монтаж своими бригадами по Москве и МО. По партии срок подтвердим в расчёте. Пришлите спецификацию номера - посчитаем пакет за 2 рабочих дня, недостающие данные уточню сама. Если вопрос не к вам, перешлите, пожалуйста, дизайнеру FF&E или управляющей компании отеля.	нет email, только звонок; факт не подтверждён: объект «Красное» в выдаче не найден, проверить, что это сеть «Русские Сезоны» (известен курорт «Пересвет», 373 номера); ГД не найден; сначала звонок: узнать имя, письмо после
172	Всенародный Фермерский Центр (курорт «Бережки»)	К11 Отели и гостиничные компании	Сергей Трегуб, советник генерального директора ООО «Всенародный фермерский центр»	ДАННЫЕ		«Бережки» в Солнечногорске: зеркала и стекло для номеров	Сергей, добрый день! В Солнечногорске на ПМЭФ подписано соглашение по гостиничному комплексу «Бережки»: 4 корпуса на 175 номеров, конгресс-центр на 400 мест, спа-блок более 17 тыс. кв. м, срок 2029. На такой объём стекло и зеркала удобнее согласовать до старта отделки. Мы производим под размер: зеркала с LED-подсветкой 7-12 рабочих дней с оплаты, стеклянные перегородки 15-30, монтаж своими бригадами по Москве и МО, гарантия по договору. Перед партией сделаем образец одного изделия на утверждение, по партии срок подтвердим в расчёте, условия образца уточню. Подскажите, кто ведёт проект и закупку отделки со стороны компании? Пришлите контакт или перешлите письмо - подготовимся заранее.	нет email, только звонок; Трегуб - советник, не закупщик: искать ГД ООО «Всенародный фермерский центр» и руководителя проекта; старт стройки: в файле лето 2026, в выдаче срок завершения 2029 (в письме только «срок 2029»)
173	Парк-отель «Морозовка»	К11 Отели и гостиничные компании	Георгий Марейчев, генеральный директор ООО «Усадьба «Морозовка»»	ДАННЫЕ		Реконструкция парк-отеля «Морозовка»: зеркала и стекло	Георгий, добрый день! У парк-отеля «Морозовка» после смены собственника речь идёт о реконструкции: в июне была встреча с администрацией Солнечногорска. При обновлении номеров зеркала, стекло санузлов и перегородки удобнее делать партией под размер номера, после утверждения образца одного изделия. Мы делаем это: зеркала с LED-подсветкой 7-12 рабочих дней с оплаты, перегородки 15-30, консоли на металле. Гарантия по договору, монтаж по Москве и МО. По партии срок подтвердим в расчёте. Подскажите, закупку ведёт управляющая компания или подрядчик? Если вы, пришлите спецификацию номера - посчитаем за 2 рабочих дня, недостающие данные уточню сама.	нет email, только звонок; сроки и объём реконструкции проверить в статье riamo.ru; ранее отель приостановил деятельность (frontdesk.ru), в письме не упомянуто
174	Коломна Арт Отель (инвестпроект)	К11 Отели и гостиничные компании		не найдено		Отель на 170 номеров в Коломне: зеркала и стекло	Добрый день! В Коломне выделен участок и объявлен инвестпроект гостиницы на 170 номеров. Если проект ваш: в номерах повторяется один набор - зеркало с подсветкой, стекло санузла, консоль. Ошибка в размере умножается на весь фонд, поэтому до партии нужен образец одного изделия на утверждение, условия образца уточню. Мы делаем такой набор под размер номера: зеркала с LED-подсветкой 7-12 рабочих дней с оплаты, стеклянные перегородки санузлов 15-30, консоли на металле. Пришлите спецификацию или концепт номера, когда он появится - посчитаем пакет за 2 рабочих дня, недостающие данные уточню сама. По партии срок подтвердим в расчёте. Если вопрос не к вам, перешлите, пожалуйста, дизайнеру FF&E или управляющей компании отеля.	нет email, только звонок; факт из файла не перепроверен; инвестор/ЛПР не установлен; сначала звонок: узнать имя, письмо после
175	DATA (девелопер)	К8 Девелопер	Артем Кузнецов, основатель/руководитель DATA	ГИПОТЕЗА		«Пирогово Коллекция»: зеркала и стекло для общих зон	Артем, добрый день! Анонс «Пирогово Коллекции» - первый за 10 лет загородный проект с гольф-полем в Подмосковье. В общих зонах и домах таких проектов повторяются одни и те же позиции: зеркала, стеклянные перегородки, консоли и столы. Мы производим это под размер объекта: перегородки 15-30 рабочих дней с оплаты, зеркала с LED-подсветкой 7-12, столы на металле 10-15. Замер и монтаж своими бригадами по Москве и МО, гарантия по договору. Подскажите, отделку общих зон закупаете сами или через генподрядчика? Если сами, пришлите ТЗ или дату тендера - подготовимся заранее.	нет email, только звонок; проверить ЛПР до отправки; ФИО взято из входного файла, поиском не подтверждено; факт из файла не перепроверен
176	G3 GROUP (Джи Три Групп)	К8 Девелопер		не найдено		«Орнамент» в Орехово-Зуеве: зеркала и стекло для МОП	Добрый день! У G3 GROUP открыты продажи нового проекта «Орнамент» в Орехово-Зуеве, а закупки группа ведёт через тендерный канал G3tender. К вводу в лобби и МОП нужны зеркала и стеклянные перегородки, а закупка этих позиций обычно остаётся на самый конец отделки. Производим по размеру объекта: перегородки за 15-30 рабочих дней с оплаты, зеркала с LED-подсветкой за 7-12. Замер и монтаж - своими бригадами по Москве и МО, гарантия по договору. Когда планируете тендер на отделку МОП? Пришлите ТЗ или дату - подготовимся заранее. Если вопрос не к вам, перешлите, пожалуйста, коллеге, который отвечает за тендеры на отделку.	нет email, только звонок; факт из файла не перепроверен; ЛПР не найден: руководителя закупок искать через t.me/G3tender; сначала звонок: узнать имя, письмо после
177	Pine River (Пайн Ривер)	К11 Отели и гостиничные компании		не найдено	info@pineriver.ru	«Пайн Ривер»: зеркала и стекло для номеров и спа	Добрый день! 3 июня на ПМЭФ подписано соглашение о вложении 10 млрд рублей в туркластер «Пайн Ривер» в Жуковском районе, 250+ номеров. На такой фонд зеркала и душевые перегородки удобнее согласовать до старта отделки, после утверждения образца одного изделия. Мы делаем это под размер номера: зеркала с LED-подсветкой 7-12 рабочих дней с оплаты, перегородки 15-30. Гарантия по договору, доставка по России, монтаж в регионе - условия уточню. По партии срок подтвердим в расчёте. Пришлите спецификацию номера или концепт - посчитаем за 2 рабочих дня, недостающие данные уточню сама. Если вопрос не к вам, перешлите, пожалуйста, дизайнеру FF&E или управляющей компании отеля.	факт из файла не перепроверен; email общий (info@pineriver.ru), тел. +7 (495) 230-13-12; объект в Калужской области: монтаж своими бригадами только по Москве и МО; сначала звонок: узнать имя, письмо после
178	Автокласс (ГК «Автокласс»)	К12 Автодилер		не найдено		Дилерские центры Voyah и «Эволют» в Туле: стекло	Добрый день! В марте вы открыли в Туле на Октябрьской улице два дилерских центра, Voyah и «Эволют», по 425 кв. м каждый. В салоне по стандарту бренда нужны стеклянные перегородки кабинетов, столы переговоров, зеркала в зоне ожидания и санузлах. Мы производим это под размер и брендбук: перегородки 15-30 рабочих дней с оплаты, столы на металле 10-15. Производство и сборка в Домодедово, доставка по России, монтаж в регионе - условия уточню. Если брендбук не закрепляет поставщика за маркой, пришлите планировку ближайшего салона или дооснащения - посчитаем за 2 рабочих дня, недостающие данные уточню сама. Если вопрос не к вам, перешлите, пожалуйста, коллеге, который отвечает за открытия салонов.	нет email, только звонок (+7 (4872) 702-701); факт из файла не перепроверен; объект в Туле: монтаж своими бригадами только по Москве и МО; сначала звонок: узнать имя, письмо после
179	Первый Класс	К6 Комплектатор образования		не найдено	info@eduvrn.com	Контракт МКУ «ДЕЗ КС» и стеклянные доски для школ	Добрый день! Контракт от 4 сентября на оборудование для обучения трудовым процессам для МКУ «ДЕЗ КС» - один из более чем 700 ваших контрактов по 44-ФЗ. В ТЗ на школы стекло проверяют строже остального. Мы производим стеклянные маркерные доски из закалённого осветлённого стекла (10-15 рабочих дней с оплаты), зеркала для хореографических и спортивных залов и перегородки в административные зоны. Производство и сборка в Домодедово, доставка по России, монтаж в регионе - условия уточню. Пришлите позицию из ТЗ ближайшего тендера - посчитаем за 2 рабочих дня, недостающие данные уточню сама. Если этим занимается не вы, перешлите, пожалуйста, коллеге, который отвечает за тендеры и закупку оснащения.	факт из файла не перепроверен; email общий (info@eduvrn.com), тел. +7 (473) 202-40-20; сначала звонок: узнать имя, письмо после
180	Школьный арсенал	К6 Комплектатор образования		не найдено	eleksplus@yandex.ru	Красносельская музыкальная школа: зеркала и доски	Добрый день! Видела ваш контракт от 14 сентября на мебель для Красносельской детской музыкальной школы. В музыкальных и хореографических школах кроме мебели нужны зеркала в классах и залах, а в обычных классах стеклянные доски. Мы производим зеркала для хореографических и спортивных залов под размер и стеклянные маркерные доски из закалённого осветлённого стекла (10-15 рабочих дней с оплаты). Производство и сборка в Домодедово, доставка по России, монтаж в регионе - условия уточню, гарантия по договору. Пришлите позицию из ТЗ ближайшего тендера - посчитаем за 2 рабочих дня, недостающие данные уточню сама. Если вопрос не к вам, перешлите, пожалуйста, коллеге, который отвечает за закупку мебели и оснащения.	факт из файла не перепроверен; email общий (eleksplus@yandex.ru), тел. +7 961 245-76-85; сначала звонок: узнать имя, письмо после
181	Главофисторг (Инновационные решения)	К6 Комплектатор образования		не найдено	content@glavofistorg.ru	Поликлиника №1 в Воронеже: перегородки и доски	Добрый день! 9 сентября вы заключили контракты на офисную мебель и тумбы для Воронежской городской клинической поликлиники №1. В поликлиниках рядом с мебелью нужны стеклянные перегородки кабинетов, маркерные доски и зеркала. Мы производим в Домодедово перегородки на стальном или алюминиевом профиле (15-30 рабочих дней с оплаты), стеклянные маркерные доски из закалённого осветлённого стекла (10-15 рабочих дней) и зеркала. Гарантия по договору, доставка по России, монтаж в регионе - условия уточню. Пришлите позицию из ТЗ ближайшего тендера - посчитаем за 2 рабочих дня, недостающие данные уточню сама. Если этим занимается не вы, перешлите, пожалуйста, коллеге, который отвечает за тендеры на поставки в медучреждения.	факт из файла не перепроверен; email content@ похож на адрес контент-отдела, не закупок; тел. +7 473 257-65-65; контракты по медицине, а не по образованию: сегмент К6 условный; сначала звонок: узнать имя, письмо после
182	Спектр знаний	К6 Комплектатор образования		не найдено	lsn@spzn.ru	Токарёвская СОШ: стеклянные доски и зеркала	Добрый день! Видела ваш контракт от 1 июля на мебель для Токарёвской школы. К школьной мебели в комплект часто просят стеклянные доски и зеркала для спортзала, и проще брать их у одного производителя. Мы производим стеклянные маркерные доски из закалённого осветлённого стекла (10-15 рабочих дней с оплаты) и зеркала для спортивных и хореографических залов под размер. Производство и сборка в Домодедово, доставка по России, монтаж в регионе - условия уточню. Пришлите позицию из ТЗ ближайшего тендера - посчитаем за 2 рабочих дня, недостающие данные уточню сама. Если вопрос не к вам, перешлите, пожалуйста, коллеге, который отвечает за закупку оснащения для школ.	факт из файла не перепроверен; email общий (lsn@spzn.ru), тел. +7 903 652-71-38; сначала звонок: узнать имя, письмо после
183	Мебельпроф (Рязань)	К6 Комплектатор образования		не найдено	gluhova@yandex.ru	Школа №8 в Рязани: стеклянные доски и зеркала	Добрый день! 9 сентября вы заключили контракт на мебель для сидения для школы №8 в Рязани. К школьной мебели в комплект часто просят стеклянные доски и зеркала для спортзала, и проще брать их у одного производителя. Мы производим стеклянные маркерные доски из закалённого осветлённого стекла (10-15 рабочих дней с оплаты) и зеркала для спортивных и хореографических залов под размер. Производство и сборка в Домодедово, доставка по России, монтаж в регионе - условия уточню. Пришлите позицию из ТЗ ближайшего тендера - посчитаем за 2 рабочих дня, недостающие данные уточню сама. Если этим занимается не вы, перешлите, пожалуйста, коллеге, который отвечает за тендеры и поставки.	факт из файла не перепроверен; email похож на личный ящик (gluhova@yandex.ru), проверить, что рабочий; тел. +7 491 234-44-41; сначала звонок: узнать имя, письмо после
184	ПК «Мебель Партнер»	К6 Комплектатор образования		не найдено	mebel_lipetsk@mail.ru	Больница №4 в Липецке: перегородки и доски	Добрый день! Видела ваш контракт от 19 сентября на офисные тумбы для Липецкой городской больницы №4. В больницах рядом с мебелью нужны стеклянные перегородки отделений и кабинетов, маркерные доски и зеркала. Мы производим в Домодедово перегородки на стальном или алюминиевом профиле (15-30 рабочих дней с оплаты), стеклянные маркерные доски из закалённого осветлённого стекла (10-15 рабочих дней) и зеркала. Доставка по России, монтаж в регионе - условия уточню. Пришлите позицию из ТЗ ближайшего тендера - посчитаем за 2 рабочих дня, недостающие данные уточню сама. Если вопрос не к вам, перешлите, пожалуйста, коллеге, который отвечает за тендеры на поставки в больницы.	факт из файла не перепроверен; email общий (mebel_lipetsk@mail.ru), тел. +7 474 255-90-07; контракт по медицине, а не по образованию: сегмент К6 условный; сначала звонок: узнать имя, письмо после
185	Стерлинг (МФ Стерлинг)	К6 Комплектатор образования		не найдено	ooo.sterling@yandex.ru	Фатежская ЦРБ: стеклянные перегородки и зеркала	Добрый день! 8 сентября вы заключили контракт на медицинскую мебель для Фатежской ЦРБ. Рядом с мебелью в медучреждениях нужны стеклянные перегородки и зеркала, и проще заказать их у одного производителя. Мы производим в Домодедово перегородки на стальном или алюминиевом профиле (15-30 рабочих дней с оплаты) и зеркала под размер. Доставка по России, монтаж в регионе - условия уточню, гарантия по договору. Пришлите позицию из ТЗ ближайшего тендера - посчитаем за 2 рабочих дня, недостающие данные уточню сама. Если этим занимается не вы, перешлите, пожалуйста, коллеге, который отвечает за закупку для медучреждений.	факт из файла не перепроверен; email общий (ooo.sterling@yandex.ru), тел. +7 904 525-84-70; контракт по медицине, а не по образованию: сегмент К6 условный; сначала звонок: узнать имя, письмо после
186	ГК Развитие	К8 Девелопер		не найдено	info@rzv.ru	БЦ «Сенатор» и ЖК «Нега»: перегородки и зеркала	Добрый день! У ГК «Развитие» стартовали продажи шестого корпуса курортного ЖК «Нега», а в Воронеже развивается БЦ «Сенатор». В БЦ стеклянные перегородки часто самая долгая позиция по сроку, а в лобби и МОП повторяются зеркала и стойки. Мы производим это в Домодедово под размер объекта: перегородки 15-30 рабочих дней с оплаты, зеркала с LED-подсветкой 7-12. Гарантия по договору, доставка по России, монтаж в регионе - условия уточню. Пришлите ТЗ или дату тендера на отделку МОП - подготовимся заранее. Если вопрос не к вам, перешлите, пожалуйста, коллеге, который отвечает за закупку отделки и тендеры.	факт из файла не перепроверен; email общий (info@rzv.ru), тел. +7 (473) 260-22-00; объекты вне Москвы и МО: монтаж своими бригадами только по Москве и МО; сначала звонок: узнать имя, письмо после
187	ГК ОСТ	К8 Девелопер		не найдено	gk@ost71.ru	ЖК «Белкина» и «Прайм»: зеркала и стекло для лобби	Добрый день! Продажи нового проекта «Белкина» у ГК ОСТ стартовали, а «Прайм Энгельса» назвали в числе лучших ЖК России по потребительским качествам. Зеркала в лобби, стеклянные перегородки, стойки ресепшен - позиции, которые закупают в конце и в сжатый срок. Мы производим это в Домодедово под размер объекта: перегородки 15-30 рабочих дней с оплаты, зеркала с LED-подсветкой 7-12. Гарантия по договору, доставка по России, монтаж в регионе - условия уточню. Если есть ТЗ или планировки МОП, пришлите - посчитаем за 2 рабочих дня, недостающие данные уточню сама. Если этим занимается не вы, перешлите, пожалуйста, коллеге, который отвечает за закупки на отделку МОП.	факт из файла не перепроверен; email общий (gk@ost71.ru), тел. +7 (4872) 544-066; объекты вне Москвы и МО: монтаж своими бригадами только по Москве и МО; сначала звонок: узнать имя, письмо после
188	ИСГ Мармакс	К8 Девелопер		не найдено	info@marmax.ru	«Проспект Ленина» в Туле: зеркала и стекло для лобби	Добрый день! Офис продаж нового проекта «Проспект Ленина» в Туле открыт, а закупки вы ведёте на площадке tender.marmax.ru. Стекло в МОП и лобби обычно добирают в самом конце отделки, когда сроки уже поджимают. Мы производим это в Домодедово под размер объекта: перегородки 15-30 рабочих дней с оплаты, зеркала с LED-подсветкой 7-12. Гарантия по договору, доставка по России, монтаж в регионе - условия уточню. Когда планируете тендер на отделку МОП? Пришлите ТЗ или дату - подготовимся заранее. Если вопрос не к вам, перешлите, пожалуйста, коллеге, который отвечает за закупку отделки.	факт из файла не перепроверен; email общий (info@marmax.ru), тел. +7 (4912) 500-005; регион в файле Рязанская область, объект в Туле; монтаж своими бригадами только по Москве и МО; сначала звонок: узнать имя, письмо после
189	ГК Проект Инвест	К8 Девелопер		не найдено		Шоурум в ЖК «Навигатор»: зеркала LED и перегородки	Добрый день! В ЖК «Навигатор» открыт новый шоурум «Квартира в готовом интерьере». В готовом интерьере зеркала, перегородки и столы покупатель видит сразу, и они работают как часть продажи. Мы производим это в Домодедово под размер: зеркала с LED-подсветкой 7-12 рабочих дней с оплаты, перегородки 15-30, столы на металле 10-15. Гарантия по договору, доставка по России, монтаж в регионе - условия уточню. Пришлите список позиций шоурума или ТЗ на лобби - посчитаем за 2 рабочих дня, недостающие данные уточню сама. Если этим занимается не вы, перешлите, пожалуйста, коллеге, который отвечает за закупку для шоурумов и лобби.	нет email, только звонок (+7 (473) 232-17-17); факт из файла не перепроверен; объект вне Москвы и МО: монтаж своими бригадами только по Москве и МО; сначала звонок: узнать имя, письмо после
190	Buro Bove	К10 Архитектор / дизайн-бюро		не найдено		«Ванта» и Best Office Awards: стекло в спецификацию	Добрый день! Победа в Best Office Awards 2026 с проектом «Ванта» - поздравляю. В офисных интерьерах стеклянные перегородки и доски входят в планировку, и от их срока зависит сдача. Стекло в спецификации чаще всего подводит на объекте: не хватает срока или нужен нестандартный размер, и позицию заменяют на то, что есть. Мы производим перегородки (15-30 рабочих дней с оплаты), стеклянные маркерные доски (10-15) и столы на металле (10-15), под размер проекта. Могу прислать материалы для спецификаций и привезти образцы стекла и профиля в бюро. Удобно на этой или следующей неделе? Если вопрос не к вам, перешлите, пожалуйста, коллеге, который отвечает за спецификации и комплектацию.	нет email, только звонок; факт из файла не перепроверен; основатель/партнёр не найден; тел. +7 916 402-68-41: проверить, что публичный корпоративный; сначала звонок: узнать имя, письмо после
191	LTV Group Design	К10 Архитектор / дизайн-бюро		не найдено	info@ltvgroup.ru	Моторика, РУСБУМТОРГ, ЭГГЕР: перегородки и стекло	Добрый день! Три проекта LTV Group Design вошли в номинанты Best Office Awards 2026: «Моторика», РУСБУМТОРГ и ЭГГЕР. В офисных проектах перегородки переговорных и стеклянные доски закладывают с первых чертежей. Заложенное в проект стекло на объекте нередко меняют на то, что есть: не успевают по срокам или не подходит размер. Мы производим перегородки (15-30 рабочих дней с оплаты), стеклянные маркерные доски (10-15) и зеркала с LED-подсветкой (7-12), под размер проекта. Могу прислать материалы для спецификаций и привезти образцы стекла и профиля в бюро. Удобно на этой или следующей неделе? Если этим занимается не вы, перешлите, пожалуйста, коллеге, который отвечает за комплектацию проектов.	факт из файла не перепроверен; email общий (info@ltvgroup.ru); юрлицо по ЕГРЮЛ не определено; сначала звонок: узнать имя, письмо после
192	Makedesign	К10 Архитектор / дизайн-бюро	Виктория Лукьянова; Диана Карнаухова, руководители студии (архитекторы-основатели)	ГИПОТЕЗА	md@makedes.ru	Makedesign: стекло и зеркала в спецификацию	Виктория, Диана, добрый день! Проект «Среда», который Makedesign сделала вместе с BoConcept для дизайн-сообщества, попался мне в открытых источниках. В жилых и ресторанных проектах стеклянные перегородки, зеркала и столы часто определяют срок сдачи. Когда бюро закладывает стекло в спецификацию, на объекте часто упираются в срок или нестандартный размер, и позицию меняют на то, что есть. Мы производим перегородки (15-30 рабочих дней с оплаты), зеркала с LED-подсветкой (7-12) и столы на металле (10-15), под размер проекта. Могу привезти в бюро образцы стекла и профиля и оставить материалы для спецификаций. Удобно на этой или следующей неделе? Если не актуально, ответьте одним словом.	проверить ЛПР до отправки; факт не подтверждён: дата источника про проект «Среда» не подтверждена, профиль сторонний, в письме смягчено
193	KNKO (бюро Антона Кононенко)	К10 Архитектор / дизайн-бюро	Антон Кононенко, основатель и руководитель бюро	ДАННЫЕ	office@knko.pro	Комплектатор интерьеров в KNKO: стекло и зеркала	Антон, добрый день! Видела вашу вакансию комплектатора интерьеров. Обычно комплектация упирается в позиции, которых нет в каталогах фабрик: перегородки и зеркала нестандартного размера, срок и монтаж. Стекло в спецификации чаще всего подводит на объекте: не хватает срока или нужен нестандартный размер, и позицию заменяют на то, что есть. Мы производим перегородки (15-30 рабочих дней с оплаты), зеркала с LED-подсветкой (7-12) и столы на металле (10-15), под размер проекта, с замером и монтажом своими бригадами по Москве и МО. Могу привезти в бюро образцы стекла и профиля и оставить материалы для спецификаций. Удобно на этой или следующей неделе? Если тема не ваша, подскажите, кому переслать.	факт из файла не перепроверен; на knko.pro/team также главный архитектор Елена Миллер и арт-директор Тимофей Лаевский: главный архитектор тоже целевая роль
194	Студия дизайна интерьера Елены Крыловой	К10 Архитектор / дизайн-бюро	Елена Крылова, основатель студии	ГИПОТЕЗА	pr@helendesign.ru	Студия Елены Крыловой: стекло и зеркала под размер	Елена, добрый день! Видела вашу вакансию руководителя проектов. Руководителю проектов важнее всего, чтобы позиции приходили в срок, а стекло и зеркала нестандартного размера чаще всего этот срок сдвигают. Заложенное в проект стекло на объекте нередко меняют на то, что есть: не успевают по срокам или не подходит размер. Мы производим перегородки (15-30 рабочих дней с оплаты), зеркала с LED-подсветкой (7-12) и столы на металле (10-15) под размер проекта. Могу привезти в бюро образцы стекла и профиля и оставить материалы для спецификаций. Удобно на этой или следующей неделе? Если этим занимается другой человек, подскажите, кому переслать.	проверить ЛПР до отправки; email pr@ - PR-адрес, не закупки; источники по студии сторонние и старые; факт из файла не перепроверен
195	DAAS BURO	К10 Архитектор / дизайн-бюро	Алексей Семеняк; Анастасия Долгина, руководители бюро (архитектор; дизайнер)	ДАННЫЕ	inbox@daasburo.com	DAAS BURO: перегородки и зеркала для спецификаций	Алексей, Анастасия, добрый день! В DAAS BURO открыта вакансия архитектора-визуализатора. Когда бюро растёт, стекло в проектах приходится закладывать быстрее, а нестандартный размер и срок обычно всплывают уже на объекте. Когда бюро закладывает стекло в спецификацию, на объекте часто упираются в срок или нестандартный размер, и позицию меняют на то, что есть. Мы производим перегородки (15-30 рабочих дней с оплаты), зеркала с LED-подсветкой (7-12) и стеклянные маркерные доски (10-15), под размер проекта. Привезу в бюро образцы стекла и профиля, материалы для спецификаций пришлю заранее. Когда вам удобно, на этой или следующей неделе? Если сейчас не до этого, ответьте одним словом.	уточнить, кто из двоих решает по закупкам; факт из файла не перепроверен
196	ROOT BOX (студия Татьяны Мирошниченко)	К10 Архитектор / дизайн-бюро	Татьяна Мирошниченко, основатель студии	ГИПОТЕЗА	rootbox.design@gmail.com	ROOT BOX: перегородки и зеркала для квартир	Татьяна, добрый день! Видела на сайте студии вакансию дизайнера интерьера и менеджера проекта. В квартирах сроки чаще всего сдвигают перегородки и зеркала нестандартного размера. Стекло в спецификации чаще всего подводит на объекте: не хватает срока или нужен нестандартный размер, и позицию заменяют на то, что есть. Мы производим перегородки (15-30 рабочих дней с оплаты) и зеркала с LED-подсветкой (7-12) под размер проекта, с замером и монтажом своими бригадами по Москве и МО. Привезу в бюро образцы стекла и профиля, материалы для спецификаций пришлю заранее. Когда вам удобно, на этой или следующей неделе? Если не актуально, ответьте одним словом.	проверить ЛПР до отправки; дата вакансии не подтверждена, в письме без даты; факт из файла не перепроверен; email gmail.com: проверить, что рабочий
197	FIVE Architects	К10 Архитектор / дизайн-бюро	Штефан Ротарь; Владислав Киселев, основатели бюро	ДАННЫЕ	hello@five-archi.ru	«Папушево Парк»: перегородки и стол на металле	Штефан, Владислав, добрый день! На сайте бюро есть коттеджный посёлок «Папушево Парк» в Одинцовском районе, реализация 2021-2026. В загородных проектах стеклянные перегородки, зеркала и столы часто упираются в срок или нестандартный размер. Заложенное в проект стекло на объекте нередко меняют на то, что есть: не успевают по срокам или не подходит размер. Мы производим перегородки (15-30 рабочих дней с оплаты), зеркала с LED-подсветкой (7-12) и столы на металле (10-15), под размер проекта. Привезу в бюро образцы стекла и профиля, материалы для спецификаций пришлю заранее. Когда вам удобно, на этой или следующей неделе? Если тема не ваша, подскажите, кому переслать.	факт из файла не перепроверен; в письме использован альтернативный факт (КП «Папушево Парк», five-archi.ru/works/kpp/) вместо вакансии дизайнера интерьеров
198	AXIOM (архитектурное бюро)	К10 Архитектор / дизайн-бюро		не найдено	info@remont-axiom.ru	Вакансия дизайнера интерьера: перегородки и зеркала	Добрый день! Видела вашу вакансию дизайнера интерьера. В квартирах под ключ сроки чаще всего сдвигают перегородки и зеркала нестандартного размера. Когда бюро закладывает стекло в спецификацию, на объекте часто упираются в срок или нестандартный размер, и позицию меняют на то, что есть. Мы производим перегородки в стиле лофт на стальном профиле (15-30 рабочих дней с оплаты) и зеркала с LED-подсветкой (7-12) под размер проекта, с замером и монтажом своими бригадами по Москве и МО. Могу прислать материалы для спецификаций и привезти образцы стекла и профиля в бюро. Удобно на этой или следующей неделе? Если вопрос не к вам, перешлите, пожалуйста, коллеге, который отвечает за спецификации интерьеров.	факт из файла не перепроверен; ЛПР не найден: в выдаче несколько ООО «Аксиом» (ИНН 9709028771, 9727101992), связь с remont-axiom.ru не подтверждена; возможно, это ремонтная компания, а не бюро; сначала звонок: узнать имя, письмо после
199	Marion Studio	К10 Архитектор / дизайн-бюро	Мария Мироненко, основатель и ведущий дизайнер; Маргарита Мельникова, ведущий дизайнер	ГИПОТЕЗА	info@marionstudio.ru	Marion Studio: зеркала и стеклянные столы	Мария, Маргарита, добрый день! Видела вашу вакансию дизайнера интерьера. В частных интерьерах зеркала и стеклянные столы обычно делают под конкретный размер, и на них уходит больше всего срока. Стекло в спецификации чаще всего подводит на объекте: не хватает срока или нужен нестандартный размер, и позицию заменяют на то, что есть. Мы производим зеркала с LED-подсветкой (7-12 рабочих дней с оплаты) и столы на металле (10-15) под размер проекта. Могу прислать материалы для спецификаций и привезти образцы стекла и профиля в бюро. Удобно на этой или следующей неделе? Если сейчас не до этого, ответьте одним словом.	проверить ЛПР до отправки; факт не подтверждён: вакансия в Дубае и выход на рынок ОАЭ в выдаче не подтверждены, в письме не использованы; профиль студии сторонний, без даты
200	TB.Design (студия Татьяны Безверхой) / Суперкварт…	К10 Архитектор / дизайн-бюро	Татьяна Безверхая, основатель и владелец TB.Design и Суперквартиры	ГИПОТЕЗА	info@tbdesign.pro	«Суперквартира»: зеркала LED и раздвижные перегородки	Татьяна, добрый день! Видела вашу вакансию дизайнера интерьеров для жилых проектов «Суперквартиры by TB.Design». В малых квартирах каждый сантиметр считается, и зеркала и перегородки почти всегда нужны под нестандартный размер. Заложенное в проект стекло на объекте нередко меняют на то, что есть: не успевают по срокам или не подходит размер. Мы производим зеркала с LED-подсветкой (7-12 рабочих дней с оплаты) и раздвижные перегородки (15-30) под размер проекта. Могу прислать материалы для спецификаций и привезти образцы стекла и профиля в бюро. Удобно на этой или следующей неделе? Если не актуально, ответьте одним словом.	проверить ЛПР до отправки; профили сторонние, в выдаче события 2024 года; факт из файла не перепроверен
