intent;a_queries;a_clicks;a_share;b_queries;b_clicks;b_share;b_spend
чистый продукт;167;205;54.1;153;175;41.6;18104
помещение;59;60;15.8;139;159;37.8;14387
заказ/покупка;60;90;23.7;44;44;10.5;6636
зонирование;29;32;8.4;85;97;23.0;9454
гео;17;23;6.1;19;19;4.5;2856
цена;4;4;1.1;8;9;2.1;980
инфо/идеи;5;5;1.3;4;4;1.0;220
офис/коммерция;0;0;0.0;5;5;1.2;502
не наш продукт;2;2;0.5;2;2;0.5;323

norm;example;a_clicks;a_groups;b_clicks;b_spend;b_groups
перег склад;перегородка складная;14;Складные перегородки / Складные перегородки | Москве;4;460;Складные перегородки | Заказ / Складные перегородки | Цена
перег стекл;перегородка в стекле;11;Перегородки стекло металл;1;115;Стационарные перегородки
межко перег склад;межкомнатная перегородка складная;6;Складные перегородки;3;188;Складные перегородки | Заказ
комна перег склад;складная перегородка в комнате;3;Складные перегородки / Складные перегородки | Москве;4;284;Складные перегородки | Заказ / Складные перегородки | Цена
зерка перег раздв;зеркальная перегородка раздвижная;5;Зеркальные перегородки | Раздвижные;1;50;Зеркальные перегородки | Межкомнатные
метал перег;металлическая перегородка;3;Стальные перегородки | Металлические;2;353;Стальные перегородки | Черного Металла / Стальные перегородки | Металлические Зонирования
зонир комна перег;комнатные перегородки для зонирования;2;Перегородки для кухни | Стеклянные;3;105;Перегородки для кухни | Раздвижные / Перегородки для гостиной | Раздвижные
гости зонир кухни перег стекл;перегородки из стекла для зонирования кухни и гостиной;3;Перегородки для кухни | Стеклянные;2;433;Перегородки для гостиной | Стеклянные
межко перег телес;телескопические межкомнатные перегородки;1;Телескопические перегородки;2;17;Телескопические перегородки | Телескоп
двери перег склад;двери перегородки складные;2;Складные перегородки / Складные перегородки | Москве;1;49;Складные перегородки | Заказ
зонир комна перег прост склад;складные перегородки для зонирования пространства в комнате;1;Складные перегородки | Москве;2;37;Складные перегородки | Зонирования
зерка зонир перег раздв;раздвижные зеркальные перегородки для зонирования;1;Зеркальные перегородки | Раздвижные;1;13;Зеркальные перегородки | Зонирования
зонир комна перег стекл;зонирование комнаты перегородками стеклянными;1;Перегородки стекло металл;1;48;Зеркальные перегородки | Изготовление Зеркальных Перегородок
дверь перег склад;складная дверь перегородка;1;Складные перегородки | Москве;1;19;Складные перегородки | Заказ
кварт стена транс;стена трансформер в квартире;1;Складные перегородки | Москве;1;22;Складные перегородки | Заказ
