id;name;phrase;intent;cat;imp;clicks;spend;visits;leads;expected;p_chance;enough;tv;imp_pos;click_pos;utm_visits;utm_premium;utm_pos_avg;utm_pos1;utm_mobile
5774336420;Складные перегородки | Гармошка;[складные] [перегородки] [гармошка];6 Уточнение исполнения;A конвертит;597;122;16439;111;4;3.91;0.65;в пределах случайности;87;2.6;2;114;90;1.6;59;68
5774336377;Перегородки стекло металл;[перегородки] [стекло] [металл];6 Уточнение исполнения;A конвертит;439;58;12949;56;2;1.86;0.72;в пределах случайности;68;3;2.7;57;98;2.7;19;58
5774336419;Складные перегородки;[складные] [перегородки];7 Базовый тип;A конвертит;387;52;5233;51;4;1.67;0.97;в пределах случайности;80;2.9;2.5;80;85;2.5;39;70
5774336424;Стальные перегородки | Металлические;[металлические] [перегородки];7 Базовый тип;A конвертит;420;25;2198;22;2;0.8;0.95;мало данных;76;3.1;3.3;25;76;2.1;48;40
5774336374;Зеркальные перегородки | Раздвижные;[зеркальные] [раздвижные] [перегородки];6 Уточнение исполнения;A конвертит;70;16;1852;15;2;0.51;0.98;мало данных;80;2.7;3.1;19;79;2.1;26;68
5774336408;Распашные перегородки;[распашные] [перегородки];7 Базовый тип;A конвертит;98;17;1801;17;1;0.54;0.9;мало данных;78;2.5;1.8;17;88;1.7;53;71
5774336422;Складные перегородки | Стеклянные Гармошка;[стеклянные] [перегородки] [гармошка];6 Уточнение исполнения;A конвертит;78;20;1750;19;2;0.64;0.97;мало данных;92;1.7;1.5;21;100;1.4;71;81
5774336423;Складные перегородки | Москве;[складная] [перегородка] [москве];3 Гео;A конвертит;130;17;1734;15;1;0.54;0.9;мало данных;87;2.4;2.3;18;83;1.7;50;72
5774336442;Перегородки для кухни | Стеклянные;[стеклянные] [перегородки] [для] [кухни];5 Помещение;A конвертит;147;17;1541;14;1;0.54;0.9;мало данных;78;2.2;2.3;16;69;2.6;44;69
5774336357;Дизайнерские перегородки;[дизайнерские] [перегородки];7 Базовый тип;A конвертит;38;11;1448;9;1;0.35;0.95;мало данных;78;2.7;2.5;9;100;2.6;33;56
5774336413;Распашные перегородки | Цена;[распашные] [перегородки] [цена];2 Цена;A конвертит;32;8;1252;5;1;0.26;0.97;мало данных;83;2.3;1.9;7;71;1.6;71;71
5774336416;Складные перегородки | Стеклянные;[складные] [стеклянные] [перегородки];6 Уточнение исполнения;A конвертит;55;8;964;5;1;0.26;0.97;мало данных;77;2.5;2.4;6;100;2.8;33;50
5774336392;Телескопические перегородки;[телескопические] [перегородки];7 Базовый тип;A конвертит;78;7;817;9;1;0.22;0.98;мало данных;92;2.3;1.6;11;64;1.3;82;45
5774336369;Зеркальные перегородки | Заказ;[зеркальные] [перегородки] [заказ];1 Заказ / покупка;A конвертит;28;4;671;5;1;0.13;0.99;мало данных;92;2.5;2.3;5;60;2;60;40
5774336375;Зеркальные перегородки | Москве;[зеркальные] [перегородки] [москве];3 Гео;A конвертит;15;3;483;3;1;0.1;1;мало данных;84;2;1;3;100;1;100;0
5774336443;Перегородки для кухни | Раздвижные;[раздвижные] [перегородки] [для] [кухни];5 Помещение;B клики без лидов;89;19;2926;18;0;0.61;0.54;мало данных;85;2.1;2.1;19;79;1.6;63;68
5774336432;Стационарные перегородки;[стационарные] [перегородки];7 Базовый тип;B клики без лидов;130;17;2551;16;0;0.54;0.58;мало данных;78;2.8;1.8;22;95;2.1;50;45
5774336397;Каскадные перегородки | Раздвижные;[каскадные] [раздвижные] [перегородки];6 Уточнение исполнения;B клики без лидов;122;24;2198;20;0;0.77;0.46;мало данных;86;2.4;2.4;21;86;2.1;33;57
5774336378;Матовые перегородки;[матовые] [перегородки];7 Базовый тип;B клики без лидов;160;21;2126;18;0;0.67;0.51;мало данных;70;3.2;2.7;19;95;2.7;21;42
5774336430;Стальные перегородки | Металлические Зонирования;[металлические] [перегородки] [зонирования];4 Зонирование;B клики без лидов;114;16;1803;15;0;0.51;0.6;мало данных;78;2.5;2.7;16;94;2.4;19;69
5774336417;Складные перегородки | Заказ;[складные] [перегородки] [заказ];1 Заказ / покупка;B клики без лидов;104;20;1774;20;0;0.64;0.53;мало данных;88;2.7;2.9;21;81;2;52;76
5774336348;Арочные перегородки | Заказ;[арочные] [перегородки] [заказ];1 Заказ / покупка;B клики без лидов;28;7;1743;6;0;0.22;0.8;мало данных;87;2.5;2.2;6;100;1.8;33;83
5774336399;Каскадные перегородки | Установкой;[каскадные] [перегородки] [установкой];1 Заказ / покупка;B клики без лидов;111;19;1543;15;0;0.61;0.54;мало данных;84;2.3;2.1;16;63;1.6;56;50
5774336382;Матовые перегородки | Зонирования;[матовые] [перегородки] [зонирования];4 Зонирование;B клики без лидов;45;6;1338;5;0;0.19;0.83;мало данных;80;1.8;1.8;5;100;2.2;40;40
5774336440;Перегородки для кухни;[перегородки] [для] [кухни];5 Помещение;B клики без лидов;138;18;1313;20;0;0.58;0.56;мало данных;80;2.8;3.3;21;86;2.5;29;62
5774336353;Арочные перегородки | Радиусные Заказ;[радиусные] [перегородки] [заказ];1 Заказ / покупка;B клики без лидов;48;10;1257;9;0;0.32;0.73;мало данных;86;2.7;1.7;10;80;1.7;60;70
5774336450;Перегородки для студии;[перегородки] [для] [студии];5 Помещение;B клики без лидов;100;15;1136;14;0;0.48;0.62;мало данных;82;2;1.5;15;100;1.6;67;53
5774336425;Стальные перегородки;[стальные] [перегородки];7 Базовый тип;B клики без лидов;88;8;1088;6;0;0.26;0.77;мало данных;75;3.1;3;6;83;2.3;33;33
5774336404;Каскадные перегородки | Межкомнатная;[каскадная] [перегородка] [межкомнатная];5 Помещение;B клики без лидов;107;11;991;10;0;0.35;0.7;мало данных;84;2.3;2.6;11;82;1.9;45;45
5774336363;Дизайнерские перегородки | Стеклянные;[дизайнерские] [стеклянные] [перегородки];6 Уточнение исполнения;B клики без лидов;29;5;857;4;0;0.16;0.85;мало данных;62;3.6;3.5;5;80;1.8;40;80
5774336444;Перегородки для кухни | Кухней Гостиной;[перегородки] [между] [кухней] [гостиной];5 Помещение;B клики без лидов;232;18;828;15;0;0.58;0.56;мало данных;88;2.3;1.9;16;94;1.8;56;63
5774336352;Арочные перегородки | Радиусные;[радиусные] [перегородки];7 Базовый тип;B клики без лидов;103;7;817;5;0;0.22;0.8;мало данных;84;2.9;2.1;5;100;2.6;0;60
5774336409;Распашные перегородки | Стеклянные;[распашные] [стеклянные] [перегородки];6 Уточнение исполнения;B клики без лидов;39;5;802;3;0;0.16;0.85;мало данных;82;1.9;1.8;3;100;1.3;67;33
5774336447;Перегородки для гостиной | Стеклянные;[стеклянные] [перегородки] [для] [гостиной];5 Помещение;B клики без лидов;51;5;766;4;0;0.16;0.85;мало данных;70;2.3;2;4;100;2.3;25;50
5774336436;Стационарные перегородки | Зонирования;[стационарная] [перегородка] [зонирования];4 Зонирование;B клики без лидов;25;5;760;6;0;0.16;0.85;мало данных;75;2.4;3.8;9;67;2.7;0;56
5774336448;Перегородки для гостиной | Раздвижные;[раздвижные] [перегородки] [для] [гостиной];5 Помещение;B клики без лидов;45;6;748;4;0;0.19;0.83;мало данных;74;2;2.3;4;50;1.5;75;50
5774336405;Каскадные перегородки;[каскадные] [перегородки];7 Базовый тип;B клики без лидов;83;8;728;7;0;0.26;0.77;мало данных;89;3;2.4;7;100;2;43;100
5774336412;Распашные перегородки | Маятниковой Дверью;[перегородка] [маятниковой] [дверью];6 Уточнение исполнения;B клики без лидов;39;3;709;3;0;0.1;0.91;мало данных;82;1.8;1.7;3;100;1.7;33;67
5774336398;Каскадные перегородки | Цена;[каскадные] [перегородки] [цена];2 Цена;B клики без лидов;13;4;706;3;0;0.13;0.88;мало данных;83;2.8;2.3;3;100;1.3;67;67
5774336371;Зеркальные перегородки | Цена;[зеркальные] [перегородки] [цена];2 Цена;B клики без лидов;34;5;684;5;0;0.16;0.85;мало данных;78;2.9;2;5;100;2;60;60
5774336395;Телескопические перегородки | Телескоп;[перегородка] [телескоп];7 Базовый тип;B клики без лидов;68;8;663;9;0;0.26;0.77;мало данных;88;2.3;2.3;11;45;2.3;45;36
5774336385;Телескопические перегородки | Раздвижные;[телескопические] [раздвижные] [перегородки];6 Уточнение исполнения;B клики без лидов;29;7;661;6;0;0.22;0.8;мало данных;86;1.9;2.1;6;100;2.3;50;67
5774336349;Арочные перегородки | Стекла;[арочные] [перегородки] [стекла];6 Уточнение исполнения;B клики без лидов;19;3;654;1;0;0.1;0.91;мало данных;87;1.5;1.7;1;0;1;100;100
5774336439;Цветные декоративные перегородки | Тонированные;[тонированные] [перегородки];7 Базовый тип;B клики без лидов;25;3;627;3;0;0.1;0.91;мало данных;89;2;2;9;33;1.2;78;11
5774336380;Матовые перегородки | Заказ;[матовые] [перегородки] [заказ];1 Заказ / покупка;B клики без лидов;59;6;617;6;0;0.19;0.83;мало данных;81;1.7;1.3;11;73;1.5;45;64
5774336370;Зеркальные перегородки | Зонирования;[зеркальные] [перегородки] [зонирования];4 Зонирование;B клики без лидов;45;9;609;7;0;0.29;0.75;мало данных;85;2.6;2.8;7;86;2.7;14;86
5774336367;Зеркальные перегородки;[зеркальные] [перегородки];7 Базовый тип;B клики без лидов;59;6;598;5;0;0.19;0.83;мало данных;86;3.1;2.8;6;83;2.3;33;67
5774336360;Дизайнерские перегородки | Зонирования;[дизайнерские] [перегородки] [зонирования];4 Зонирование;B клики без лидов;78;8;586;8;0;0.26;0.77;мало данных;89;2.2;2.5;9;89;1.9;56;78
5774336418;Складные перегородки | Зонирования;[складные] [перегородки] [зонирования];4 Зонирование;B клики без лидов;76;12;579;14;0;0.38;0.68;мало данных;80;2.7;2.2;14;93;2.6;36;57
5774336401;Каскадные перегородки | Заказ;[каскадные] [перегородки] [заказ];1 Заказ / покупка;B клики без лидов;27;5;545;6;0;0.16;0.85;мало данных;85;2;1.8;6;83;1.7;67;67
5774336421;Складные перегородки | Цена;[складные] [перегородки] [цена];2 Цена;B клики без лидов;59;8;531;6;0;0.26;0.77;мало данных;86;2.4;3.1;7;71;2.3;29;43
5774336426;Стальные перегородки | Стали;[перегородки] [стали];7 Базовый тип;B клики без лидов;77;5;527;5;0;0.16;0.85;мало данных;72;3.3;3.4;5;60;2.4;20;0
5774336428;Стальные перегородки | Металлические Межкомнатные;[металлические] [перегородки] [межкомнатные];5 Помещение;B клики без лидов;43;6;519;5;0;0.19;0.83;мало данных;73;2.4;1.8;5;60;1.8;60;60
5774336384;Матовые перегородки | Производителя;[матовые] [перегородки] [производителя];1 Заказ / покупка;B клики без лидов;38;3;497;8;0;0.1;0.91;мало данных;79;1.7;2;9;78;2.4;22;22
5774336449;Перегородки для гостиной | Зонирования;[перегородки] [для] [зонирования] [гостиной];4 Зонирование;B клики без лидов;45;5;481;5;0;0.16;0.85;мало данных;80;2.5;3;5;100;3;20;80
5774336355;Арочные перегородки | Дверью;[арочная] [перегородка] [дверью];6 Уточнение исполнения;B клики без лидов;25;5;439;5;0;0.16;0.85;мало данных;95;1.6;1.2;6;33;1.2;83;50
5774336372;Зеркальные перегородки | Межкомнатные;[зеркальные] [перегородки] [межкомнатные];5 Помещение;B клики без лидов;48;6;437;6;0;0.19;0.83;мало данных;89;1.9;1.7;6;50;1.5;67;100
5774336407;Каскадные перегородки | Зонирования;[каскадная] [перегородка] [зонирования];4 Зонирование;B клики без лидов;16;3;432;2;0;0.1;0.91;мало данных;94;2.3;2.3;2;100;3;50;50
5774336356;Арочные перегородки | Москве;[арочные] [перегородки] [москве];3 Гео;B клики без лидов;39;5;377;5;0;0.16;0.85;мало данных;90;2.2;1;8;13;1;100;63
5774336391;Телескопические перегородки | Купить;[телескопические] [перегородки] [купить];1 Заказ / покупка;B клики без лидов;28;6;348;7;0;0.19;0.83;мало данных;95;2.8;2.5;7;86;1.7;71;57
5774336429;Стальные перегородки | Заказ;[стальные] [перегородки] [заказ];1 Заказ / покупка;B клики без лидов;13;2;326;2;0;0.06;0.94;мало данных;80;3;2;2;100;2;50;50
5774336438;Цветные декоративные перегородки;[цветные] [перегородки] / [цветные] [декоративные] [перегородки];6 Уточнение исполнения;B клики без лидов;37;2;320;1;0;0.06;0.94;мало данных;84;2;2.5;1;100;3;0;0
5774336358;Дизайнерские перегородки | Заказ;[дизайнерские] [перегородки] [заказ];1 Заказ / покупка;B клики без лидов;1;1;310;1;0;0.03;0.97;мало данных;91;1;1;1;100;1;100;0
5774336415;Распашные перегородки | Маятниковая Стеклянная Купить;[маятниковая] [стеклянная] [перегородка] [купить];1 Заказ / покупка;B клики без лидов;18;3;261;2;0;0.1;0.91;мало данных;93;2.9;2.7;2;50;1;100;50
5774336402;Каскадные перегородки | Москва;[каскадные] [перегородки] [москва];3 Гео;B клики без лидов;7;2;234;2;0;0.06;0.94;мало данных;78;2.8;3;2;100;2;50;100
5774336403;Каскадные перегородки | Купить;[каскадные] [перегородки] [купить];1 Заказ / покупка;B клики без лидов;21;3;129;3;0;0.1;0.91;мало данных;80;2.1;1;3;33;1;100;0
5774336373;Зеркальные перегородки | Комнату;[зеркальная] [перегородка] [комнату];5 Помещение;B клики без лидов;12;2;119;1;0;0.06;0.94;мало данных;94;1.9;1;1;0;1;100;100
5774336379;Матовые перегородки | Купить;[матовые] [перегородки] [купить];1 Заказ / покупка;B клики без лидов;39;2;107;0;0;0.06;0.94;мало данных;83;1.5;1.5;0;;;;
5774336396;Телескопические перегородки | Изготовление Телескопических Перегородок;[изготовление] [телескопических] [перегородок];1 Заказ / покупка;B клики без лидов;14;1;107;1;0;0.03;0.97;мало данных;92;1.9;1;1;100;1;100;0
5774336427;Стальные перегородки | Черного Металла;[перегородки] [черного] [металла];6 Уточнение исполнения;B клики без лидов;27;1;85;2;0;0.03;0.97;мало данных;76;1.8;2;0;;;;
5774336388;Телескопические перегородки | Производителя;[телескопические] [перегородки] [производителя];1 Заказ / покупка;B клики без лидов;17;2;64;2;0;0.06;0.94;мало данных;86;3;1;2;100;1;100;50
5774336347;Арочные перегородки;[арочные] [перегородки];7 Базовый тип;B клики без лидов;38;2;62;2;0;0.06;0.94;мало данных;86;2.8;3.5;4;75;2.3;50;50
5774336376;Зеркальные перегородки | Изготовление Зеркальных Перегородок;[изготовление] [зеркальных] [перегородок];1 Заказ / покупка;B клики без лидов;29;1;48;1;0;0.03;0.97;мало данных;88;2.9;2;1;100;2;0;100
5774336434;Стационарные перегородки | Неподвижные;[неподвижные] [перегородки];7 Базовый тип;B клики без лидов;26;1;26;1;0;0.03;0.97;мало данных;85;3.8;1;1;100;1;100;0
5774336446;Перегородки для гостиной | Заказ;[перегородки] [для] [гостиной] [заказ];1 Заказ / покупка;B клики без лидов;5;1;10;0;0;0.03;0.97;мало данных;101;3;1;0;;;;
5774336350;Арочные перегородки | Купить;[арочная] [перегородка] [купить];1 Заказ / покупка;C нет кликов;9;0;0;0;0;0;1;нет данных;82;2.7;;0;;;;
5774336351;Арочные перегородки | Стеклянные;[арочные] [стеклянные] [перегородки];6 Уточнение исполнения;C нет кликов;1;0;0;0;0;0;1;нет данных;27;4;;0;;;;
5774336354;Арочные перегородки | Цена;[арочные] [перегородки] [цена];2 Цена;C нет кликов;3;0;0;0;0;0;1;нет данных;117;2.3;;0;;;;
5774336359;Дизайнерские перегородки | Купить;[дизайнерские] [перегородки] [купить];1 Заказ / покупка;C нет кликов;0;0;0;0;0;0;1;нет данных;;;;0;;;;
5774336361;Дизайнерские перегородки | Премиум Класса;[перегородки] [премиум] [класса];6 Уточнение исполнения;C нет кликов;1;0;0;0;0;0;1;нет данных;72;1;;0;;;;
5774336362;Дизайнерские перегородки | Эксклюзивные Заказ;[эксклюзивные] [перегородки] [заказ];1 Заказ / покупка;C нет кликов;2;0;0;0;0;0;1;нет данных;101;2.5;;0;;;;
5774336364;Дизайнерские перегородки | Цена;[дизайнерские] [перегородки] [цена];2 Цена;C нет кликов;1;0;0;0;0;0;1;нет данных;100;1;;0;;;;
5774336365;Дизайнерские перегородки | Москве;[дизайнерские] [перегородки] [москве];3 Гео;C нет кликов;2;0;0;0;0;0;1;нет данных;92;1;;0;;;;
5774336366;Дизайнерские перегородки | Дизайн Проекту;[перегородки] [дизайн] [проекту];6 Уточнение исполнения;C нет кликов;15;0;0;0;0;0;1;нет данных;82;2.5;;0;;;;
5774336368;Зеркальные перегородки | Купить;[зеркальные] [перегородки] [купить];1 Заказ / покупка;C нет кликов;1;0;0;0;0;0;1;нет данных;57;5;;0;;;;
5774336381;Матовые перегородки | Цена;[матовые] [перегородки] [цена];2 Цена;C нет кликов;3;0;0;0;0;0;1;нет данных;70;4.5;;0;;;;
5774336383;Матовые перегородки | Москве;[матовые] [перегородки] [москве];3 Гео;C нет кликов;8;0;0;0;0;0;1;нет данных;65;2.1;;0;;;;
5774336386;Телескопические перегородки | Цена;[телескопические] [перегородки] [цена];2 Цена;C нет кликов;1;0;0;0;0;0;1;нет данных;42;6;;0;;;;
5774336387;Телескопические перегородки | Стеклянные;[телескопические] [перегородки] [стеклянные];6 Уточнение исполнения;C нет кликов;12;0;0;0;0;0;1;нет данных;63;3.2;;0;;;;
5774336389;Телескопические перегородки | Заказ;[телескопические] [перегородки] [заказ];1 Заказ / покупка;C нет кликов;9;0;0;0;0;0;1;нет данных;75;5;;0;;;;
5774336390;Телескопические перегородки | Москва;[телескопические] [перегородки] [москва];3 Гео;C нет кликов;4;0;0;0;0;0;1;нет данных;78;4.3;;0;;;;
5774336393;Телескопические перегородки | Телескопическая Ключ;[телескопическая] [перегородка] [ключ];6 Уточнение исполнения;C нет кликов;1;0;0;0;0;0;1;нет данных;85;2;;0;;;;
5774336394;Телескопические перегородки | Телескопическая Зонирования;[телескопическая] [перегородка] [зонирования];4 Зонирование;C нет кликов;7;0;0;0;0;0;1;нет данных;92;3.3;;0;;;;
5774336400;Каскадные перегородки | Производителя;[каскадные] [перегородки] [производителя];1 Заказ / покупка;C нет кликов;7;0;0;0;0;0;1;нет данных;78;3.3;;0;;;;
5774336406;Каскадные перегородки | Каскад;[перегородка] [каскад];7 Базовый тип;C нет кликов;8;0;0;0;0;0;1;нет данных;69;2.6;;0;;;;
5774336410;Распашные перегородки | Маятниковые;[маятниковые] [перегородки];7 Базовый тип;C нет кликов;14;0;0;0;0;0;1;нет данных;78;2.3;;1;0;1;100;100
5774336411;Распашные перегородки | Заказ;[распашные] [перегородки] [заказ];1 Заказ / покупка;C нет кликов;15;0;0;0;0;0;1;нет данных;86;2.1;;0;;;;
5774336414;Распашные перегородки | Стеклянная Дверью;[распашная] [стеклянная] [перегородка] [дверью];6 Уточнение исполнения;C нет кликов;8;0;0;0;0;0;1;нет данных;81;2.1;;1;0;2;0;0
5774336431;Стальные перегородки | Черные Металлические;[черные] [металлические] [перегородки];6 Уточнение исполнения;C нет кликов;0;0;0;0;0;0;1;нет данных;;;;0;;;;
5774336433;Стационарные перегородки | Заказ;[стационарные] [перегородки] [заказ];1 Заказ / покупка;C нет кликов;7;0;0;0;0;0;1;нет данных;61;3;;1;100;4;0;0
5774336435;Стационарные перегородки | Фиксированные;[фиксированные] [перегородки];7 Базовый тип;C нет кликов;4;0;0;0;0;0;1;нет данных;94;2;;0;;;;
5774336437;Стационарные перегородки | Цена;[стационарные] [перегородки] [цена];2 Цена;C нет кликов;1;0;0;0;0;0;1;нет данных;55;1;;0;;;;
5774336441;Перегородки для кухни | Заказ;[перегородки] [для] [кухни] [заказ];1 Заказ / покупка;C нет кликов;0;0;0;0;0;0;1;нет данных;;;;0;;;;
5774336445;Перегородки для гостиной;[перегородки] [для] [гостиной];5 Помещение;C нет кликов;18;0;0;0;0;0;1;нет данных;79;3.1;;0;;;;
5774336451;Перегородки для студии | Заказ;[перегородки] [для] [студии] [заказ];1 Заказ / покупка;C нет кликов;2;0;0;0;0;0;1;нет данных;71;5.5;;0;;;;
5774336452;Перегородки для студии | Стеклянные;[стеклянные] [перегородки] [для] [студии];5 Помещение;C нет кликов;17;0;0;0;0;0;1;нет данных;72;1.9;;0;;;;
