group_id;family;group;imp;clicks;ctr;cpc;spend;spend_share;at_share;visits;leads;contacts;cr;cpl;last_lead
5774336420;Складные перегородки;Складные перегородки | Гармошка;597;122;20.4;135;16439;17.1;95;111;4;2;3.3;4110;2026-09-24
5774336377;Перегородки стекло металл;Перегородки стекло металл;439;58;13.2;223;12949;13.5;100;56;2;1;3.4;6475;2026-08-10
5774336419;Складные перегородки;Складные перегородки;387;52;13.4;101;5233;5.4;30;51;4;4;7.7;1308;2026-09-08
5774336443;Перегородки для кухни;Перегородки для кухни | Раздвижные;89;19;21.3;154;2926;3.0;55;18;0;0;0.0;;
5774336432;Стационарные перегородки;Стационарные перегородки;130;17;13.1;150;2551;2.7;5;16;0;0;0.0;;
5774336424;Стальные перегородки;Стальные перегородки | Металлические;420;25;6.0;88;2198;2.3;10;22;2;1;8.0;1099;2026-08-07
5774336397;Каскадные перегородки;Каскадные перегородки | Раздвижные;122;24;19.7;92;2198;2.3;79;20;0;0;0.0;;
5774336378;Матовые перегородки;Матовые перегородки;160;21;13.1;101;2126;2.2;0;18;0;0;0.0;;
5774336374;Зеркальные перегородки;Зеркальные перегородки | Раздвижные;70;16;22.9;116;1852;1.9;100;15;2;1;12.5;926;2026-09-03
5774336430;Стальные перегородки;Стальные перегородки | Металлические Зонирования;114;16;14.0;113;1803;1.9;77;15;0;0;0.0;;
5774336408;Распашные перегородки;Распашные перегородки;98;17;17.3;106;1801;1.9;49;17;1;1;5.9;1801;2026-08-23
5774336417;Складные перегородки;Складные перегородки | Заказ;104;20;19.2;89;1774;1.8;100;20;0;0;0.0;;
5774336422;Складные перегородки;Складные перегородки | Стеклянные Гармошка;78;20;25.6;87;1750;1.8;87;19;2;2;10.0;875;2026-09-09
5774336348;Арочные перегородки;Арочные перегородки | Заказ;28;7;25.0;249;1743;1.8;100;6;0;0;0.0;;
5774336423;Складные перегородки;Складные перегородки | Москве;130;17;13.1;102;1734;1.8;81;15;1;0;5.9;1734;2026-09-09
5774336399;Каскадные перегородки;Каскадные перегородки | Установкой;111;19;17.1;81;1543;1.6;100;15;0;0;0.0;;
5774336442;Перегородки для кухни;Перегородки для кухни | Стеклянные;147;17;11.6;91;1541;1.6;95;14;1;1;5.9;1541;2026-09-08
5774336357;Дизайнерские перегородки;Дизайнерские перегородки;38;11;28.9;132;1448;1.5;78;9;1;1;9.1;1448;2026-09-23
5774336382;Матовые перегородки;Матовые перегородки | Зонирования;45;6;13.3;223;1338;1.4;0;5;0;0;0.0;;
5774336440;Перегородки для кухни;Перегородки для кухни;138;18;13.0;73;1313;1.4;5;20;0;0;0.0;;
5774336353;Арочные перегородки;Арочные перегородки | Радиусные Заказ;48;10;20.8;126;1257;1.3;100;9;0;0;0.0;;
5774336413;Распашные перегородки;Распашные перегородки | Цена;32;8;25.0;157;1252;1.3;100;5;1;0;12.5;1252;2026-08-11
5774336450;Перегородки для студии;Перегородки для студии;100;15;15.0;76;1136;1.2;17;14;0;0;0.0;;
5774336425;Стальные перегородки;Стальные перегородки;88;8;9.1;136;1088;1.1;52;6;0;0;0.0;;
5774336404;Каскадные перегородки;Каскадные перегородки | Межкомнатная;107;11;10.3;90;991;1.0;100;10;0;0;0.0;;
5774336416;Складные перегородки;Складные перегородки | Стеклянные;55;8;14.5;121;964;1.0;70;5;1;1;12.5;964;2026-07-23
5774336363;Дизайнерские перегородки;Дизайнерские перегородки | Стеклянные;29;5;17.2;171;857;0.9;100;4;0;0;0.0;;
5774336444;Перегородки для кухни;Перегородки для кухни | Кухней Гостиной;232;18;7.8;46;828;0.9;73;15;0;0;0.0;;
5774336352;Арочные перегородки;Арочные перегородки | Радиусные;103;7;6.8;117;817;0.8;41;5;0;0;0.0;;
5774336392;Телескопические перегородки;Телескопические перегородки;78;7;9.0;117;817;0.8;18;9;1;0;14.3;817;2026-08-06
5774336409;Распашные перегородки;Распашные перегородки | Стеклянные;39;5;12.8;160;802;0.8;67;3;0;0;0.0;;
5774336447;Перегородки для гостиной;Перегородки для гостиной | Стеклянные;51;5;9.8;153;766;0.8;41;4;0;0;0.0;;
5774336436;Стационарные перегородки;Стационарные перегородки | Зонирования;25;5;20.0;152;760;0.8;0;6;0;0;0.0;;
5774336448;Перегородки для гостиной;Перегородки для гостиной | Раздвижные;45;6;13.3;125;748;0.8;37;4;0;0;0.0;;
5774336405;Каскадные перегородки;Каскадные перегородки;83;8;9.6;91;728;0.8;36;7;0;0;0.0;;
5774336412;Распашные перегородки;Распашные перегородки | Маятниковой Дверью;39;3;7.7;236;709;0.7;74;3;0;0;0.0;;
5774336398;Каскадные перегородки;Каскадные перегородки | Цена;13;4;30.8;176;706;0.7;57;3;0;0;0.0;;
5774336371;Зеркальные перегородки;Зеркальные перегородки | Цена;34;5;14.7;137;684;0.7;99;5;0;0;0.0;;
5774336369;Зеркальные перегородки;Зеркальные перегородки | Заказ;28;4;14.3;168;671;0.7;100;5;1;1;25.0;671;2026-07-25
5774336395;Телескопические перегородки;Телескопические перегородки | Телескоп;68;8;11.8;83;663;0.7;84;9;0;0;0.0;;
5774336385;Телескопические перегородки;Телескопические перегородки | Раздвижные;29;7;24.1;94;661;0.7;40;6;0;0;0.0;;
5774336349;Арочные перегородки;Арочные перегородки | Стекла;19;3;15.8;218;654;0.7;100;1;0;0;0.0;;
5774336439;Цветные декоративные перегородки;Цветные декоративные перегородки | Тонированные;25;3;12.0;209;627;0.7;61;3;0;0;0.0;;
5774336380;Матовые перегородки;Матовые перегородки | Заказ;59;6;10.2;103;617;0.6;100;6;0;0;0.0;;
5774336370;Зеркальные перегородки;Зеркальные перегородки | Зонирования;45;9;20.0;68;609;0.6;92;7;0;0;0.0;;
5774336367;Зеркальные перегородки;Зеркальные перегородки;59;6;10.2;100;598;0.6;0;5;0;0;0.0;;
5774336360;Дизайнерские перегородки;Дизайнерские перегородки | Зонирования;78;8;10.3;73;586;0.6;98;8;0;0;0.0;;
5774336418;Складные перегородки;Складные перегородки | Зонирования;76;12;15.8;48;579;0.6;47;14;0;0;0.0;;
5774336401;Каскадные перегородки;Каскадные перегородки | Заказ;27;5;18.5;109;545;0.6;100;6;0;0;0.0;;
5774336421;Складные перегородки;Складные перегородки | Цена;59;8;13.6;66;531;0.6;100;6;0;0;0.0;;
5774336426;Стальные перегородки;Стальные перегородки | Стали;77;5;6.5;105;527;0.5;32;5;0;0;0.0;;
5774336428;Стальные перегородки;Стальные перегородки | Металлические Межкомнатные;43;6;14.0;87;519;0.5;94;5;0;0;0.0;;
5774336384;Матовые перегородки;Матовые перегородки | Производителя;38;3;7.9;166;497;0.5;100;8;0;0;0.0;;
5774336375;Зеркальные перегородки;Зеркальные перегородки | Москве;15;3;20.0;161;483;0.5;100;3;1;1;33.3;483;2026-08-20
5774336449;Перегородки для гостиной;Перегородки для гостиной | Зонирования;45;5;11.1;96;481;0.5;28;5;0;0;0.0;;
5774336355;Арочные перегородки;Арочные перегородки | Дверью;25;5;20.0;88;439;0.5;100;5;0;0;0.0;;
5774336372;Зеркальные перегородки;Зеркальные перегородки | Межкомнатные;48;6;12.5;73;437;0.5;100;6;0;0;0.0;;
5774336407;Каскадные перегородки;Каскадные перегородки | Зонирования;16;3;18.8;144;432;0.4;72;2;0;0;0.0;;
5774336356;Арочные перегородки;Арочные перегородки | Москве;39;5;12.8;75;377;0.4;100;5;0;0;0.0;;
5774336391;Телескопические перегородки;Телескопические перегородки | Купить;28;6;21.4;58;348;0.4;100;7;0;0;0.0;;
5774336429;Стальные перегородки;Стальные перегородки | Заказ;13;2;15.4;163;326;0.3;100;2;0;0;0.0;;
5774336438;Цветные декоративные перегородки;Цветные декоративные перегородки;37;2;5.4;160;320;0.3;38;1;0;0;0.0;;
5774336358;Дизайнерские перегородки;Дизайнерские перегородки | Заказ;1;1;100.0;310;310;0.3;100;1;0;0;0.0;;
5774336415;Распашные перегородки;Распашные перегородки | Маятниковая Стеклянная Купить;18;3;16.7;87;261;0.3;100;2;0;0;0.0;;
5774336402;Каскадные перегородки;Каскадные перегородки | Москва;7;2;28.6;117;234;0.2;100;2;0;0;0.0;;
5774336403;Каскадные перегородки;Каскадные перегородки | Купить;21;3;14.3;43;129;0.1;100;3;0;0;0.0;;
5774336373;Зеркальные перегородки;Зеркальные перегородки | Комнату;12;2;16.7;60;119;0.1;100;1;0;0;0.0;;
5774336379;Матовые перегородки;Матовые перегородки | Купить;39;2;5.1;54;107;0.1;100;0;0;0;0.0;;
5774336396;Телескопические перегородки;Телескопические перегородки | Изготовление Телескопических Перегородок;14;1;7.1;107;107;0.1;100;1;0;0;0.0;;
5774336427;Стальные перегородки;Стальные перегородки | Черного Металла;27;1;3.7;85;85;0.1;100;2;0;0;0.0;;
5774336388;Телескопические перегородки;Телескопические перегородки | Производителя;17;2;11.8;32;64;0.1;100;2;0;0;0.0;;
5774336347;Арочные перегородки;Арочные перегородки;38;2;5.3;31;62;0.1;36;2;0;0;0.0;;
5774336376;Зеркальные перегородки;Зеркальные перегородки | Изготовление Зеркальных Перегородок;29;1;3.4;48;48;0.1;100;1;0;0;0.0;;
5774336434;Стационарные перегородки;Стационарные перегородки | Неподвижные;26;1;3.8;26;26;0.0;0;1;0;0;0.0;;
5774336446;Перегородки для гостиной;Перегородки для гостиной | Заказ;5;1;20.0;10;10;0.0;100;0;0;0;0.0;;
5774336435;Стационарные перегородки;Стационарные перегородки | Фиксированные;4;0;0.0;;0;0.0;;0;0;0;;;
5774336451;Перегородки для студии;Перегородки для студии | Заказ;2;0;0.0;;0;0.0;;0;0;0;;;
5774336366;Дизайнерские перегородки;Дизайнерские перегородки | Дизайн Проекту;15;0;0.0;;0;0.0;;0;0;0;;;
5774336445;Перегородки для гостиной;Перегородки для гостиной;18;0;0.0;;0;0.0;;0;0;0;;;
5774336433;Стационарные перегородки;Стационарные перегородки | Заказ;7;0;0.0;;0;0.0;;0;0;0;;;
5774336350;Арочные перегородки;Арочные перегородки | Купить;9;0;0.0;;0;0.0;;0;0;0;;;
5774336452;Перегородки для студии;Перегородки для студии | Стеклянные;17;0;0.0;;0;0.0;;0;0;0;;;
5774336383;Матовые перегородки;Матовые перегородки | Москве;8;0;0.0;;0;0.0;;0;0;0;;;
5774336387;Телескопические перегородки;Телескопические перегородки | Стеклянные;12;0;0.0;;0;0.0;;0;0;0;;;
5774336410;Распашные перегородки;Распашные перегородки | Маятниковые;14;0;0.0;;0;0.0;;0;0;0;;;
5774336394;Телескопические перегородки;Телескопические перегородки | Телескопическая Зонирования;7;0;0.0;;0;0.0;;0;0;0;;;
5774336364;Дизайнерские перегородки;Дизайнерские перегородки | Цена;1;0;0.0;;0;0.0;;0;0;0;;;
5774336354;Арочные перегородки;Арочные перегородки | Цена;3;0;0.0;;0;0.0;;0;0;0;;;
5774336400;Каскадные перегородки;Каскадные перегородки | Производителя;7;0;0.0;;0;0.0;;0;0;0;;;
5774336406;Каскадные перегородки;Каскадные перегородки | Каскад;8;0;0.0;;0;0.0;;0;0;0;;;
5774336414;Распашные перегородки;Распашные перегородки | Стеклянная Дверью;8;0;0.0;;0;0.0;;0;0;0;;;
5774336351;Арочные перегородки;Арочные перегородки | Стеклянные;1;0;0.0;;0;0.0;;0;0;0;;;
5774336361;Дизайнерские перегородки;Дизайнерские перегородки | Премиум Класса;1;0;0.0;;0;0.0;;0;0;0;;;
5774336381;Матовые перегородки;Матовые перегородки | Цена;3;0;0.0;;0;0.0;;0;0;0;;;
5774336411;Распашные перегородки;Распашные перегородки | Заказ;15;0;0.0;;0;0.0;;0;0;0;;;
5774336386;Телескопические перегородки;Телескопические перегородки | Цена;1;0;0.0;;0;0.0;;0;0;0;;;
5774336368;Зеркальные перегородки;Зеркальные перегородки | Купить;1;0;0.0;;0;0.0;;0;0;0;;;
5774336393;Телескопические перегородки;Телескопические перегородки | Телескопическая Ключ;1;0;0.0;;0;0.0;;0;0;0;;;
5774336389;Телескопические перегородки;Телескопические перегородки | Заказ;9;0;0.0;;0;0.0;;0;0;0;;;
5774336365;Дизайнерские перегородки;Дизайнерские перегородки | Москве;2;0;0.0;;0;0.0;;0;0;0;;;
5774336390;Телескопические перегородки;Телескопические перегородки | Москва;4;0;0.0;;0;0.0;;0;0;0;;;
5774336362;Дизайнерские перегородки;Дизайнерские перегородки | Эксклюзивные Заказ;2;0;0.0;;0;0.0;;0;0;0;;;
5774336437;Стационарные перегородки;Стационарные перегородки | Цена;1;0;0.0;;0;0.0;;0;0;0;;;
;(без группы);(без группы);0;0;;;0;0.0;;93;1;2;;0;2026-09-08
;ИТОГО;2026-07-19..2026-09-25;6077;812;13.4;119;96259;100;72;840;26;19;3.2;3702;
