id,неделя,слот,бренд,канал,формат,рубрика,идея,хук,цель,статус,ссылка,ответственный,ситуатив,картинка,текст,тип медиа,alt,дата публикации,доп ссылка
w24-mon-g,24,Пн,G,IG/VK,Reels,До/после,"Прихожая: до каркас, после NERO",«Вот что случилось с этой прихожей за 3 дня»,охват,план,,SMM,нет,,"Вот что случилось с этой прихожей за 3 дня.

До: голая стена, крючки из «Леруа» и зеркало, которое жили сами по себе.

После: зеркало EVELIX S (104x54) в раме NERO RAL 9005 муар + стеллаж 37x100x180 в той же палитре. Всё из склада в Домодедово - отгрузка за 1-3 рабочих дня.

Чёрный матовый - не тренд, а фильтр: он обнуляет хаос и оставляет только то, что важно.

Хотите посчитать свой проект? Калькулятор в шапке профиля.

#GENGLASS #прихожая #зеркалоNERO #интерьер2026 #чёрнаямебель #EVELIX #доипосле

Сценарий (Reels, ~25сек):
0-2с: статичный кадр «до» - пустая прихожая, крючки, одиночное зеркало, тёплый боковой свет.
3-6с: руки монтажника разворачивают упаковку; слышен шорох плёнки (звук реальный, без музыки).
7-12с: ускоренный монтаж - рама крепится к стене, стеллаж встаёт рядом, камера чуть отъезжает назад.
13-18с: финальный кадр «после» - широкий план; камера медленно надвигается на зеркало EVELIX S, в отражении видна анфилада комнат.
19-22с: стоп-кадр с надписью «NERO RAL 9005 / склад Домодедово / 1-3 дня» белым шрифтом на чёрной плашке.
23-25с: логотип GENGLASS, стрелка вниз «Калькулятор в шапке».
Текст на экране: «1-3 рабочих дня до вот этого».
Аудио: реальные звуки монтажа (дрель, щелчок крепления), в финале тихая атмосфера без голоса.
В кадре: зеркало EVELIX S + стеллаж 37x100x180 / палитра NERO RAL 9005 муар / фронтальный ракурс с переходом в надвиг / боковой рассеянный свет",video,Прихожая до/после - чёрная матовая рама NERO на фоне белой стены,08.06.2026,
w24-tue-v,24,Вт,V,IG/VK,Reels макро,Материал крупно,Nero Marquina: прожилка под объективом,«Эту прожилку не нарисуют на фабрике»,охват целевой,план,,SMM,нет,,"Эту прожилку не нарисуют на фабрике.

Nero Marquina - чёрный мрамор с белой кальцитовой прожилкой. Каждый слэб уникален по рисунку: две плиты с одного блока дают зеркальную букматч-раскладку, но точь-в-точь совпадений нет.

Автор Богдан отбирает слэбы лично - по направлению прожилки и её толщине. Для столешниц берёт куски с диагональным рисунком: он «тянет» взгляд вдоль поверхности и визуально удлиняет изделие.

Отделка honed (матовая) - тактильная, не скользит, не бликует под архитектурным светом.

Если работаете с объектом под камень - напишите в личку, вышлем образец Nero Marquina honed.

#VALONTI #NeroMarquina #мраморвинтерьере #архитектурныйкамень #дизайнинтерьера #авторскаямебель #материалкрупно

Сценарий (Reels, ~20сек):
0-2с: чёрный экран, из темноты проявляется поверхность Nero Marquina - камера в макро, фокус на прожилке.
3-7с: медленное движение камеры вдоль прожилки слева направо; выдержка чуть замедлена, резкость «плывёт» к краям.
8-12с: смена плана - вид сверху на угол столешницы, палец дизайнера (ухоженная рука) касается поверхности, оценивая фактуру.
13-16с: кадр с боковым подсветом - свет выявляет кристаллическую структуру камня, прожилка светится.
17-20с: финальный стоп-кадр, надпись «Nero Marquina honed / образец по запросу» белым на чёрном фоне.
Текст на экране: «Nero Marquina. Отделка honed. Образец - в личку.»
Аудио: тишина с лёгким ambient; никакого фонового трека - только атмосфера студии.
В кадре: плита Nero Marquina honed / без изделия, только материал / макро + вид сверху / боковой жёсткий свет",video,"Макро белой прожилки на чёрном мраморе Nero Marquina, глубина резкости минимальная",09.06.2026,
w24-wed-g,24,Ср,G,IG/VK,карусель,Сколько стоит на самом деле,Комплект прихожей: 3 бюджета,«Три прихожих - три бюджета. Что реально входит в цену»,сохранения,план,,SMM,нет,,"Три прихожих - три бюджета. Что реально входит в цену.

Сохраните - пригодится перед ремонтом.

Многие думают, что зеркало за 12 000 и зеркало за 38 000 - это одно и то же, только этикетка другая. Это не так. Листайте - разберём по слайдам.

Посчитать свой комплект - калькулятор в шапке профиля. Или напишите нам, соберём смету за 24 часа.

#GENGLASS #прихожая #бюджетинтерьер #зеркало #мебельдляприхожей #ценамебели #сохрани

Сценарий (карусель, 6 слайдов):
Слайд 1: (надпись: «3 прихожих / 3 бюджета / листайте») Обложка - три рамы в ряд: NERO RAL 9005, ORO BS002, BIANCO RAL 9003.
Слайд 2: (надпись: «Эконом. ~45 000 руб. за комплект») Зеркало RAUNTEL S в BIANCO + 2 крючка. Перечень: рама порошок, стекло 4мм осветлённое, монтаж дюбель-шуруп. Срок: 1-3 дня со склада.
Слайд 3: (надпись: «Оптимум. ~90 000 руб. за комплект») Зеркало EVELIX S (104x54) в NERO + стеллаж 37x100x180. Перечень: муар RAL 9005, стекло 5мм, LED 3000K с сенсором, нижняя подсветка плинтуса.
Слайд 4: (надпись: «Премиум. ~160 000 руб. за комплект») Зеркало KUVINO L в ORO BS002 золотой муар + консоль на заказ + пуф HORSIX. Перечень: бронзовое напыление рамы, стекло с фацетом, LED 3000K встроенный, Bespoke-опции.
Слайд 5: (надпись: «Что даёт скидка 8-12% на комплект?») Таблица: одиночное зеркало EVELIX S - условная цена X; комплект Прихожая (зеркало + стеллаж) - X минус 8-12%. Текст: «Комплект выгоднее не потому что дешевле, а потому что вы не переплачиваете за совместимость».
Слайд 6: (надпись: «Калькулятор в шапке / смета за 24 ч») CTA-слайд на тёмном фоне с рамой NERO. Логотип GENGLASS, стрелка вверх.
В кадре: рамы трёх палитр / зеркала RAUNTEL/EVELIX/KUVINO / стеллаж 37x100x180 / фронтальный свет студийный",carousel,"Обложка карусели: три рамы NERO, ORO, BIANCO в ряд с ценовыми плашками",10.06.2026,
w24-thu-v,24,Чт,V,IG/VK,длинное,Рождение изделия,Богдан: как я выбираю слэб для стола,«Я отклоняю примерно каждый третий слэб. Вот почему»,доверие,план,,Богдан,нет,,"Я отклоняю примерно каждый третий слэб. Вот почему.

Когда приходит партия Travertino Navona, первое, что я делаю - смотрю на свет. Не в документы, не в накладную. На свет.

Травертин - осадочная порода с порами. В части плит поры заполнены эпоксидной смолой ещё на карьере - это нормально. Но если заполнение неравномерное или смола пожелтела, слэб пойдёт в другой проект. Не в VALONTI.

Для столешниц я беру куски с чистым тёплым тоном и минимальным перепадом по толщине - это важно при стыковке с латунной окантовкой PVD brushed. Миллиметровая ступенька будет видна под архитектурным светом.

Отделка honed: матовая, тактильная. Она правдиво показывает, что камень живой - он не скрывает поры, он их демонстрирует.

Если у вас объект под травертин - напишите в личку, покажу актуальные слэбы с фото в натуральном свете.

#VALONTI #Богдан #травертин #TravertinoNavona #авторскаямебель #камень #дизайнинтерьера

Сценарий (Reels, ~35сек):
0-3с: Богдан входит в кадр у стопки слэбов Travertino Navona. Без слов, смотрит на торцы.
4-9с: поднимает один слэб, подносит к боковому свету - пористая структура проявляется. Закадровый голос Богдана: «Вот тут заполнение неровное. Смола чуть пожелтела. Нет».
10-16с: откладывает, берёт следующий. Голос: «Этот - другое дело. Тон чистый, перепад по толщине меньше полумиллиметра».
17-22с: крупный план - Богдан проводит линейкой по краю слэба, камера фиксирует плотный контакт. Голос: «При стыковке с латунью каждая десятая видна».
23-29с: слэб горизонтально на столе, рука касается поверхности honed. Голос: «Honed не скрывает поры. Он их показывает. Это честно».
30-35с: финальный кадр - стопка отобранных слэбов, Богдан рядом. Надпись «Travertino Navona / образец по запросу в личку».
Текст на экране: «Каждый третий - нет».
Аудио: живой закадровый голос Богдана (разговорная интонация), атмосферный шум склада.
В кадре: Богдан / слэбы Travertino Navona honed / склад с боковым дневным светом / средний план + крупный план торца",video,"Богдан у стопки слэбов Travertino Navona, рука на поверхности камня",11.06.2026,
w24-fri-g,24,Пт,G,IG/VK,Reels,ASMR-процесс,Порошковая покраска TRUBIS: звук процесса,"«Вы никогда не слышали, как красят мебель. Исправляем»",охват,план,,SMM,нет,,"Вы никогда не слышали, как красят мебель. Исправляем.

Основание стола TRUBIS - вертикальные каннелированные колонны из стали. Перед покраской их обезжиривают, фосфатируют, потом - в камеру порошкового напыления.

Звук там особенный: сухой шелест пистолета, потом тишина печи при 180 градусах, потом щелчок - это полимер встаёт намертво.

Так получается RAL 9005 муар. Без запаха в доме, без сколов через год.

Смотрите в профиле линейку TRUBIS: столы L90, L100, L110, Oval 120-200, раздвижной R Max. Все - в палитрах NERO, ORO, BIANCO.

#GENGLASS #TRUBIS #ASMR #производство #порошковаяпокраска #стальнаямебель #мебельизстали

Сценарий (Reels, ~22сек):
0-2с: чёрный экран, надпись «Звук порошковой покраски» - входит шелест пистолета-напылителя.
3-7с: кадр внутри покрасочной камеры - оранжевое облако порошка вокруг основания TRUBIS, пистолет движется равномерно. Звук сухой, ритмичный.
8-12с: переход - деталь въезжает в печь. Дверь закрывается. Тишина. Только лёгкий гул нагрева.
13-17с: дверь открывается, деталь выезжает - поверхность уже матово-чёрная, RAL 9005 муар. Крупный план - пальцы технолога в перчатке касаются поверхности, убеждаясь в монолитности покрытия.
18-20с: финальная сборка - основание TRUBIS устанавливают под столешницу, камера фиксирует стыковочный узел.
21-22с: надпись «TRUBIS / RAL 9005 муар / 10-15 рабочих дней» + логотип GENGLASS.
Текст на экране: «180° / RAL 9005 / без сколов».
Аудио: реальные производственные звуки (без музыки) - шелест порошка, гул печи, металлический щелчок.
В кадре: основание TRUBIS (каннелированные колонны) / палитра NERO RAL 9005 муар / производственный цех / боковой промышленный свет",video,"Основание TRUBIS в порошковой камере, оранжевое облако краски вокруг детали",12.06.2026,
w24-sat-v,24,Сб,V,IG/VK,карусель,"Деталь, которую не видит заказчик",Латунный кант PVD: что внутри стыка,«Заказчик никогда не увидит этот шов. Богдан видит всегда»,контакты,план,,SMM,нет,,"Заказчик никогда не увидит этот шов. Богдан видит всегда.

Есть детали, которые не попадают в финальную фотографию объекта. Но именно они определяют, держится ли изделие через 10 лет или начинает «говорить» - скрипеть, расходиться, терять тон.

Листайте - покажем, что происходит внутри стыка латунного канта и камня.

Работаете над объектом с камнем и металлом? Напишите в личку - пришлём образцы Nero Marquina + латунь PVD brushed и спеку по вашему проекту.

#VALONTI #авторскаямебель #латунь #NeroMarquina #детальинтерьера #PVD #дизайнинтерьера

Сценарий (карусель, 6 слайдов):
Слайд 1: (надпись: «Детали, которые заказчик не видит») Обложка - макро стыка латунного профиля и поверхности Nero Marquina, боковой свет выявляет рельеф.
Слайд 2: (надпись: «Латунный кант: PVD brushed») Профиль в разрезе - схема: латунная основа, PVD-покрытие 2-4 мкм. Текст: «PVD не красит латунь - оно напыляет керамику на молекулярном уровне. Тон не меняется со временем».
Слайд 3: (надпись: «Подготовка камня под кант») Фото - торец слэба Nero Marquina после фрезеровки, угол 90 градусов, перепад не более 0,3 мм. Текст: «Допуск 0,3 мм. Если больше - стык видно при боковом свете».
Слайд 4: (надпись: «Клеевой шов: что используем») Крупный план - нанесение конструкционного эпоксидного состава на торец. Текст: «Эпоксид держит сдвиговую нагрузку до 12 МПа. Камень сломается раньше, чем шов разойдётся».
Слайд 5: (надпись: «Финальный контроль - боковой свет») Богдан с фонариком вдоль стыка - проверяет линию. Текст: «Если видна ступенька или зазор - изделие переделывается. Это не торг».
Слайд 6: (надпись: «Образцы и спека - в личку») CTA на тёмном фоне, логотип VALONTI. Текст: «Nero Marquina + латунь PVD brushed / образец по запросу».
В кадре: стык латунного канта PVD brushed и слэба Nero Marquina / разрез профиля / макро + схематика / студийный боковой жёсткий свет",carousel,"Стык латунного канта PVD brushed и столешницы Nero Marquina, макро 1:1",13.06.2026,
w25-mon-g,25,Пн,G,IG/VK,Reels,До/после,"Кабинет: до хаос, после TRUBIS ORO",«Кабинет без мебели - просто комната с проводами»,охват,план,,SMM,нет,,"Кабинет без мебели - просто комната с проводами.

До: рабочий стол из «Икеа» 2015 года, три стула с разных гарнитуров и стопки папок прямо на полу.

После: журнальный стол TRUBIS M в палитре ORO BS002 (золотой муар) + стеллаж 37x100x180. Комплект «Кабинет» - скидка 8-12%.

ORO - не кричащее золото, это тёплый зеркальный муар: при дневном свете он матовый, при точечном - начинает светиться изнутри. Хорошо работает рядом с мрамором и латунью.

Всё с нашего склада в Домодедово, срок - 1-3 рабочих дня для стандартных позиций.

Калькулятор комплекта - в шапке профиля.

#GENGLASS #кабинет #TRUBIS #ORO #рабочееместо #мебельдляработы #доипосле

Сценарий (Reels, ~28сек):
0-2с: статичный кадр «до» - захламлённый угол кабинета, разношёрстная мебель, провода на полу. Тихая атмосфера.
3-7с: ускоренный монтаж: выносят старый стол, заносят коробки GENGLASS. Лёгкий тайм-лапс.
8-14с: сборка журнального стола TRUBIS M - каннелированные основания встают, столешница ложится сверху. Камера снизу вверх по колонне ORO.
15-20с: финальный кадр «после» - широкий план кабинета. На столе ноутбук, стакан с карандашами; стеллаж рядом, несколько книг расставлены.
21-24с: крупный план поверхности ORO BS002 - боковой свет, муар переливается при движении камеры. Без слов.
25-28с: надпись «Комплект Кабинет / скидка 8-12% / склад Домодедово» на тёмной плашке + логотип.
Текст на экране: «ORO BS002. Склад. 1-3 дня».
Аудио: тихий ambient без музыки, в сцене сборки - натуральный звук металла.
В кадре: стол TRUBIS M + стеллаж 37x100x180 / палитра ORO BS002 золотой муар / кабинет с боковым дневным светом / надвигающаяся камера снизу вверх",video,Кабинет до/после: рабочая зона с журнальным столом TRUBIS M в ORO и стеллажом,15.06.2026,
w25-tue-v,25,Вт,V,IG/VK,Reels макро,Материал крупно,Onyx Miele backlit: свет сквозь камень,"«Камень, который светится изнутри. Без фотошопа»",охват целевой,план,,SMM,нет,,"Камень, который светится изнутри. Без фотошопа.

Onyx Miele - медовый оникс. Полупрозрачный: если поставить за ним источник 2700-3000K, свет проходит сквозь толщину камня и выявляет прожилки, которых не видно при обычном освещении.

Техника backlit используется в барных стойках, перегородках, нишах изголовья. Богдан подбирает толщину слэба под интенсивность подсветки - 18-20 мм для мягкого рассеивания, 14 мм для более насыщенного эффекта.

Отделка polished - поверхность отражает и пропускает свет одновременно. Это не декор, это физика материала.

Работаете с объектом, где нужен эффект backlit? Напишите в личку - пришлём образец Onyx Miele и спеку по толщинам.

#VALONTI #OnyxMiele #оникс #backlit #камень #дизайнинтерьера #архитектурноеосвещение

Сценарий (Reels, ~22сек):
0-2с: чёрный экран. Постепенно проявляется поверхность Onyx Miele - матовая, без подсветки. Надпись «До подсветки».
3-7с: за слэбом медленно включается источник 3000K - свет начинает проходить сквозь камень снизу вверх. Прожилки проявляются одна за другой.
8-13с: полная подсветка - медовые и янтарные тона, прожилки читаются как карта. Камера медленно отъезжает назад, показывая весь слэб.
14-17с: смена ракурса - съёмка сбоку, видно как свет выходит через торец камня. Голос за кадром: «18 мм. Мягкое рассеивание».
18-22с: финальный кадр - слэб в контексте интерьерного макета (тёмный фон), надпись «Onyx Miele / backlit / образец по запросу».
Текст на экране: «Физика материала. Не фильтр».
Аудио: полная тишина, только в момент включения подсветки - лёгкий электрический щелчок (реальный звук).
В кадре: слэб Onyx Miele polished / толщина 18-20 мм / источник 3000K за камнем / макро + средний план / свет только backlit, никакого дополнительного",video,Слэб Onyx Miele с подсветкой backlit - медовый свет сквозь толщину камня,16.06.2026,
w25-wed-g,25,Ср,G,IG/VK,карусель,Этот VS тот,CIPRIA vs NERO: Quiet Luxury в цифрах,"«CIPRIA или NERO? Разбираем, кому что подходит»",сохранения,план,,SMM,нет,,"CIPRIA или NERO? Разбираем, кому что подходит.

Оба в наличии. Оба работают. Но в очень разных интерьерах.

Сохраните - удобно сравнивать при выборе.

Если не уверены, какая палитра ваша - напишите, пришлём фото объектов в обеих.

#GENGLASS #CIPRIA #NERO #QuietLuxury #зеркало #палитра #выбормебели

Сценарий (карусель, 7 слайдов):
Слайд 1: (надпись: «CIPRIA vs NERO. Листайте») Обложка - зеркало EVELIX S в двух палитрах рядом: слева пудровый CIPRIA RAL 3015, справа чёрный NERO RAL 9005. Симметричный кадр, одинаковый свет.
Слайд 2: (надпись: «CIPRIA RAL 3015 dE=2 / Drop Весна 2026») Крупный план рамы CIPRIA. Текст: «Пудрово-розовый, отклонение от эталона dE не более 2. 7 моделей в коллекции: EVELIX S, RAUNTEL L, KUVINO L, TRUBIS S, TRUBIS Oval 160, ONIKS M, VESHAL P + Made-to-Order».
Слайд 3: (надпись: «NERO RAL 9005 муар / с 2018 года») Крупный план рамы NERO. Текст: «Матовый чёрный, стойкое порошковое покрытие, в каталоге с 2018. Подходит под лофт, минимализм, скандинав с тёмными акцентами».
Слайд 4: (надпись: «Интерьер под CIPRIA: что рядом работает») Коллаж - розовый CIPRIA с бежевым льном, деревом светлым, травертином. Текст: «Quiet Luxury - нейтральные тёплые тона, никакого контраста. Рядом хорошо: травертин, латунь, молочный текстиль».
Слайд 5: (надпись: «Интерьер под NERO: что рядом работает») Коллаж - чёрный NERO с белым бетоном, открытой кирпичной кладкой, зеленью. Текст: «Лофт и минимализм. Хорошо держит: белый, серый, натуральный металл, стекло».
Слайд 6: (надпись: «Срок / склад / на заказ») Таблица: CIPRIA - MTO 5-10 дней (зеркала), 20-30 дней (столы); NERO - склад Домодедово 1-3 дня (стандарт), MTO по нестандарту.
Слайд 7: (надпись: «Не решили? Напишите - пришлём фото объектов») CTA-слайд. Логотип GENGLASS, текст «CIPRIA и NERO - оба в производственной программе 2026».
В кадре: зеркало EVELIX S в палитрах CIPRIA и NERO / симметричный студийный свет / фронтальный ракурс / коллажи интерьеров",carousel,"Обложка карусели: зеркало EVELIX S слева в CIPRIA (пудровый), справа в NERO (чёрный)",17.06.2026,
w25-thu-v,25,Чт,V,IG/VK,длинное,Авторский разбор от Богдана,Богдан: почему я не делаю polished Travertino,«Меня часто просят Travertino polished. Я почти всегда отказываю»,доверие,план,,Богдан,нет,,"Меня часто просят Travertino polished. Я почти всегда отказываю.

Не потому что не умею. А потому что через 8-12 месяцев активной эксплуатации глянцевый травертин начинает терять зеркальность на рёбрах и в зонах касания. Это физика пористой породы - она мягче гранита примерно в 2-3 раза по шкале Мооса.

Honed - матовая отделка - ведёт себя иначе. Царапины на honed практически не читаются, потому что поверхность уже рассеивает свет. Пора остаётся порой, а не становится дефектом.

Я делаю исключения для вертикальных поверхностей: стеновые панели, фасады без касания - там polished работает долго. Но столешница, барная стойка, подоконник - только honed.

Если ваш дизайнер настаивает на polished для горизонтали - попросите его показать объект через 2 года. Это честный тест.

Образцы Travertino Navona honed и polished - в личку, вышлю с описанием условий применения.

#VALONTI #Богдан #TravertinoNavona #травертин #honed #дизайнинтерьера #авторскаямебель

Сценарий (Reels, ~40сек):
0-3с: Богдан в студии, на столе два образца Travertino Navona - один polished, один honed. Молча раскладывает их перед камерой.
4-9с: крупный план polished - Богдан наклоняет образец, показывает как он отражает источник света. Голос: «Полированный. Красиво. Но это сейчас».
10-16с: Богдан берёт металлический ключ и лёгким движением проводит по краю polished образца - на ребре остаётся матовая полоса. Голос: «Восемь месяцев стола - и ребро вот так».
17-23с: переходит к honed. Та же операция с ключом - поверхность практически не меняется. Голос: «Honed. Царапина есть, но поверхность её не показывает - она рассеивает свет одинаково».
24-30с: Богдан поднимает взгляд прямо в камеру. Голос: «Для горизонтали - только honed. Это не мнение. Это два года разницы».
31-38с: крупный план обоих образцов рядом, медленное движение камеры вдоль. Надпись «Travertino Navona / honed & polished / образцы по запросу».
39-40с: логотип VALONTI, «в личку».
Текст на экране: «Горизонталь. Только honed. Богдан».
Аудио: живой голос Богдана без озвучки, атмосфера студии. Никаких треков.
В кадре: Богдан / два образца Travertino Navona (honed + polished) / студийный стол / боковой жёсткий свет слева",video,"Богдан с двумя образцами Travertino - polished и honed - в руках, боковой свет",18.06.2026,
w25-fri-g,25,Пт,G,IG/VK,Reels,Каталог в кадре,CIPRIA Drop: 7 моделей за 30 секунд,«Весь дроп CIPRIA за 30 секунд. Держите»,охват,план,,SMM,нет,,"Весь дроп CIPRIA за 30 секунд. Держите.

Весна 2026. Палитра CIPRIA RAL 3015 - пудрово-розовый, отклонение dE не более 2 от эталона. 7 моделей.

EVELIX S, RAUNTEL L, KUVINO L - зеркала. TRUBIS S, TRUBIS Oval 160 - столы с каннелированными основаниями. ONIKS M - журнальный. VESHAL P - вешалка. Плюс Made-to-Order под ваши размеры.

Sold separately или как комплект - скидка 8-12%.

Полный каталог CIPRIA - в шапке профиля.

#GENGLASS #CIPRIA #QuietLuxury #drop2026 #зеркало #TRUBIS #пудровыйинтерьер

Сценарий (Reels, ~30сек):
0-2с: чёрный экран, надпись «CIPRIA Drop / Весна 2026 / 7 моделей». Пудрово-розовая плашка проявляется.
3-6с: EVELIX S в CIPRIA - фронтальный кадр, затем надпись «EVELIX S / зеркало 104x54».
7-9с: RAUNTEL L - боковой ракурс, надпись «RAUNTEL L / зеркало».
10-12с: KUVINO L - три четверти, надпись «KUVINO L / зеркало».
13-16с: TRUBIS S - стол, каннелированное основание крупным планом, надпись «TRUBIS S / стол».
17-19с: TRUBIS Oval 160 - овальная столешница, надпись «TRUBIS Oval 160».
20-22с: ONIKS M - журнальный стол, низкий ракурс, надпись «ONIKS M / журнальный».
23-25с: VESHAL P - вешалка у стены, надпись «VESHAL P / хранение».
26-28с: все 7 моделей вместе в одном кадре, широкий план, нейтральный бежевый фон.
29-30с: надпись «Made-to-Order тоже доступен / каталог в шапке» + логотип GENGLASS.
Текст на экране: «RAL 3015 / dE не более 2 / 7 моделей».
Аудио: ритмичный лёгкий ambient без слов, темп под смену кадров (примерно 2-3 сек на модель).
В кадре: все 7 моделей CIPRIA поочерёдно / палитра RAL 3015 пудрово-розовый / нейтральный бежевый фон / студийный рассеянный свет",video,"Линейка из 7 изделий в CIPRIA в ряд на нейтральном бежевом фоне, студийный свет",19.06.2026,
w25-sat-v,25,Сб,V,IG/VK,карусель,Нестандарт под объект,Стеклянная перегородка: рифлёное + латунный профиль,"«Перегородка, которую заказывают раз - потом никогда не меняют»",контакты,план,,SMM,нет,,"Перегородка, которую заказывают раз - потом никогда не меняют.

Рифлёное стекло в латунном профиле PVD patinated. Визуально делит пространство, акустически - частично. Свет при этом проходит.

Это не серийная позиция. Богдан делает такие конструкции под конкретный объект: высота, ширина, шаг рифля, тип профиля - всё под чертёж.

Работаете над объектом, где нужна перегородка под нестандартный проём? Напишите в личку - пришлём спеку, образцы стекла и металла.

#VALONTI #перегородка #рифлёноестекло #латунь #нестандарт #дизайнинтерьера #авторскаямебель

Сценарий (карусель, 6 слайдов):
Слайд 1: (надпись: «Нестандарт под объект / рифлёное стекло + латунь PVD») Обложка - готовая перегородка в интерьере, боковой свет через рифлёное стекло создаёт полосатую тень на полу.
Слайд 2: (надпись: «Рифлёное стекло: что это») Крупный план рифлей - поперечный профиль стекла. Текст: «Рифление рассеивает свет и создаёт тактильный рельеф. Толщина полотна 8-10 мм. Прозрачность - 60-70% от обычного стекла».
Слайд 3: (надпись: «Профиль: латунь PVD patinated») Разрез профиля - схема крепления стекла в пазу. Текст: «PVD patinated - тонированная латунь с тёплым антикварным тоном. Не требует ухода, не темнеет при контакте с влагой».
Слайд 4: (надпись: «Как проектируем под объект») Список этапов: 1) Чертёж проёма от дизайнера; 2) Подбор шага рифля под ширину полотна; 3) Согласование типа профиля; 4) Производство 15-30 рабочих дней; 5) Монтаж под ключ.
Слайд 5: (надпись: «Что влияет на конструкцию») Два кадра рядом: узкий шаг рифля (больше приватности) и широкий шаг (больше света). Текст: «Шаг рифля определяет баланс между светопроницаемостью и визуальной закрытостью».
Слайд 6: (надпись: «Спека + образцы - в личку») CTA на тёмном фоне. Логотип VALONTI. Текст: «Рифлёное стекло / латунь PVD patinated / под ваш проём».
В кадре: перегородка из рифлёного стекла в латунном профиле PVD patinated / боковой естественный свет сквозь рифли / средний план + крупный план профиля / реальный интерьер или студийная постановка",carousel,"Стеклянная перегородка из рифлёного стекла в латунном профиле, боковой свет через стекло",20.06.2026,
w26-mon-g,26,Пн,G,IG/VK,Reels,До/после,NERO: стена до - квартира после,«Стену не сносили. Просто поставили NERO»,охват,план,,SMM,нет,,"Стену не сносили. Просто поставили NERO.

До: 28 кв.м. без зонирования - кровать в метре от кухонного запаха и телевизора.
После: спальная зона отделена перегородкой NERO (RAL 9005, матовый муар). Монтаж - 1 рабочий день. Капитального ремонта - ноль.

Стекло затемнённое. Свет проходит, взгляды - нет.

Перегородку считаем за 30 минут. Ссылка в профиле - кликайте на «Калькулятор».

#genglass #перегородкаNERO #зонированиеквартиры #студия #лофтинтерьер #перегородкастекло #ремонтквартиры

Сценарий (Reels, ~30сек):
0-2с: чёрный экран, появляется надпись «До» белыми буквами. Резкий переход - камера влетает в типовую студию без зонирования, кровать стоит у холодильника.
3-7с: закадровый голос: «28 метров. Одна комната. Ноль уединения.» Камера медленно обходит пространство по кругу.
8-14с: надпись «После» - быстрый монтажный переход, та же комната, перегородка NERO стоит. Чёрный муаровый металл крупным планом.
15-22с: девушка садится на кровать, за перегородкой кухня размыта. Свет рассеивается через затемнённое стекло. Камера фиксирует текстуру металла - муаровое переливание.
23-28с: стоп-кадр с надписью «1 день монтажа. RAL 9005. Склад Домодедово». Логотип GENGLASS. Стрелка вниз «Калькулятор в профиле».
Аудио: атмосферный low-fi бит без вокала, нарастающий к финалу.
В кадре: перегородка NERO RAL 9005 матовый муар / затемнённое стекло / студия ~28 кв.м. / монтажный план / боковой рассеянный свет",video,"Перегородка NERO RAL 9005 муар в студии, вид до и после",22.06.2026,
w26-tue-v,26,Вт,V,IG/VK,Reels макро,Материал крупно,Nero Marquina: прожилка под светом,«Прожилка не рисуется. Она растёт в камне миллионы лет»,охват целевой,план,,SMM,нет,,"Прожилка не рисуется. Она растёт в камне миллионы лет.

Nero Marquina. Испанский чёрный мрамор с характерной белой кальцитовой сетью. Каждая плита - своя карта прожилок. Два изделия из одной партии никогда не будут идентичны.

Богдан работает с полированной поверхностью и honed-финишем: полировка даёт глубину и отражение, honed убирает блеск и делает поверхность тактильной.

Запросите образец в личку. Пришлём фото актуальной партии с размерами прожилок.

#valonti #NeroMarquina #камень #мрамор #авторскаямебель #bogdan #интерьердизайн #stonedesign

Сценарий (Reels, ~20сек):
0-3с: тёмный экран, появляется торец плиты Nero Marquina - крупный план. Камера начинает медленно ехать вдоль поверхности.
4-10с: макро-режим на прожилку - белая линия прочерчивает чёрный фон. Текст на экране: «Nero Marquina. Полировка или honed.» Боковой направленный свет выявляет текстуру.
11-16с: камера отъезжает - видно готовое изделие (столешница или консоль) на металлической латунной опоре. Свет сверху создаёт тень от прожилок.
17-20с: стоп-кадр, надпись «Образец - в личку» и логотип VALONTI. Финальный кадр в тишине, только звук касания камня.
Аудио: тишина с лёгким реверберирующим звуком - один удар по камню на старте, затем ambient-фон.
В кадре: Nero Marquina полированная плита / крупный план прожилок / боковой направленный свет / латунная опора / нейтральный тёмный фон",video,"Макро Nero Marquina - белая прожилка на чёрном фоне, боковой свет",23.06.2026,
w26-wed-g,26,Ср,G,IG/VK,карусель,Сколько стоит на самом деле,Зеркало с LED: что входит в цену,«Цена зеркала - это не цена зеркала»,сохранения,план,,SMM,нет,,"Цена зеркала - это не цена зеркала.

Люди видят итоговую сумму и не понимают, из чего она. Разложили на части - смотрите карусель.

Зеркало EVELIX S (104x54 см, LED 3000K, сенсор) в палитре ORO. Сроки: 7-12 рабочих дней со склада Домодедово.

Если нужно зеркало в другой размер или палитру - пишите. Считаем за 30 минут.

#genglass #зеркалоLED #EVELIX #зеркалодлягардероба #зеркалодляванной #ORO #genglass_зеркала #интерьер2026

Сценарий (карусель, 6 слайдов):
Слайд 1: тёмный фон, зеркало EVELIX S в палитре ORO во весь кадр. Надпись крупно: «Из чего цена зеркала с подсветкой?» Подпись мелко: «Листайте - разложили по статьям».
Слайд 2: иконка «Стекло» + надпись «Осветлённое, толщина 4 мм. Обрезка по размеру ТЗ. Полировка торца». Справа - фото торца зеркала крупно.
Слайд 3: иконка «Рама» + надпись «Профиль в палитре ORO (BS002, золотой муар). Порошковая покраска, запечённая при 180°C». Справа - крупный план угла рамы с муаровым переходом.
Слайд 4: иконка «LED-система» + надпись «Лента 3000К по периметру. Сенсорный выключатель. Блок питания встроен». Справа - фото включённой подсветки, мягкий тёплый контур.
Слайд 5: иконка «Склад и срок» + надпись «Стандарт EVELIX S - в наличии Домодедово. LED-версия: 7-12 рабочих дней. Доставка по Москве - 1 день». Справа - фото склада или коробки.
Слайд 6: белый фон, зеркало EVELIX S отражает интерьер гардеробной. Надпись: «Итого: сумма складывается из стекла + рамы + LED + сборки + упаковки. Не из маркетинга». CTA: «Рассчитайте свой вариант - ссылка в профиле».
В кадре: зеркало EVELIX S / палитра ORO BS002 / LED 3000K сенсор / крупные планы торца и рамы / нейтральный светлый фон",carousel,"Зеркало EVELIX S с LED подсветкой 3000K, анатомия цены",24.06.2026,
w26-thu-v,26,Чт,V,IG/VK,длинное,Рождение изделия,Богдан: от эскиза до латунной опоры,"«Богдан рисует деталь прежде, чем выбирает камень»",доверие,план,,Богдан,нет,,"Богдан рисует деталь прежде, чем выбирает камень.

Люди думают: сначала выбираем материал, потом форму. Нет. Сначала - задача: какой свет падает на изделие, как к нему подходят, что стоит рядом. Форма вытекает из этого. Камень - последним.

Travertino Navona в этом изделии выбран за тёплый кремовый фон - он работает с латунью PVD brushed без конкуренции за внимание. Каждый тянет в свою сторону, но вместе - одно направление.

Металлическая опора сварена и отшлифована вручную. Соединение с камнем - без клея на виду.

Это один предмет, он не выйдет в тираж. Запросите спеку или образец в личку.

#valonti #bogdan #travertino #латунь #авторскаяработа #камень #интерьеристам #designersonly

Сценарий (Reels, ~45сек):
0-4с: руки Богдана над листом бумаги - простой карандашный набросок опоры. Тихий звук карандаша. Камера сверху.
5-12с: монтажная склейка - рука кладёт на стол образец Travertino Navona рядом с латунной деталью PVD brushed. Камера медленно объезжает по дуге. Голос Богдана за кадром: «Камень выбираю последним. Сначала понимаю, как свет падает на угол».
13-22с: процесс шлифовки металлической опоры крупным планом. Искры не нужны - показываем финишный этап, движения руки с шлифовальным блоком. Фактура металла меняется от грубой к матовой.
23-34с: плита Travertino Navona на монтажном столе. Богдан проводит пальцем по поверхности, показывает тёплую фактуру травертина. Камера фиксирует поры камня - макро.
35-42с: готовое изделие в студийном свете. Латунная опора снизу, столешница Travertino Navona сверху. Камера обходит вокруг. Свет боковой, жёсткий.
43-45с: финальный кадр - изделие, логотип VALONTI внизу. Надпись: «Образец и спека - в личку».
Аудио: живой звук мастерской - карандаш, металл, тишина; без музыки или минимальный ambient.
В кадре: Богдан / эскиз / Travertino Navona / латунь PVD brushed / студийный боковой свет / детали соединения",video,"Богдан за чертежом, рядом плита Travertino Navona и латунная опора",25.06.2026,
w26-fri-g,26,Пт,G,IG/VK,Reels,ASMR-процесс,Покраска рамы: порошок ложится на металл,«Слышите? Это RAL 9005 ложится на профиль»,охват,план,,SMM,нет,,"Слышите? Это RAL 9005 ложится на профиль.

Порошковая покраска без наушников. Производство в Домодедово, 16 000 м². Металлический профиль проходит дробеструйку, грунт, порошок, печь при 200°C. Выходит с маркировкой RAL 9005 - матовый муар.

Эта рама станет зеркалом RAUNTEL или частью перегородки. 1-3 рабочих дня с момента запуска в работу.

Цех снимаем для вас каждую пятницу. Подпишитесь - следующий ролик через неделю.

#genglass #производство #порошковаяокраска #RAL9005 #NERO #лофт #металл #генгласс

Сценарий (Reels, ~25сек):
0-3с: цеховой шум обрывается - тишина. Камера наезжает на металлический профиль, подвешенный в линии покраски. Надпись: «RAL 9005. Домодедово».
4-10с: ASMR: звук порошковой пушки - шипение и тихое хлопанье частиц. Камера крупно снимает, как слой порошка оседает на профиль. Фактура меняется на глазах - от блестящей металлической к матовой чёрной.
11-18с: металлический профиль въезжает в печь. Звук закрывающейся двери. Таймлапс или монтажный скачок - 200 секунд в 4 секунды экранного времени. Дверь открывается.
19-23с: профиль выходит из печи. Крупный план муарового отражения на матовой поверхности. Звук: лёгкое постукивание пальцем по горячему металлу.
24-25с: финальный кадр - готовая деталь, надпись «1-3 дня со склада. NERO RAL 9005». Логотип GENGLASS.
Аудио: ASMR - реальные звуки цеха без музыки. Пушка, печь, металл. Финал - тишина.
В кадре: профиль NERO RAL 9005 / цех Домодедово / порошковая линия / крупный план текстуры муар / промышленный свет",video,"Порошковая покраска профиля NERO RAL 9005 в цеху Домодедово, крупный план",26.06.2026,
w26-sat-v,26,Сб,V,IG/VK,карусель,"Деталь, которую не видит заказчик",Скрытый монтаж: что за поверхностью камня,«За этой плоскостью - 4 часа работы. Не видно»,контакты,план,,SMM,нет,,"За этой плоскостью - 4 часа работы. Не видно.

Заказчик видит поверхность Onyx Miele с backlit-подсветкой. Не видит: армирование сетки под камень, просветные проставки для равномерной подсветки, кабель-менеджмент внутри опоры из патинированной стали.

Показываем изнанку. Потому что дизайнер должен это знать - для ТЗ, для согласования с заказчиком и для монтажника.

Если проектируете объект с камнем под подсветку - запросите техническую спеку в личку. Пришлём раскладку с допусками.

#valonti #onyxmiele #backlit #камень #архитектурноестекло #дизайнеринтерьера #авторскаямебель #детали

Сценарий (карусель, 7 слайдов):
Слайд 1: тёмный фон. Готовая барная стойка из Onyx Miele с включённой backlit-подсветкой - мёд светится изнутри. Надпись: «Что внутри? Листайте».
Слайд 2: фото изнаночной стороны столешницы до установки. Металлическая армировочная сетка, приклеенная к камню. Надпись: «1. Армирование. Onyx хрупок - сетка держит плиту при монтаже и перепадах температур».
Слайд 3: крупный план проставок - прозрачные акриловые прокладки между камнем и основанием. Надпись: «2. Равномерный зазор 12 мм. Без него подсветка даёт пятна, а не свечение».
Слайд 4: кабель-менеджмент внутри металлической опоры из патинированной стали - скрытый канал для провода. Надпись: «3. Провод не видит никто. Канал в теле опоры».
Слайд 5: фото LED-ленты, уложенной по периметру под камень. Надпись: «4. Температура LED подобрана под медовый тон Onyx Miele - 2700K. Иначе оникс желтит».
Слайд 6: монтаж - стол переворачивается и устанавливается на место. Два человека. Надпись: «5. Установка - 2 мастера, 3 часа. Подключение - отдельный кабель 220В».
Слайд 7: готовый результат - барная стойка в тёмном интерьере, backlit включён. Надпись: «Спека и допуски для ТЗ - в личку. VALONTI».
В кадре: Onyx Miele / backlit подсветка 2700K / патинированная сталь / крупные планы крепежа / нейтральный фон мастерской",carousel,"Изнанка каменной столешницы VALONTI - крепёж и усиление, до установки",27.06.2026,
w27-mon-g,27,Пн,G,IG/VK,Reels,До/после,CIPRIA: гардеробная до и после Drop,«Гардеробная стала другой. Покраску не делали»,охват,план,,SMM,нет,,"Гардеробная стала другой. Покраску не делали.

До: зеркало в белой раме, нейтральный стеллаж, всё работает - но нет характера.
После: зеркало EVELIX S в палитре CIPRIA (RAL 3015, пудрово-розовый, dE≤2). Стеллаж VESHAL P в той же палитре. Шторки из тканей тёплого тона подбираются в последнюю очередь.

CIPRIA - Drop весна 2026, Quiet Luxury. 7 моделей в одной палитре: зеркала, столы и вешалки. Комплект со скидкой 10%.

Сроки: MTO зеркала 5-10 рабочих дней. Стеллаж 20-30 рабочих дней.

Собрать свой комплект - ссылка в профиле.

#genglass #CIPRIA #evelix #гардеробная #quietluxury #пудровыйрозовый #зеркало #интерьер2026

Сценарий (Reels, ~35сек):
0-3с: тихий звук открывающейся двери гардеробной. Камера входит - видна нейтральная белая гардеробная без акцентов. Надпись «До».
4-9с: голос за кадром: «Всё работает. Только характера ноль». Камера медленно объезжает стеллаж и белое зеркало в стандартной раме.
10-18с: монтажный переход - растворение в розовом. Камера появляется снова в той же гардеробной: зеркало EVELIX S в раме CIPRIA RAL 3015 на стене, рядом стеллаж VESHAL P в той же палитре. Надпись «После».
19-26с: камера делает три крупных плана: 1) угол рамы CIPRIA - муаровый розовый; 2) полка стеллажа с аксессуарами; 3) отражение в зеркале EVELIX - вся гардеробная видна целиком.
27-33с: стоп-кадр, надпись: «CIPRIA Drop 2026. 7 моделей. Комплект -10%. 5-10 раб. дней». Логотип GENGLASS.
34-35с: белый кадр-хвост. Надпись: «Собрать комплект - ссылка в профиле».
Аудио: спокойный soft-pop инструментал без вокала, нарастающий в середине.
В кадре: зеркало EVELIX S / палитра CIPRIA RAL 3015 / стеллаж VESHAL P / гардеробная / боковой тёплый свет / ракурс с порога",video,"Зеркало EVELIX S в палитре CIPRIA RAL 3015 в гардеробной, вид до/после",29.06.2026,
w27-tue-v,27,Вт,V,IG/VK,Reels макро,Материал крупно,Onyx Miele: свет изнутри,«Это не подсвечено снаружи. Свет идёт насквозь»,охват целевой,план,,SMM,нет,,"Это не подсвечено снаружи. Свет идёт насквозь.

Onyx Miele - медовый оникс, полупрозрачный. Толщина плиты 20 мм. При backlit-подсветке камень начинает светиться изнутри - прожилки проявляются как негатив.

Работаем с двумя финишами: полированный даёт отражение поверхности, honed убирает блеск и усиливает эффект подсветки.

Материал под конкретный проект - запросите образец с указанием толщины и отделки в личку.

#valonti #onyxmiele #backlit #оникс #камень #bogdan #материалдляинтерьера #lighting

Сценарий (Reels, ~22сек):
0-4с: полная темнота в кадре. Медленно начинает проступать свечение - медовый цвет Onyx Miele с включённой backlit-подсветкой. Нет других источников света.
5-12с: камера приближается к поверхности - крупный план. Прожилки оникса проявляются в свете как тонкая карта: белые и оранжевые нити на медовом фоне. Камера медленно скользит вдоль поверхности.
13-18с: камера отходит - видна плита 20 мм в металлической рамке из патинированной стали. Богдан кладёт руку рядом с плитой - масштаб. Проводит пальцем по honed-поверхности.
19-21с: backlit выключается - камень гаснет. Пауза. Снова включается.
22с: финальный кадр, надпись «Onyx Miele. Backlit. Образец - в личку». Логотип VALONTI.
Аудио: полная тишина, только лёгкое гудение LED в начале. Финал - один мягкий удар по камню.
В кадре: Onyx Miele 20 мм honed / backlit подсветка / патинированная сталь рамка / рука Богдана для масштаба / полная темнота фон",video,"Onyx Miele с backlit - медовое свечение сквозь камень, макро-съёмка",30.06.2026,
w27-wed-g,27,Ср,G,IG/VK,карусель,Этот VS тот,"NERO vs BIANCO: один стол, два характера",«Один стол. Две рамы. Две разные квартиры»,сохранения,план,,SMM,нет,,"Один стол. Две рамы. Две разные квартиры.

TRUBIS L100 - обеденный стол 100x100 см, вертикальные каннелированные основания. Производство из порошкованой стали. Разница между NERO и BIANCO не в конструкции - в характере пространства.

Сохраните - когда будете выбирать палитру, сравнение уже будет под рукой.

Сроки производства одинаковые: 10-15 рабочих дней. Обе палитры в стандартных позициях.

#genglass #TRUBIS #NERO #BIANCO #обеденныйстол #столлофт #скандинавский #палитра

Сценарий (карусель, 6 слайдов):
Слайд 1: стол TRUBIS L100 разделён по центру - левая половина кадра NERO RAL 9005, правая BIANCO RAL 9003. Надпись: «Один стол. Две палитры. Листайте».
Слайд 2: TRUBIS L100 NERO в лофтовом интерьере - тёмные стены, бетонный пол, металлические светильники. Надпись: «NERO. RAL 9005. Матовый муар. Лофт, кабинет, тёмный интерьер». Данные: «100x100x75 см. 10-15 раб. дней».
Слайд 3: крупный план основания NERO - каннелюры на матовом чёрном профиле. Свет рисует тени в вертикальных желобках.
Слайд 4: TRUBIS L100 BIANCO в светлом скандинавском интерьере - белые стены, дерево, льняной текстиль. Надпись: «BIANCO. RAL 9003. Матовый белый. Скандинав, минимализм, светлая кухня». Данные: «100x100x75 см. В наличии склад Домодедово».
Слайд 5: крупный план основания BIANCO - те же каннелюры, другой свет. Светлая поверхность рассеивает, а не поглощает.
Слайд 6: оба стола рядом, вид сверху - столешницы одинаковые, основания разные. Надпись: «Какую палитру выбрать - зависит от стен. Напишите нам фото комнаты - скажем честно». CTA: «Ссылка в профиле - калькулятор».
В кадре: TRUBIS L100 / NERO RAL 9005 / BIANCO RAL 9003 / каннелированные основания / фронтальный свет + боковые тени",carousel,"Стол TRUBIS L100 в NERO и BIANCO рядом, фронтальный вид",01.07.2026,
w27-thu-v,27,Чт,V,IG/VK,длинное,Авторский разбор от Богдана,Богдан: почему латунь а не сталь,«Богдан выбирает латунь не за цвет. За поведение во времени»,доверие,план,,Богдан,нет,,"Богдан выбирает латунь не за цвет. За поведение во времени.

Патинированная сталь через 5 лет выглядит так же, как сейчас - стабильно, предсказуемо. Латунь PVD brushed меняется там, где её касаются больше всего: рёбра светлеют, внутренние плоскости темнеют. Изделие приобретает биографию.

Ни один вариант не лучше. Вопрос - какой характер нужен объекту. Богдан задаёт этот вопрос на первой встрече с дизайнером.

Если работаете над объектом с металлическими деталями - запросите образцы обоих материалов в личку. Пришлём с описанием поведения через 1, 3, 5 лет.

#valonti #bogdan #латунь #pvd #патина #авторскийдизайн #металлвинтерьере #designersonly

Сценарий (Reels, ~50сек):
0-5с: Богдан в мастерской. На столе перед ним - две детали одинаковой формы: слева латунь PVD brushed, справа патинированная сталь. Камера наезжает сверху. Голос Богдана: «Разница не в цвете».
6-18с: крупный план латуни PVD brushed. Богдан проводит большим пальцем по ребру - показывает, где материал будет изнашиваться. Голос: «Здесь через год будет светлее. Здесь, внутри, темнее. Это не брак. Это патина». Камера фиксирует текстуру brushed - горизонтальные риски.
19-32с: крупный план патинированной стали. Богдан: «Сталь не меняется. Я выбираю её для объектов, где важна стабильность. Где много людей, где хотят контроля». Камера на фактуру - тёмно-коричневый матовый тон.
33-43с: оба материала рядом в кадре. Богдан: «Латунь - для частного дома, для кабинета, для спальни. Она живёт вместе с хозяином». Он поднимает оба образца, держит на уровне глаз.
44-48с: Богдан кладёт образцы на стол. Тишина. Камера уходит на детали.
49-50с: финальный кадр, надпись «Образцы - в личку. VALONTI». Логотип.
Аудио: живой звук мастерской. Голос Богдана - основной. Никакой музыки.
В кадре: Богдан / латунь PVD brushed / патинированная сталь / столешница мастерской / боковой жёсткий свет / крупные планы текстур",video,"Богдан держит деталь из латуни PVD brushed и патинированной стали, сравнение",02.07.2026,
w27-fri-g,27,Пт,G,IG/VK,Reels,Каталог в кадре,"ORO: три зеркала, одна палитра",«ORO. Три модели. Снимаем прямо со склада»,охват,план,,SMM,нет,,"ORO. Три модели. Снимаем прямо со склада.

Палитра ORO (BS002, золотой муар) с 2019 года. Хит среди зеркал - сочетается с мрамором и латунью без перегруза.

В кадре: EVELIX S (104x54 см), RAUNTEL L и KUVINO L. Все три в наличии на складе Домодедово. Отгрузка 1-3 рабочих дня.

Сравниваем форматы: EVELIX - горизонт для гардеробной, RAUNTEL - вытянутый вертикаль для прихожей, KUVINO - мягкий овал там, где не нужны углы.

Заказать или уточнить наличие - ссылка в профиле.

#genglass #ORO #EVELIX #RAUNTEL #KUVINO #золотоезеркало #зеркалодляприхожей #genglass_зеркала

Сценарий (Reels, ~30сек):
0-3с: склад GENGLASS, Домодедово. Камера едет вдоль ряда упаковок. Надпись: «Склад. Прямо сейчас».
4-9с: открывается упаковка EVELIX S - зеркало достают, ставят на подставку. Свет со склада, без постановки. Надпись: «EVELIX S. 104x54 см. ORO BS002».
10-16с: RAUNTEL L в кадре рядом. Камера снимает оба зеркала - сравнение пропорций. Надпись: «RAUNTEL L. Вертикаль для прихожей».
17-23с: KUVINO L ставится третьим. Камера делает дугу вокруг трёх зеркал - ORO переливается при движении. Надпись: «KUVINO L. Овал. ORO. Все три - в наличии».
24-28с: крупный план угла рамы RAUNTEL - муаровый золотой отблеск. Текст: «Отгрузка 1-3 рабочих дня».
29-30с: финальный кадр - три зеркала рядом. «Уточнить наличие - ссылка в профиле». Логотип GENGLASS.
Аудио: лёгкий фоновый warehouse-атмосфера, без музыки. Звук упаковки при распаковке.
В кадре: склад Домодедово / зеркала EVELIX S + RAUNTEL L + KUVINO L / палитра ORO BS002 / складской свет / ракурс сбоку и фронтально",video,"Три зеркала GENGLASS в палитре ORO BS002 на складе Домодедово, фронтальный свет",03.07.2026,
w27-sat-v,27,Сб,V,IG/VK,карусель,Нестандарт под объект,Ресепшн из Nero Marquina: нестандартный размер,«Стандартных плит для этого проекта не было. Заказали»,контакты,план,,SMM,нет,,"Стандартных плит для этого проекта не было. Заказали.

Ресепшн 3 600 мм в длину. Nero Marquina полированный. Дизайнер хотел одну непрерывную прожилку по всей фронтальной поверхности - без стыков.

Плиты подбирали по рисунку из одной партии. Стыки - там, где прожилка «перетекает» с одной плиты на другую. Визуально - монолит.

Металлическая основа из стали matte black PVD. Кабель-канал для подсветки стойки встроен в тело конструкции.

Если у вас нестандартный объект - опишите задачу в личку. Пришлём предварительную раскладку с размерами и описанием технического решения.

#valonti #NeroMarquina #ресепшн #нестандарт #камень #matte_black #bogdan #дизайнотеля

Сценарий (карусель, 7 слайдов):
Слайд 1: фронтальный вид готового ресепшна из Nero Marquina - 3 600 мм в длину, полированная поверхность отражает пространство. Надпись: «3 600 мм. Один рисунок прожилки. Листайте - покажем как».
Слайд 2: фото плит Nero Marquina на монтажном столе - три секции рядом. Прожилка совмещена вручную. Надпись: «Плиты подобраны из одной партии. Прожилка ""перетекает"" без разрыва».
Слайд 3: крупный план стыка двух плит - линия шва почти не видна, прожилка продолжается. Надпись: «Шов 1,5 мм. Затирка тон в тон с прожилкой».
Слайд 4: металлическое основание конструкции - сталь matte black PVD до облицовки. Встроенный кабель-канал для подсветки. Надпись: «Основа: сталь PVD matte black. Кабель-канал внутри».
Слайд 5: монтаж - плиты Nero Marquina устанавливаются на основание. Два мастера, система крепления показана крупно. Надпись: «Монтаж: крепёж на скрытых анкерах + эпоксид. Без видимых саморезов».
Слайд 6: вид со стороны клиента - полированный Nero Marquina отражает потолочный свет. Надпись: «Полировка. Глубина отражения зависит от угла падения света».
Слайд 7: финальный кадр с логотипом VALONTI. Надпись: «Нестандартный объект - опишите задачу в личку. Пришлём раскладку и ТЗ».
В кадре: Nero Marquina полированный / ресепшн 3 600 мм / сталь matte black PVD / стык плит крупно / монтажный процесс / профессиональный белый свет",carousel,Ресепшн из Nero Marquina нестандартного размера - вид со стороны клиента и монтажника,04.07.2026,
w28-mon-g,28,Пн,G,IG/VK,Reels,До/после,NERO: пустой угол → лофт-точка,«Пустой угол в коридоре. Теперь смотри»,охват,план,,SMM,нет,,"Пустой угол в коридоре. Теперь смотри.

До: 1,8 м² мёртвой стены без функции.
После: зеркало EVELIX S 104x54 см в покрытии NERO - RAL 9005 муар, порошковая покраска, монтаж за 40 минут.

Что изменилось физически: появился свет от LED 3000K по периметру, коридор зрительно вырос на 30 см в глубину. Что изменилось по ощущению - лучше в ролике.

NERO в наличии на складе Домодедово. Доставка по Москве 1-3 рабочих дня.

--> Подбери зеркало под свой метраж: ссылка в шапке профиля.

#genglass #зеркалолофт #NEROпалитра #EVELIX #коридордо_после #зеркаловинтерьере #монтаж40минут #домодедово

Сценарий (Reels, ~25 сек):
0-2с: статичный кадр - пустой угол, серая стена, холодный свет. Тишина. Надпись на экране: «ДО» (белый шрифт, нижний левый угол).
3-6с: резкий cut - руки монтажника прикладывают раму EVELIX S к стене. Кадр с уровнем, засечка карандашом.
7-12с: таймлапс монтажа - 40 секунд в 4 сек. Звук: сухие удары перфоратора, затем тишина.
13-18с: медленный панорамный наезд на зеркало в профиль. LED 3000K включается - тёплая обводка по периметру. Надпись: «ПОСЛЕ».
19-22с: съёмка через зеркало - отражение коридора, визуальная глубина. Палитра NERO матовый чёрный держит кадр.
23-25с: стоп-кадр с текстом «EVELIX S / NERO / склад Домодедово / доставка 1-3 дня». Тип аудио: ambient низкочастотный фон без слов, fade-out на финале.
В кадре: EVELIX S 104x54 / NERO RAL 9005 муар / коридор-лофт / угловой монтаж / свет 3000K тёплый",video,Зеркало EVELIX S в матовом чёрном NERO на фоне кирпичной стены,06.07.2026,
w28-tue-v,28,Вт,V,IG/VK,Reels макро,Материал крупно,Onyx Miele backlit: живой свет изнутри,"«Камень, который светится сам по себе»",охват целевой,план,,SMM,нет,,"Камень, который светится сам по себе.

Onyx Miele. Медовый оникс. Полупрозрачный - это не метафора, это физика материала.
Backlit-отделка: источник света за плитой. Прожилки проявляются как вены на просвет.

Так работает каждое изделие VALONTI из этого камня - authored piece, Богдан делает каждое вручную. Толщина стенки, угол подсветки, стыки - всё рассчитывается под конкретный объект.

Если работаете с жилым или коммерческим проектом, где нужен backlit-камень: пришлите ТЗ в личку, вышлем спеку и образец.

#valonti #onyxmiele #backlit #архитектурныйкамень #дизайнинтерьера #авторскиеизделия #оникс #дизайнер2026

Сценарий (Reels, ~20 сек):
0-2с: полная темнота. Медленно нарастает тёплый свет снизу кадра.
3-7с: макро оникса Onyx Miele в режиме backlit. Камера дрейфует вдоль прожилок - медленный слайд-движение 2 мм/сек. Видна структура: золотисто-медовые полосы, молочные облака.
8-13с: отдаление - видна форма изделия (фрагмент столешницы или панели). Свет идёт сзади, края тёплые.
14-17с: съёмка пальцем, который касается поверхности. Прожилки под рукой. Звук: тихий перезвон - резонанс пальца о камень (запись ASMR).
18-20с: стоп-кадр. Текст: «Onyx Miele / backlit / VALONTI / образец по запросу». Тип аудио: ASMR-резонанс + тихий ambient, без слов.
В кадре: Onyx Miele слэб / backlit подсветка тёплая / макро-движение вдоль прожилки / тёмный фон студии",video,"Макросъёмка оникса Onyx Miele с подсветкой backlit, медовые прожилки на просвет",07.07.2026,
w28-wed-g,28,Ср,G,IG/VK,карусель,Сколько стоит на самом деле,Стол TRUBIS: что входит в цену,«Почему столы TRUBIS стоят столько?»,сохранения,план,,SMM,нет,,"Почему столы TRUBIS стоят столько?

Часто спрашивают: «За что цена?» Разобрали по слайдам - без воды, только производственные цифры.

Сохрани, чтобы вернуться при выборе обеденного стола.

--> Рассчитать комплект со скидкой 8-12%: ссылка в шапке профиля.

#genglass #TRUBISстол #обеденныйстол #металлмебель #OROпалитра #ценаиз_чего #производствомебели #домодедово

Сценарий (карусель, 7 слайдов):
Слайд 1: Фото стола TRUBIS L100 ORO в 3/4. Надпись крупно: «Из чего складывается цена стола TRUBIS». Подпись мелко: «Производство Домодедово, 16 000 м²».
Слайд 2: Крупно каннелированные основания - вертикальные рёбра, порошковая покраска. Надпись: «Основание: сталь + порошковая покраска RAL. Каннелюры фрезеруются вручную - 4 ч на одну ногу».
Слайд 3: Фото раскроя металла на производстве. Надпись: «Металл: листовая сталь 3-5 мм. Раскрой на ЧПУ, сварка - 8 сварочных точек на соединение».
Слайд 4: Палитра ORO (золотой муар BS002) крупно, видна текстура муара. Надпись: «Покрытие ORO: муар BS002. Наносится в 3 слоя, полимеризация 180°C. Держит царапины и перепады влажности».
Слайд 5: Таблица размеров - L90 (90x90x75 см), L100, L110, Oval120-200, R Max раздвижной. Надпись: «5 размеров в линейке. Oval и R Max - на заказ 10-15 рабочих дней».
Слайд 6: Упаковка стола на складе. Надпись: «Склад Домодедово. Стандартные размеры: отгрузка за 1-3 рабочих дня. MTO: 10-15 рабочих дней».
Слайд 7: Комплект «Столовая группа» - стол + зеркало RAUNTEL ORO. Надпись: «Комплект Столовая группа - скидка 8-12%. Считаем для вашего метража за 30 минут». Стрелка и CTA.
В кадре: TRUBIS L100 / ORO муар BS002 / студийный свет сверху / белый фон / ракурс 3/4",carousel,"Стол TRUBIS L100 в палитре ORO на белом фоне, видны каннелированные основания крупно",08.07.2026,
w28-thu-v,28,Чт,V,IG/VK,длинное,Рождение изделия,Богдан: от слэба до столешницы,"«Богдан берёт слэб. Смотри, что дальше»",доверие,план,,Богдан,нет,,"Богдан берёт слэб. Смотри, что дальше.

Nero Marquina - чёрный с белой прожилкой. Каждый слэб не похож на соседний: ширина прожилки, угол входа в камень, плотность рисунка - всё разное.

Первый шаг - читаю камень. Нахожу доминирующую прожилку и строю форму изделия от неё, а не наоборот. Если прожилка входит под 40° - значит, стык идёт туда. Если рисунок симметричный - думаю о миттельфуге.

Этот слэб пошёл на консольную столешницу под раковину. Размер: 1200x500 мм, толщина 20 мм, отделка honed (матовый). Металл - латунь PVD brushed, ножки 40x40 мм.

От первого касания до готового изделия - 18 рабочих дней.

Если у вас в проекте есть поверхность, где нужен камень: напишите в личку, пришлю образцы и спеку под ваш объект.

#valonti #богдан #NeroMarquina #NeroMarquina #авторскаямебель #камень #латунь #дизайнинтерьера

Сценарий (Reels, ~45 сек):
0-3с: Богдан входит в кадр - он у большого слэба Nero Marquina, стоит к камере боком. Свет боковой, мастерская. Без музыки.
4-8с: Крупно - его руки ведут по прожилке камня слева направо. Голос Богдана за кадром: «Читаю камень. Эта прожилка - главная. Форма пойдёт от неё».
9-16с: Он кладёт рулетку, отмечает 1200 мм. Маркер на камне. Голос: «1200 на 500. Консоль под раковину. Honed - значит, матовый финиш, ни одного бликующего пятна».
17-25с: Таймлапс распиловки - искры, прямая линия реза. Затем шлифовка по торцу - крупно руки и абразив.
26-35с: Соединение с латунной ножкой PVD brushed. Болтовое крепление снизу - крупно. Голос: «Латунь PVD brushed. Кроет ровно, не желтеет через год».
36-42с: Готовое изделие - консоль стоит у стены. Богдан рядом. Нет наигранности, просто смотрит на камень.
43-45с: Стоп-кадр. Текст: «Nero Marquina / honed / латунь PVD / 18 рабочих дней / образец в личку». Тип аудио: живой звук мастерской + слова Богдана, без фоновой музыки.
В кадре: Богдан / слэб Nero Marquina / мастерская боковой свет / руки на камне / латунная ножка PVD",video,"Богдан держит слэб Nero Marquina у окна мастерской, свет боковой",09.07.2026,
w28-fri-g,28,Пт,G,IG/VK,Reels,ASMR-процесс,Порошковая покраска CIPRIA крупно,«Звук порошковой покраски: слышал?»,охват,план,,SMM,нет,,"Звук порошковой покраски: слышал?

Это нанесение CIPRIA - пудрово-розовый RAL 3015, отклонение по цвету dE не выше 2. Покрытие ложится в камере при 180°C, полимеризация 20 минут.

CIPRIA Drop весна 2026 - палитра Quiet Luxury. 7 моделей: EVELIX S, RAUNTEL L, KUVINO L, TRUBIS S, TRUBIS Oval 160, ONIKS M, VESHAL P. Плюс Made-to-Order под ваш размер.

Готовые модели - на складе Домодедово, MTO зеркала 5-10 рабочих дней.

--> Смотри весь Drop: ссылка в шапке профиля.

#genglass #CIPRIA #QuietLuxury #drop2026 #порошковаяпокраска #RAL3015 #зеркалорозовый #ASMR

Сценарий (Reels, ~22 сек):
0-2с: Тёмный фон. В кадр входит пистолет-распылитель. Камера близко - 30 см от сопла. Тишина 1 секунду.
3-7с: Нажатие - облако порошка CIPRIA. ASMR-звук: шипение сопла + лёгкий свист частиц. Крупно - частицы оседают на металле рамы. Цвет RAL 3015 в пыли - нежно-розовый.
8-12с: Камера отъезжает. Видна рама зеркала RAUNTEL L полностью. Покрытие равномерное. Голос за кадром нет - только звук камеры-линии (шипение затихает).
13-17с: Вход в камеру полимеризации - крупно термометр 180°C. Дверь закрывается. Таймер 20 мин (ускорено до 1 сек).
18-20с: Открытая дверь - готовая рама выходит. Крупно поверхность CIPRIA: гладкая, матовая, чуть шелковистая текстура.
21-22с: Стоп-кадр. Текст: «CIPRIA RAL 3015 / dE≤2 / Drop весна 2026 / 7 моделей». Тип аудио: ASMR живой звук производства, без музыки.
В кадре: рама RAUNTEL L / покрытие CIPRIA RAL 3015 / камера покраски / макро-текстура финиша / свет сверху нейтральный",video,"Распылитель наносит покрытие CIPRIA RAL 3015 на раму зеркала, мелкие частицы в воздухе",10.07.2026,
w28-sat-v,28,Сб,V,IG/VK,карусель,"Деталь, которую не видит заказчик",Стык камень-металл: что внутри соединения,«Заказчик видит шов. Богдан видит другое»,контакты,план,,SMM,нет,,"Заказчик видит шов. Богдан видит другое.

Каждый стык камень-металл в изделиях VALONTI - решение, которое принимается до раскроя, а не после подгонки. Показываем на примере Travertino Navona + латунь PVD brushed.

Если проектируете объект, где стыки будут видны на уровне глаз - пришлите ТЗ в личку. Вышлем спеку узла и образцы материалов.

#valonti #travertino #латунь #PVD #стыккамень #авторскиеизделия #дизайнинтерьера #деталь

Сценарий (карусель, 6 слайдов):
Слайд 1: Макро стыка Travertino Navona и латунной вставки PVD brushed. Шов виден. Надпись: «Деталь, которую не видит заказчик. Но которую видит следующий дизайнер». Подпись: «VALONTI».
Слайд 2: Схема-чертёж (от руки или CAD) стыка в разрезе. Стрелки: «камень 20 мм», «компенсационный зазор 0,3 мм», «скрытый крепёж М6». Надпись: «Зазор 0,3 мм - температурное расширение камня при нагреве. Без него через 2 года - скол на торце».
Слайд 3: Фото - латунная вставка до монтажа. PVD brushed крупно - щётка-текстура. Надпись: «Латунь PVD brushed. Кроет в 5 мкм. Не желтеет, не окисляется от влажности».
Слайд 4: Монтаж - рука Богдана вставляет вставку в паз. Крупно. Надпись: «Паз фрезеруется под конкретную вставку. Допуск - 0,1 мм. Иначе люфт при нагрузке».
Слайд 5: Готовый стык в изделии - пространство, дневной свет. Шов чистый, граница Travertino и латуни чёткая. Надпись: «Travertino Navona + латунь PVD. Отделка honed - матовый камень, чуть тёплый тон».
Слайд 6: Текст на нейтральном фоне: «Проектируете объект с камнем и металлом? Пришлите ТЗ - вышлем спеку узла и образцы». CTA кнопка «написать в личку».
В кадре: стык Travertino Navona / латунь PVD brushed / макро торец / рука Богдана / боковой студийный свет",carousel,"Крупный план стыка Travertino Navona и латуни PVD brushed, шов 0,3 мм",11.07.2026,
w29-mon-g,29,Пн,G,IG/VK,Reels,До/после,ORO: ванная до и после RAUNTEL,«Ванная без зеркала. Ванная с RAUNTEL ORO»,охват,план,,SMM,нет,,"Ванная без зеркала. Ванная с RAUNTEL ORO.

До: плитка, раковина, пустая стена над ней. 80 см пространства без работы.
После: RAUNTEL в покрытии ORO - золотой муар BS002, порошковая покраска. К мрамору и латуни встаёт без поиска: тон BS002 разработан под латунные фурнитуры.

LED 3000K по периметру включается от касания - сенсорный модуль. Потребление 12 Вт.

RAUNTEL ORO в наличии на складе. Доставка Москва 1-3 рабочих дня. Размер L: уточни в описании товара.

--> Посмотреть размеры и заказать: ссылка в шапке профиля.

#genglass #RAUNTEL #OROпалитра #зеркалодляванной #дополатуни #BS002 #LEDзеркало #до_после

Сценарий (Reels, ~28 сек):
0-2с: Статичный кадр - ванная, пустая стена над раковиной. Надпись: «ДО». Холодный дневной свет, никакого тепла в кадре.
3-8с: Монтажник прикладывает зеркало RAUNTEL к стене. Кадр со стороны - видно пропорции: зеркало перекрывает пустую стену полностью.
9-14с: Крепёж. Крупно - анкер в стене, рама RAUNTEL фиксируется. Звук: механический щелчок.
15-19с: Включение LED - рука касается сенсора на торце рамы. Свет 3000K обводит периметр. Ванная меняет температуру освещения - теплеет.
20-24с: Медленный панорамный кадр - RAUNTEL ORO над белой раковиной, латунный кран в кадре слева, мраморная столешница. Покрытие ORO BS002 тянет к латуни визуально.
25-28с: Стоп-кадр. Надпись: «RAUNTEL / ORO BS002 / LED 3000K / склад Домодедово». Тип аудио: тихий ambient, нет слов, нарастающий тёплый тон.
В кадре: RAUNTEL зеркало / ORO муар BS002 / ванная латунь-мрамор / LED 3000K включение / свет тёплый боковой",video,"Зеркало RAUNTEL в покрытии ORO над раковиной, латунный кран, мрамор",13.07.2026,
w29-tue-v,29,Вт,V,IG/VK,Reels макро,Материал крупно,Travertino Navona: поры и тактильность,«Тёплый камень. Смотри на поры крупно»,охват целевой,план,,SMM,нет,,"Тёплый камень. Смотри на поры крупно.

Travertino Navona. Натуральный травертин - пористая структура, тёплые бежево-кремовые тона, живая текстура. Отделка honed: матовый финиш без блеска, поры открыты, рука чувствует рельеф.

Каждый слэб Travertino с разным рисунком пор - нет двух одинаковых. Богдан читает рисунок до раскроя и решает, как пустить прожилку по изделию.

Работаете с жилым проектом или хочется добавить тепло в коммерческий объект? Пришлите ТЗ или запросите образец в личку.

#valonti #travertino #travertinonavona #honed #архитектурныйкамень #тёплыйкамень #авторскоеизделие #дизайнер2026

Сценарий (Reels, ~18 сек):
0-2с: Тёплый тон фона - кремовый. Слэб Travertino Navona в кадре горизонтально. Камера сверху, вертикальный спуск.
3-8с: Макро-движение вдоль поры - камера 5 мм от поверхности, медленный трекинг. Видно: открытые поры 0,5-2 мм, бежево-кремовые слои, тёплые полутени.
9-13с: Рука касается поверхности - пальцы скользят медленно. ASMR: лёгкий шорох кожи о матовый камень.
14-16с: Отдаление - видна часть готового изделия (фрагмент столешницы или подоконника). Форма чистая, шов аккуратный.
17-18с: Текст: «Travertino Navona / honed / VALONTI / образец в личку». Тип аудио: тихий ASMR шорох + низкий ambient.
В кадре: Travertino Navona слэб / отделка honed / макро поры / рука Богдана / тёплый боковой свет 3000K",video,"Макросъёмка поры Travertino Navona, отделка honed, тёплый тон поверхности",14.07.2026,
w29-wed-g,29,Ср,G,IG/VK,карусель,Этот VS тот,BIANCO vs CIPRIA: какой под скандинав?,«BIANCO или CIPRIA? Зависит от одного»,сохранения,план,,SMM,нет,,"BIANCO или CIPRIA? Зависит от одного.

Обе палитры работают в скандинавском интерьере. Но у каждой - конкретная задача. Разобрали в карусели.

Сохрани: поможет, когда будешь финально выбирать под свой ремонт.

--> Посмотреть обе палитры вживую: ссылка в шапке профиля.

#genglass #BIANCO #CIPRIA #скандинавскийинтерьер #выборзеркала #RAL9003 #RAL3015 #сравнениепалитр

Сценарий (карусель, 6 слайдов):
Слайд 1: Два зеркала KUVINO L рядом - левое в BIANCO (RAL 9003, белый), правое в CIPRIA (RAL 3015, пудрово-розовый). Надпись: «BIANCO vs CIPRIA. Не ошибись». Фон нейтральный серо-белый.
Слайд 2: Таблица сравнения. Строки: «Цвет по RAL», «С 2020» vs «Drop весна 2026», «Подходит под», «Температура тона», «LED совместимость». Данные точные из фактуры - без прилагательных.
Слайд 3: Интерьер с BIANCO - белый дуб, льняной текстиль, нейтральные стены. Рамка BIANCO читается как объём без цвета. Надпись: «BIANCO RAL 9003: работает как нейтральный контур. Не добавляет цвет - усиливает форму».
Слайд 4: Интерьер с CIPRIA - те же материалы, но есть розовый акцент в текстиле или керамике. Рамка CIPRIA подхватывает этот тон. Надпись: «CIPRIA RAL 3015 dE≤2: нужен хотя бы один розово-пудровый акцент в интерьере. Без него - рамка будет одна в поле».
Слайд 5: Крупно текстуры обеих рам рядом. Надпись: «Обе - порошковая покраска, 3 слоя, полимеризация 180°C. Разница только в цвете».
Слайд 6: CTA - KUVINO L в обеих палитрах на белом фоне. Надпись: «Хочешь оба образца перед выбором? Напиши в Директ». CTA.
В кадре: KUVINO L / BIANCO RAL 9003 и CIPRIA RAL 3015 / скандинавский интерьер / фронтальный ракурс / дневной свет",carousel,"Два зеркала рядом: KUVINO в BIANCO слева и KUVINO в CIPRIA справа, скандинавский интерьер",15.07.2026,
w29-thu-v,29,Чт,V,IG/VK,длинное,Авторский разбор от Богдана,Богдан: почему оникс не для каждого объекта,«Я отказываю клиентам в ониксе. Вот почему»,доверие,план,,Богдан,нет,,"Я отказываю клиентам в ониксе. Вот почему.

Onyx Miele - самый фотогеничный камень в каталоге. Заходят с запросом «хочу оникс везде» чаще, чем с любым другим.

Я три раза из пяти отказываю. Не из-за цены - из-за условий объекта.

Оникс - хрупкий: структура слоистая, по торцу колется легче плотного мрамора. На горизонтальную нагруженную поверхность - например, кухонный стол с ежедневным трафиком - не ставлю. Скол по торцу при ударе даже лёгкого предмета.

Backlit работает только если за плитой есть 40-80 мм для монтажа источника. Нет технической ниши - нет эффекта. Архитектор должен заложить это в проект до начала отделки.

Где оникс работает правильно: вертикальные панели, барные фасады, ниши с подсветкой, декоративные перегородки с нагрузкой только от собственного веса.

Если у вас похожий объект - напишите в личку, разберём техническое задание и пришлём образец Onyx Miele с backlit-подсветкой.

#valonti #богдан #onyxmiele #backlit #камень #разборматериала #дизайнинтерьера #авторскийподход

Сценарий (Reels, ~50 сек):
0-3с: Богдан стоит у слэба Onyx Miele. Подсветка backlit включена - камень светится. Смотрит на камеру. Говорит: «Три раза из пяти я отказываю в ониксе. Сейчас объясню».
4-12с: Крупно рука по поверхности. Голос: «Камень слоистый, по торцу колется легче плотного мрамора. Горизонтальная нагруженная поверхность - риск скола по кромке».
13-20с: Схема на доске или планшете - разрез стены с нишей 40-80 мм для backlit. Голос: «Backlit требует 40-80 мм за плитой. Если ниши нет в проекте - оникс останется просто красивым камнем без эффекта».
21-32с: Примеры правильного применения - фото панели, ниши, барного фасада. Голос за кадром: «Вертикальные панели, декоративные ниши, барные фасады. Здесь оникс делает то, для чего он нужен».
33-42с: Богдан держит образец Onyx Miele размером 20x20 см против источника света. Прожилки проявляются. «Вот этот эффект. Его стоит делать только там, где он работает на 100%».
43-50с: Финальный кадр - Богдан, без позы. Текст: «Хотите разобрать свой объект? Напишите в личку». Тип аудио: живой звук, голос Богдана без музыкального фона.
В кадре: Богдан / слэб Onyx Miele backlit / мастерская / боковой свет / образец в руке",video,"Богдан у слэба Onyx Miele, боковой свет, видны прожилки через подсветку",16.07.2026,
w29-fri-g,29,Пт,G,IG/VK,Reels,Каталог в кадре,TRUBIS Oval: все размеры в одном кадре,«Сколько людей за столом? Смотри на размер»,охват,план,,SMM,нет,,"Сколько людей за столом? Смотри на размер.

TRUBIS Oval - овальные столы на каннелированных основаниях. Производство Домодедово, сталь + порошковая покраска.

Размерный ряд: Oval 120 см (4 человека), Oval 140 см (6 человек), Oval 160 см (8 человек), Oval 180 см (8-10 человек), Oval 200 см (10-12 человек). Все размеры MTO - 10-15 рабочих дней.

Палитры: NERO (RAL 9005 муар), ORO (BS002 муар), BIANCO (RAL 9003). Made-to-Order под другой RAL - уточняй сроки.

--> Выбери размер и запусти расчёт: ссылка в шапке профиля.

#genglass #TRUBISoval #обеденныйстол #овальныйстол #NEROпалитра #метал #столотпроизводителя #домодедово

Сценарий (Reels, ~30 сек):
0-3с: Вид сверху - три стола TRUBIS Oval 120, 160, 200 стоят в ряд на светлом полу. Кадр широкий. Надпись сверху: «Oval 120 / 160 / 200». Тип аудио: ритмичный сухой бит.
4-9с: Камера опускается к Oval 120. Монтаж за столом - 4 силуэта людей (аутлайн, без лиц). Надпись: «Oval 120 - 4 человека / сталь + NERO / MTO 10-15 дней».
10-15с: Переход к Oval 160. 6 силуэтов. Надпись: «Oval 160 - 6 человек / те же палитры / тот же срок».
16-21с: Переход к Oval 200. 10 силуэтов. Надпись: «Oval 200 - 10-12 человек / для большой столовой».
22-26с: Макро оснований - вертикальные каннелюры крупно. Рука по поверхности. Надпись: «Каннелированные основания - порошковая покраска 3 слоя, 180°C».
27-30с: Стоп-кадр. Таблица размеров: 120/140/160/180/200 см. CTA: «Рассчитай свой - ссылка в шапке». Тип аудио: сухой ритм, конец на паузе.
В кадре: TRUBIS Oval 3 размера / NERO RAL 9005 / вид сверху / каннелированные ноги макро / тёплый боковой свет",video,"Три стола TRUBIS Oval разных размеров в ряд, палитра NERO, вид сверху",17.07.2026,
w29-sat-v,29,Сб,V,IG/VK,карусель,Нестандарт под объект,Как VALONTI делает Bespoke для коммерции,"«Объект нестандартный. Рассказываем, как»",контакты,план,,SMM,нет,,"Объект нестандартный. Рассказываем, как.

Компания или архитектор приходят с задачей, под которую нет готового SKU: нестандартный размер, особый материал, специфические крепления. VALONTI работает в режиме Bespoke - срок 20-90 рабочих дней в зависимости от сложности.

Показываем, как выглядит процесс от ТЗ до отгрузки.

Если у вас коммерческий или жилой объект с нестандартными габаритами - пришлите ТЗ в личку. Богдан даст первичную оценку в течение 2 рабочих дней.

#valonti #bespoke #нестандарт #авторскаямебель #коммерческийинтерьер #NeroMarquina #matteblack #дизайнер2026

Сценарий (карусель, 6 слайдов):
Слайд 1: Фото коммерческого пространства - панель из Nero Marquina и стали matte black в зоне рецепции. Надпись: «Нестандартный объект. Bespoke от VALONTI». Подпись: «Срок 20-90 дней в зависимости от задачи».
Слайд 2: Скетч ТЗ от дизайнера (от руки, на чертёжной бумаге) - план ниши, размеры, материалы. Надпись: «Шаг 1. ТЗ. Размер, материал, крепление, место установки. Богдан изучает за 2 рабочих дня».
Слайд 3: Подбор слэба - два слэба Nero Marquina лежат рядом, Богдан смотрит на рисунок. Надпись: «Шаг 2. Подбор камня. Каждый слэб уникален по рисунку - выбираем вместе с дизайнером под объект».
Слайд 4: Производство - раскрой камня, фрезерование паза под металлическую вставку. Надпись: «Шаг 3. Производство. Раскрой, фрезеровка, монтаж крепежа. Допуск на стык - 0,1 мм».
Слайд 5: Готовое изделие на упаковке перед отгрузкой - Nero Marquina панель в деревянном крейте. Надпись: «Шаг 4. Упаковка и отгрузка. Крейт под каждое изделие. Монтажная схема прилагается».
Слайд 6: Смонтированная панель в пространстве. Надпись: «Bespoke / Nero Marquina + сталь matte black / VALONTI. Запрос ТЗ - в личку». CTA.
В кадре: Nero Marquina панель / сталь matte black / коммерческое пространство / рецепция / боковой свет с правой стороны",carousel,Bespoke панель из Nero Marquina и стали matte black в коммерческом пространстве,18.07.2026,
w30-mon-g,30,Пн,G,IG/VK,Reels,До/после,Прихожая CIPRIA: до и после,«Было лепнина 90-х. Стало CIPRIA»,охват,план,,SMM,нет,,"«Было лепнина 90-х. Стало CIPRIA»

Хозяйка квартиры в Москве попросила одно: «Чтобы прихожая перестала давить».

До - тёмный шкаф, зеркало в золотой рамке из торгового центра, потолок ниже, чем кажется.
После - EVELIX S (104×54 см) в CIPRIA, пудрово-розовый RAL 3015 с допуском dE≤2. Стена не изменилась. Восприятие - полностью.

CIPRIA вышла в Drop весна 2026 как часть линии Quiet Luxury. 7 моделей, In-Stock на складе в Домодедово, отправка 1-3 рабочих дня.

Если прихожая сейчас собирает всё лишнее - смотрите до конца.

Подобрать зеркало под ваш проект - ссылка в профиле.

#GENGLASS #зеркалоCIPRIA #EVELIX #прихожаяDIY #ремонтквартиры #зеркалолофт #Reels #интерьерМосква

Сценарий (Reels, ~25сек):
0-2с: статичный кадр прихожей «до» - тёмная, перегруженная, снято с уровня пола, тусклый свет. Текст на экране: «до».
3-6с: монтаж-вспышка. Пустая белая стена. Рука монтажника раскрывает упаковку - видна матовая пудровая рамка CIPRIA.
7-12с: макро рамки: порошковое покрытие RAL 3015, угол, соединение. Тихий ASMR - пальцы скользят по металлу.
13-18с: кадр «после» - EVELIX S на стене, дневной свет из открытой двери, лаконичная полка, светлый пол. Текст на экране: «CIPRIA, Drop 2026».
19-22с: разворот на 30 градусов вокруг зеркала - отражение пространства.
23-25с: финальный стоп-кадр. Текст: «In-Stock. Склад Домодедово. 1-3 дня». Голос за кадром: «Ссылка в профиле».
Аудио: атмосферный минимал без слов, темп 80-90 bpm.

В кадре: EVELIX S / CIPRIA RAL 3015 / фронт и 30-градусный разворот / дневной боковой свет",video,Прихожая до ремонта и после - зеркало EVELIX S в CIPRIA на фоне белой стены,20.07.2026,
w30-tue-v,30,Вт,V,IG/VK,Reels макро,Материал крупно,Onyx Miele backlit - свет внутри,"«Камень, который светится изнутри»",охват целевой,план,,SMM,нет,,"«Камень, который светится изнутри»

Onyx Miele в отделке backlit - не спецэффект. Это физика камня.

Оникс пропускает свет через толщу 20-25 мм. Медовые и янтарные прожилки каждой плиты - неповторимый рисунок, который виден только при подсветке. Два изделия из одного блока никогда не будут идентичными.

Металл в паре: латунь PVD brushed - поддерживает тёплый регистр без перегрева.

Это authored piece. Каждое изделие проходит через Богдана от выбора блока до сборки.

Для проектов, где свет - часть сценографии пространства.

Образец и спека - в личку.

#VALONTI #OnyxMiele #backlit #камень #дизайнеринтерьера #авторскаямебель #интерьер2026 #материалкрупно

Сценарий (Reels, ~20сек):
0-2с: полная темнота. Медленно появляется подсветка снизу плиты Onyx Miele. Текст на экране: «Onyx Miele. Backlit».
3-7с: макро - прожилки при нарастающем свете. Камера движется по поверхности слева направо, фокус меняется - сначала передний план, потом глубина.
8-12с: взгляд сбоку на толщину плиты 22 мм - видно, как свет проходит насквозь. Рядом - латунный элемент PVD brushed, отблеск.
13-17с: отдаление до уровня изделия целиком. Пространство вокруг тёмное - только камень светится. Текст на экране: «authored piece».
18-20с: стоп-кадр, гаснет свет. Текст: «Образец и спека - в личку». Тишина + один тихий звук выключения света.
Аудио: тихий эмбиент, практически тишина, акцент на визуальном ряду.

В кадре: Onyx Miele плита 22 мм / backlit подсветка / макро прожилки / латунь PVD brushed / тёмный студийный фон",video,Плита Onyx Miele с подсветкой backlit - медовые прожилки светятся на тёмном фоне,21.07.2026,
w30-wed-g,30,Ср,G,IG/VK,карусель,Сколько стоит на самом деле,Три бюджета: прихожая со стеклом,«Прихожая со стеклом: 3 бюджета честно»,сохранения,план,,SMM,нет,,"«Прихожая со стеклом: 3 бюджета честно»

Часто спрашивают: «А сколько вообще это стоит?» Отвечаем без округлений.

Сохраните карусель - пригодится при разговоре с дизайнером или при расчёте сметы.

Рассчитать свой комплект - ссылка в профиле.

#GENGLASS #прихожая #бюджетремонта #зеркало #стеллаж #интерьер #ценыназеркала #сколькостоит

Сценарий (карусель, 6 слайдов):
Слайд 1: обложка. Тёмный фон, крупный текст: «Прихожая со стеклом. 3 бюджета - без скрытого». Подпись мелко: «листайте».
Слайд 2: Эконом. Фото RAUNTEL L NERO на белой стене + крючки. Надпись: «Эконом: зеркало RAUNTEL L NERO (In-Stock, 1-3 дня) + 2 крючка. Старт от 18 000 руб. Что входит: зеркало 1 шт., монтаж включён при самовывозе из Домодедово».
Слайд 3: Оптимум. Фото EVELIX S ORO + стеллаж TRUBIS. Надпись: «Оптимум: EVELIX S ORO + стеллаж TRUBIS 37×100×180. Комплект «Прихожая» - скидка 8%. Срок: зеркало In-Stock, стеллаж 20-30 дней».
Слайд 4: Премиум. Фото KUVINO L CIPRIA + консоль + перегородка рифлёное стекло. Надпись: «Премиум: KUVINO L CIPRIA + консоль (Bespoke) + перегородка рифлёное стекло. Bespoke срок 20-90 дней. Скидка на комплект 12%».
Слайд 5: таблица сравнения. 3 столбца (Эконом / Оптимум / Премиум), строки: состав / срок / скидка / цвет под заказ. Цифры крупно.
Слайд 6: CTA. Светлый фон, текст: «Какой вариант ваш? Рассчитаем точную смету за 24 часа. Ссылка в профиле». Логотип GENGLASS внизу.

В кадре: RAUNTEL L / EVELIX S / KUVINO L / палитры NERO, ORO, CIPRIA / инфографика с цифрами на нейтральном фоне",carousel,Карусель: три варианта прихожей с зеркалами GENGLASS на разных бюджетах,22.07.2026,
w30-thu-v,30,Чт,V,IG/VK,длинное,Авторский разбор от Богдана,Богдан: как выбирают блок Nero Marquina,«Почему я отказываю в 30% заявок на Nero Marquina»,доверие,план,,Богдан,нет,,"«Почему я отказываю в 30% заявок на Nero Marquina»

Меня зовут Богдан, я автор каждого изделия VALONTI.

Nero Marquina - чёрный мрамор с белой прожилкой. Один из самых капризных материалов, с которыми я работаю. Расскажу, почему часть заявок я закрываю сразу.

Первый вопрос, который я задаю: где будет стоять изделие? Nero Marquina - полированный, он держит влагу иначе, чем honed. В санузле без вентиляции через 3-4 года он начнёт тянуть влагу в микротрещины прожилок. Я не делаю изделие, которое не выживет.

Второе: какой рисунок нужен? Каждый блок Nero Marquina уникален по ширине и углу прожилки. Я выбираю блок под проект, не наоборот. Если у клиента референс с диагональной прожилкой - мне нужно найти блок с таким рисунком. Иногда это занимает 2-3 недели.

Третье: металл. Nero Marquina с матовой сталью matte black - жёстко, контрастно, как должно быть. С латунью PVD brushed - теплее, мягче. Я всегда прошу дизайнера прислать финальный план освещения, прежде чем рекомендовать отделку металла.

Если вы прочитали это и хотите работать именно так - напишите в личку. Я отвечу сам.

Образец Nero Marquina + спека - по запросу.

#VALONTI #БогданVALONTI #NeroMarquina #авторскаямебель #дизайнеринтерьера #камень #мрамор #материалы2026

Сценарий (Reels, ~45сек):
0-3с: Богдан стоит у рабочего стола, в руках небольшой образец Nero Marquina. Говорит в камеру: «Я отказываю примерно в трети заявок. Вот почему».
4-12с: крупный план образца - белая прожилка, рука Богдана показывает микроструктуру поверхности. Голос: «Полированный Nero Marquina и влажная среда - это риск, который я объясняю сразу».
13-22с: Богдан листает телефон с референсами - показывает разные варианты прожилок. Голос: «Рисунок у каждого блока свой. Иногда ждём нужный блок 2-3 недели».
23-33с: стол с образцами металла рядом с плитой. Богдан кладёт рядом латунь PVD brushed и matte black, смотрит при разном свете. Голос: «Отделку металла выбираю после плана освещения - не до».
34-40с: средний план Богдана, прямо в камеру: «Если вам важно именно так - напишите. Отвечу сам».
41-45с: финальный кадр - изделие VALONTI с Nero Marquina целиком. Текст на экране: «Образец и спека - в личку». Без музыки, только натуральный звук мастерской.
Аудио: живой звук мастерской, без фоновой музыки.

В кадре: Богдан / образцы Nero Marquina / латунь PVD brushed и matte black / рабочий стол / естественный свет мастерской",video,"Богдан у плиты Nero Marquina - указывает на прожилки, рядом инструмент для проверки поверхности",23.07.2026,
w30-fri-g,30,Пт,G,IG/VK,Reels,ASMR-процесс,Порошковая покраска TRUBIS NERO: звук и цвет,«Как рождается NERO RAL 9005 - без слов»,охват,план,,SMM,нет,,"«Как рождается NERO RAL 9005 - без слов»

Порошковая покраска - не краска из баллончика.

Основание стола TRUBIS проходит: пескоструй, обезжиривание, напыление порошка RAL 9005, печь 180-200 °C. Итог - равномерная матовая плёнка толщиной 60-80 мкм. Она не царапается ногтем и не желтеет через год.

NERO - первая палитра GENGLASS, запущена в 2018. Держится как хит именно из-за этого покрытия.

In-Stock: столы TRUBIS L90, L100, L110 в NERO - на складе Домодедово. Срок 10-15 рабочих дней (металл + покрытие).

Смотрите без звука - тоже работает.

Выбрать стол под размер комнаты - ссылка в профиле.

#GENGLASS #TRUBIS #NERO #порошковаяпокраска #столRAL9005 #производствомебели #ASMR #лофтинтерьер

Сценарий (Reels, ~30сек):
0-2с: металлическое основание стола TRUBIS на конвейерной подвеске - голый металл после пескоструя. ASMR: тихий шум цеха.
3-7с: макро - напыление порошка. Частицы RAL 9005 оседают на поверхность равномерно. Камера держит одну точку, фокус - как порошок «садится». ASMR: шипение напыления.
8-14с: изделие заезжает в печь. Через смотровое окно видно, как порошок плавится и выравнивается. ASMR: тихий гул печи.
15-20с: остывшая деталь выходит. Рука мастера проводит по поверхности - матовый чёрный. Макро поверхности: ни пузырей, ни потёков. Текст на экране: «60-80 мкм. NERO RAL 9005».
21-26с: собранный стол TRUBIS L100 в кадре целиком - студийный свет сбоку, матовая чёрная поверхность. Текст: «In-Stock. Склад Домодедово».
27-30с: финал. Текст: «Выбрать размер - ссылка в профиле». ASMR: тишина + один тихий металлический звук.
Аудио: ASMR производственные звуки - без музыки, только цех.

В кадре: TRUBIS L100 основание / порошок RAL 9005 / процесс покраски и печи / готовая матовая поверхность / боковой студийный свет",video,Стол TRUBIS в процессе порошковой покраски - равномерный слой NERO RAL 9005 под лампой,24.07.2026,
w30-sat-v,30,Сб,V,IG/VK,карусель,"Деталь, которую не видит заказчик",5 деталей стыковки камень-металл в VALONTI,"«Стык камня и металла: 5 мест, где прячется брак»",контакты,план,,SMM,нет,,"«Стык камня и металла: 5 мест, где прячется брак»

Когда дизайнер принимает изделие, он смотрит на поверхность. Богдан смотрит на стыки.

Сохраните этот разбор: пригодится при приёмке любого изделия из камня и металла - не только VALONTI.

Если хотите разобрать конкретный объект - образец и спека по запросу в личку.

#VALONTI #камень #латунь #деталь #дизайнеринтерьера #приёмкакачества #авторскаямебель #NeroMarquina

Сценарий (карусель, 7 слайдов):
Слайд 1: обложка. Тёмный фон, макро стыка латуни и Nero Marquina. Текст крупно: «5 мест, где прячется брак. Разбор от Богдана». Мелко: «листайте».
Слайд 2: Деталь 1 - зазор в стыке. Макро фото зазора менее 0,3 мм между металлом и камнем. Надпись: «Зазор. Норма - до 0,3 мм. Больше - влага, трещина через год. У нас допуск 0,1-0,2 мм». Стрелка на стыке.
Слайд 3: Деталь 2 - угол камня. Макро скошенного угла Travertino Navona. Надпись: «Угол камня. Фаска 1×45° - стандарт. Без неё угол скалывается при первом ударе. Мы делаем фаску на всех открытых торцах».
Слайд 4: Деталь 3 - PVD на сварном шве. Макро сварного шва латуни после PVD brushed. Надпись: «PVD на шве. Плохой вариант: покрытие ложится поверх непрошлифованного шва - видно рельеф. Мы шлифуем до Ra 0,4 перед PVD».
Слайд 5: Деталь 4 - backlit прокладка. Разрез схемы подсветки оникса. Надпись: «Прокладка под подсветку Onyx Miele. Без диффузора - видны точки LED. С диффузором 3 мм - ровное свечение по всей плите. Мы ставим диффузор всегда».
Слайд 6: Деталь 5 - крепёж скрытый. Фото снизу изделия - скрытые закладные. Надпись: «Крепёж. Видимые болты на лицевой стороне - признак экономии на проектировании. Все крепёжные точки VALONTI - скрытые закладные».
Слайд 7: CTA. Нейтральный фон, текст: «Хотите разобрать конкретный проект? Богдан ответит лично. Образец и спека - в личку». Логотип VALONTI.

В кадре: макро стыков / Nero Marquina + латунь PVD brushed / Travertino Navona торец / Onyx Miele разрез / нейтральный тёмный фон / инструментальный свет",carousel,"Карусель: макро стыков камня и металла в изделиях VALONTI - латунь, мрамор, зазоры",25.07.2026,
