Кампания;Тир;Канал;Группа;Ключевая фраза;Статус
Поиск-СЧ;СЧ;Поиск;"Лофт перегородки";"[лофт] [перегородки] -раздвижные -дверью -производителя -стеклянные -цена -заказ -купить -стиле -стеллаж -зонирования";ON
Поиск-СЧ;СЧ;Поиск;"Лофт перегородки | Стиле";"[перегородки] [стиле] [лофт] -москва";ON
Поиск-СЧ;СЧ;Поиск;"Лофт перегородки | Купить";"[лофт] [перегородки] [купить]";ON
Поиск-СЧ;СЧ;Поиск;"Лофт перегородки | Заказ";"[лофт] [перегородки] [заказ]";ON
Поиск-СЧ;СЧ;Поиск;"Лофт перегородки | Цена";"[лофт] [перегородки] [цена]";ON
Поиск-СЧ;СЧ;Поиск;"Лофт перегородки | Стекла Металла";"[перегородки] [лофт] [стекла] [металла]";ON
Поиск-СЧ;СЧ;Поиск;"Лофт перегородки | Стеклянные";"[стеклянные] [перегородки] [лофт]";ON
Поиск-СЧ;СЧ;Поиск;"Лофт перегородки | Зонирования";"[лофт] [перегородки] [зонирования]";ON
Поиск-СЧ;СЧ;Поиск;"Лофт перегородки | Стиле Москва";"[перегородки] [стиле] [лофт] [москва]";ON
Поиск-СЧ;СЧ;Поиск;"Лофт перегородки | Производителя";"[лофт] [перегородки] [производителя]";ON
Поиск-СЧ;СЧ;Поиск;"Лофт перегородки | Дверью";"[перегородки] [лофт] [дверью]";ON
Поиск-СЧ;СЧ;Поиск;"Лофт перегородки | Раздвижные";"[раздвижные] [лофт] [перегородки]";ON
Поиск-ВЧ;ВЧ;Поиск;"Межкомнатные перегородки";"[межкомнатные] [перегородки]";ON
Поиск-ВЧ;ВЧ;Поиск;"Межкомнатные перегородки | Заказ";"[межкомнатные] [перегородки] [заказ]";ON
Поиск-ВЧ;ВЧ;Поиск;"Межкомнатные перегородки | Купить";"[межкомнатные] [перегородки] [купить]";ON
Поиск-ВЧ;ВЧ;Поиск;"Межкомнатные перегородки | Цена";"[межкомнатные] [перегородки] [цена]";ON
Поиск-ВЧ;ВЧ;Поиск;"Межкомнатные перегородки | Москве";"[межкомнатные] [перегородки] [москве]";ON
Поиск-ВЧ;ВЧ;Поиск;"Межкомнатные перегородки | Производителя";"[межкомнатные] [перегородки] [производителя]";ON
Поиск-ВЧ;ВЧ;Поиск;"Межкомнатные перегородки | Квартиру";"[межкомнатные] [перегородки] [квартиру]";ON
Поиск-ВЧ;ВЧ;Поиск;"Межкомнатные перегородки | Стеклянные";"[стеклянные] [межкомнатные] [перегородки]";ON
Поиск-ВЧ;ВЧ;Поиск;"Перегородки | Заказ";"[перегородки] [заказ] -стационарные -стальные -складные -распашные -стеллаж -раздвижные -каскадные -телескопические -гармошка -зонирования -матовые -зеркальные -эксклюзивные -дизайнерские -радиусные -арочные -размерам -межкомнатные -лофт -дверью";ON
Поиск-ВЧ;ВЧ;Поиск;"Перегородки | Заказ Размерам";"[перегородки] [заказ] [размерам] -раздвижные";ON
Поиск-ВЧ;ВЧ;Поиск;"Перегородки | Изготовление Перегородок";"[изготовление] [перегородок] -раздвижные -телескопических -зеркальных";ON
Поиск-ВЧ;ВЧ;Поиск;"Перегородки | Производство Перегородок";"[производство] [перегородок] -раздвижные";ON
Поиск-ВЧ;ВЧ;Поиск;"Перегородки | Ключ";"[перегородки] [ключ] -раздвижные -телескопическая";ON
Поиск-ВЧ;ВЧ;Поиск;"Перегородки | Установкой";"[перегородки] [установкой] -раздвижные -каскадные";ON
Поиск-НЧ;НЧ;Поиск;"Арочные перегородки";"[арочные] [перегородки] -москве -дверью -цена -стеклянные -купить -заказ -стекла";ON
Поиск-НЧ;НЧ;Поиск;"Арочные перегородки | Заказ";"[арочные] [перегородки] [заказ]";ON
Поиск-НЧ;НЧ;Поиск;"Арочные перегородки | Стекла";"[арочные] [перегородки] [стекла]";ON
Поиск-НЧ;НЧ;Поиск;"Арочные перегородки | Купить";"[арочная] [перегородка] [купить]";ON
Поиск-НЧ;НЧ;Поиск;"Арочные перегородки | Стеклянные";"[арочные] [стеклянные] [перегородки]";ON
Поиск-НЧ;НЧ;Поиск;"Арочные перегородки | Радиусные";"[радиусные] [перегородки] -заказ";ON
Поиск-НЧ;НЧ;Поиск;"Арочные перегородки | Радиусные Заказ";"[радиусные] [перегородки] [заказ]";ON
Поиск-НЧ;НЧ;Поиск;"Арочные перегородки | Цена";"[арочные] [перегородки] [цена]";ON
Поиск-НЧ;НЧ;Поиск;"Арочные перегородки | Дверью";"[арочная] [перегородка] [дверью]";ON
Поиск-НЧ;НЧ;Поиск;"Арочные перегородки | Москве";"[арочные] [перегородки] [москве]";ON
Поиск-НЧ;НЧ;Поиск;"Дизайнерские перегородки";"[дизайнерские] [перегородки] -москве -цена -стеклянные -купить -заказ -зонирования";ON
Поиск-НЧ;НЧ;Поиск;"Дизайнерские перегородки | Заказ";"[дизайнерские] [перегородки] [заказ]";ON
Поиск-НЧ;НЧ;Поиск;"Дизайнерские перегородки | Купить";"[дизайнерские] [перегородки] [купить]";ON
Поиск-НЧ;НЧ;Поиск;"Дизайнерские перегородки | Зонирования";"[дизайнерские] [перегородки] [зонирования]";ON
Поиск-НЧ;НЧ;Поиск;"Дизайнерские перегородки | Премиум Класса";"[перегородки] [премиум] [класса]";ON
Поиск-НЧ;НЧ;Поиск;"Дизайнерские перегородки | Эксклюзивные Заказ";"[эксклюзивные] [перегородки] [заказ]";ON
Поиск-НЧ;НЧ;Поиск;"Дизайнерские перегородки | Стеклянные";"[дизайнерские] [стеклянные] [перегородки]";ON
Поиск-НЧ;НЧ;Поиск;"Дизайнерские перегородки | Цена";"[дизайнерские] [перегородки] [цена]";ON
Поиск-НЧ;НЧ;Поиск;"Дизайнерские перегородки | Москве";"[дизайнерские] [перегородки] [москве]";ON
Поиск-НЧ;НЧ;Поиск;"Дизайнерские перегородки | Дизайн Проекту";"[перегородки] [дизайн] [проекту]";ON
Поиск-НЧ;НЧ;Поиск;"Зеркальные перегородки";"[зеркальные] [перегородки]";ON
Поиск-НЧ;НЧ;Поиск;"Зеркальные перегородки | Купить";"[зеркальные] [перегородки] [купить]";ON
Поиск-НЧ;НЧ;Поиск;"Зеркальные перегородки | Заказ";"[зеркальные] [перегородки] [заказ]";ON
Поиск-НЧ;НЧ;Поиск;"Зеркальные перегородки | Зонирования";"[зеркальные] [перегородки] [зонирования]";ON
Поиск-НЧ;НЧ;Поиск;"Зеркальные перегородки | Цена";"[зеркальные] [перегородки] [цена]";ON
Поиск-НЧ;НЧ;Поиск;"Зеркальные перегородки | Межкомнатные";"[зеркальные] [перегородки] [межкомнатные]";ON
Поиск-НЧ;НЧ;Поиск;"Зеркальные перегородки | Комнату";"[зеркальная] [перегородка] [комнату]";ON
Поиск-НЧ;НЧ;Поиск;"Зеркальные перегородки | Раздвижные";"[зеркальные] [раздвижные] [перегородки]";ON
Поиск-НЧ;НЧ;Поиск;"Зеркальные перегородки | Москве";"[зеркальные] [перегородки] [москве]";ON
Поиск-НЧ;НЧ;Поиск;"Зеркальные перегородки | Изготовление Зеркальных Перегородок";"[изготовление] [зеркальных] [перегородок]";ON
Поиск-НЧ;НЧ;Поиск;"Перегородки стекло металл";"[перегородки] [стекло] [металл] -лофт";ON
Поиск-НЧ;НЧ;Поиск;"Матовые перегородки";"[матовые] [перегородки] -производителя -цена -заказ -купить -москве -зонирования";ON
Поиск-НЧ;НЧ;Поиск;"Матовые перегородки | Купить";"[матовые] [перегородки] [купить]";ON
Поиск-НЧ;НЧ;Поиск;"Матовые перегородки | Заказ";"[матовые] [перегородки] [заказ]";ON
Поиск-НЧ;НЧ;Поиск;"Матовые перегородки | Цена";"[матовые] [перегородки] [цена]";ON
Поиск-НЧ;НЧ;Поиск;"Матовые перегородки | Зонирования";"[матовые] [перегородки] [зонирования]";ON
Поиск-НЧ;НЧ;Поиск;"Матовые перегородки | Москве";"[матовые] [перегородки] [москве]";ON
Поиск-НЧ;НЧ;Поиск;"Матовые перегородки | Производителя";"[матовые] [перегородки] [производителя]";ON
Поиск-ВЧ;ВЧ;Поиск;"Перегородки для зонирования комнаты";"[перегородки] [зонирования] -стационарная -металлические -телескопическая -гармошка -заказ -зеркальные -стеллаж -каскадная -студии -стеклянные -купить -квартиры -матовые -дизайнерские -складные -раздвижные -лофт -комнаты -пространства";ON
Поиск-ВЧ;ВЧ;Поиск;"Перегородки для зонирования комнаты | Пространства";"[перегородки] [зонирования] [пространства]";ON
Поиск-ВЧ;ВЧ;Поиск;"Перегородки для зонирования комнаты | Квартиры";"[перегородки] [зонирования] [квартиры]";ON
Поиск-ВЧ;ВЧ;Поиск;"Перегородки для зонирования комнаты | Купить";"[перегородки] [зонирования] [купить]";ON
Поиск-ВЧ;ВЧ;Поиск;"Перегородки для зонирования комнаты | Заказ";"[перегородки] [зонирования] [заказ]";ON
Поиск-ВЧ;ВЧ;Поиск;"Перегородки для зонирования комнаты | Цена";"[перегородка] [зонирования] [комнаты] [цена]";ON
Поиск-ВЧ;ВЧ;Поиск;"Перегородки для зонирования комнаты";"[перегородки] [зонирования] [комнаты] -цена -стеллаж -раздвижные";ON
Поиск-ВЧ;ВЧ;Поиск;"Перегородки для зонирования комнаты | Стеклянные";"[стеклянные] [перегородки] [зонирования]";ON
Поиск-ВЧ;ВЧ;Поиск;"Перегородки для зонирования комнаты | Студии";"[перегородки] [зонирования] [студии]";ON
Поиск-СЧ;СЧ;Поиск;"Перегородки с дверью";"[перегородки] [дверью] -маятниковой -распашной -цена -купить -арочная -лофт -раздвижной -стеклянной -межкомнатная -заказ";ON
Поиск-СЧ;СЧ;Поиск;"Перегородки с дверью | Стеклянной";"[перегородка] [стеклянной] [дверью] -распашная -раздвижные";ON
Поиск-СЧ;СЧ;Поиск;"Перегородки с дверью | Купить";"[перегородка] [дверью] [купить]";ON
Поиск-СЧ;СЧ;Поиск;"Перегородки с дверью | Заказ";"[перегородки] [дверью] [заказ]";ON
Поиск-СЧ;СЧ;Поиск;"Перегородки с дверью | Цена";"[перегородка] [дверью] [цена]";ON
Поиск-СЧ;СЧ;Поиск;"Перегородки с дверью | Межкомнатная";"[межкомнатная] [перегородка] [дверью]";ON
Поиск-СЧ;СЧ;Поиск;"Перегородки с дверью | Стеклянной";"[перегородка] [стеклянной] [дверью]";ON
Поиск-СЧ;СЧ;Поиск;"Перегородки с дверью | Распашной";"[перегородка] [распашной] [дверью] -стеклянная";ON
Поиск-СЧ;СЧ;Поиск;"Перегородки с дверью | Раздвижной";"[перегородки] [раздвижной] [дверью] -вместо -стеклянные";ON
Поиск-СЧ;СЧ;Поиск;"Перегородки с декоративным стеклом";"[перегородки] [декоративным] [стеклом] -купить";ON
Поиск-СЧ;СЧ;Поиск;"Перегородки с декоративным стеклом | Рифленым";"[перегородки] [рифленым] [стеклом]";ON
Поиск-СЧ;СЧ;Поиск;"Перегородки с декоративным стеклом | Фактурным";"[перегородки] [фактурным] [стеклом]";ON
Поиск-СЧ;СЧ;Поиск;"Перегородки с декоративным стеклом | Тонированным";"[перегородки] [тонированным] [стеклом]";ON
Поиск-СЧ;СЧ;Поиск;"Перегородки с декоративным стеклом | Стекло Купить";"[декоративное] [стекло] [перегородки] [купить]";ON
Поиск-СЧ;СЧ;Поиск;"Перегородки с декоративным стеклом | Цветным";"[перегородки] [цветным] [стеклом]";ON
Поиск-СЧ;СЧ;Поиск;"Перегородки-гармошки";"[перегородки] [гармошка] -стеклянные -зонирования -заказ -купить -межкомнатная -складные";ON
Поиск-СЧ;СЧ;Поиск;"Перегородки-гармошки | Купить";"[перегородка] [гармошка] [купить]";ON
Поиск-СЧ;СЧ;Поиск;"Перегородки-гармошки | Заказ";"[перегородки] [гармошка] [заказ]";ON
Поиск-СЧ;СЧ;Поиск;"Перегородки-гармошки | Зонирования";"[перегородка] [гармошка] [зонирования]";ON
Поиск-СЧ;СЧ;Поиск;"Перегородки-гармошки | Межкомнатная";"[перегородка] [гармошка] [межкомнатная]";ON
Поиск-НЧ;НЧ;Поиск;"Телескопические перегородки | Раздвижные";"[телескопические] [раздвижные] [перегородки]";ON
Поиск-НЧ;НЧ;Поиск;"Телескопические перегородки | Цена";"[телескопические] [перегородки] [цена]";ON
Поиск-НЧ;НЧ;Поиск;"Телескопические перегородки | Стеклянные";"[телескопические] [перегородки] [стеклянные]";ON
Поиск-НЧ;НЧ;Поиск;"Телескопические перегородки | Производителя";"[телескопические] [перегородки] [производителя]";ON
Поиск-НЧ;НЧ;Поиск;"Телескопические перегородки | Заказ";"[телескопические] [перегородки] [заказ]";ON
Поиск-НЧ;НЧ;Поиск;"Телескопические перегородки | Москва";"[телескопические] [перегородки] [москва]";ON
Поиск-НЧ;НЧ;Поиск;"Телескопические перегородки | Купить";"[телескопические] [перегородки] [купить]";ON
Поиск-НЧ;НЧ;Поиск;"Телескопические перегородки";"[телескопические] [перегородки] -изготовление -зонирования -ключ -купить -москва -заказ -производителя -стеклянные -цена -раздвижные";ON
Поиск-НЧ;НЧ;Поиск;"Телескопические перегородки | Телескопическая Ключ";"[телескопическая] [перегородка] [ключ]";ON
Поиск-НЧ;НЧ;Поиск;"Телескопические перегородки | Телескопическая Зонирования";"[телескопическая] [перегородка] [зонирования]";ON
Поиск-НЧ;НЧ;Поиск;"Телескопические перегородки | Телескоп";"[перегородка] [телескоп]";ON
Поиск-НЧ;НЧ;Поиск;"Телескопические перегородки | Изготовление Телескопических Перегородок";"[изготовление] [телескопических] [перегородок]";ON
Поиск-НЧ;НЧ;Поиск;"Каскадные перегородки | Раздвижные";"[каскадные] [раздвижные] [перегородки]";ON
Поиск-НЧ;НЧ;Поиск;"Каскадные перегородки | Цена";"[каскадные] [перегородки] [цена]";ON
Поиск-НЧ;НЧ;Поиск;"Каскадные перегородки | Установкой";"[каскадные] [перегородки] [установкой]";ON
Поиск-НЧ;НЧ;Поиск;"Каскадные перегородки | Производителя";"[каскадные] [перегородки] [производителя]";ON
Поиск-НЧ;НЧ;Поиск;"Каскадные перегородки | Заказ";"[каскадные] [перегородки] [заказ]";ON
Поиск-НЧ;НЧ;Поиск;"Каскадные перегородки | Москва";"[каскадные] [перегородки] [москва]";ON
Поиск-НЧ;НЧ;Поиск;"Каскадные перегородки | Купить";"[каскадные] [перегородки] [купить]";ON
Поиск-НЧ;НЧ;Поиск;"Каскадные перегородки | Межкомнатная";"[каскадная] [перегородка] [межкомнатная]";ON
Поиск-НЧ;НЧ;Поиск;"Каскадные перегородки";"[каскадные] [перегородки] -межкомнатная -москва -заказ -производителя -установкой -цена -зонирования -купить -раздвижные";ON
Поиск-НЧ;НЧ;Поиск;"Каскадные перегородки | Каскад";"[перегородка] [каскад]";ON
Поиск-ВЧ;ВЧ;Поиск;"Раздвижные перегородки";"[раздвижные] [перегородки] -купе -офиса -студию -замер -размерам -производителя -производство -изготовление -монтажом -установкой -ключ -стоимость -заказать -заказ -телескопические -зеркальные -лофт -проем -Москве -гардеробной -гостиную -квартиру -недорого -цена -купить -дверью -зонирования -каскадные -стеклянные -межкомнатные";ON
Поиск-ВЧ;ВЧ;Поиск;"Раздвижные перегородки | Стеклянные";"[раздвижные] [стеклянные] [перегородки] -комнату -двери";ON
Поиск-ВЧ;ВЧ;Поиск;"Раздвижные перегородки | Межкомнатные";"[раздвижные] [перегородки] [межкомнатные] -зонирования";ON
Поиск-ВЧ;ВЧ;Поиск;"Раздвижные перегородки | Купить";"[раздвижные] [перегородки] [купить]";ON
Поиск-ВЧ;ВЧ;Поиск;"Раздвижные перегородки | Цена";"[раздвижные] [перегородки] [цена]";ON
Поиск-ВЧ;ВЧ;Поиск;"Раздвижные перегородки | Заказ";"[раздвижные] [перегородки] [заказ] -размерам";ON
Поиск-ВЧ;ВЧ;Поиск;"Раздвижные перегородки | Заказать";"[раздвижные] [перегородки] [заказать]";ON
Поиск-ВЧ;ВЧ;Поиск;"Раздвижные перегородки | Стоимость";"[раздвижные] [перегородки] [стоимость] -рассчитать";ON
Поиск-ВЧ;ВЧ;Поиск;"Раздвижные перегородки | Сколько Стоит";"[сколько] [стоит] [раздвижная] [перегородка]";ON
Поиск-ВЧ;ВЧ;Поиск;"Раздвижные перегородки | Ключ";"[раздвижные] [перегородки] [ключ]";ON
Поиск-ВЧ;ВЧ;Поиск;"Раздвижные перегородки | Установкой";"[раздвижные] [перегородки] [установкой]";ON
Поиск-ВЧ;ВЧ;Поиск;"Раздвижные перегородки | Монтажом";"[раздвижные] [перегородки] [монтажом]";ON
Поиск-ВЧ;ВЧ;Поиск;"Раздвижные перегородки | Изготовление";"[раздвижные] [перегородки] [изготовление]";ON
Поиск-ВЧ;ВЧ;Поиск;"Раздвижные перегородки | Производство";"[раздвижные] [перегородки] [производство]";ON
Поиск-ВЧ;ВЧ;Поиск;"Раздвижные перегородки | Производителя";"[раздвижные] [перегородки] [производителя]";ON
Поиск-ВЧ;ВЧ;Поиск;"Раздвижные перегородки | Размерам";"[раздвижные] [перегородки] [размерам] -заказ";ON
Поиск-ВЧ;ВЧ;Поиск;"Раздвижные перегородки | Заказ Размерам";"[раздвижные] [перегородки] [заказ] [размерам]";ON
Поиск-ВЧ;ВЧ;Поиск;"Раздвижные перегородки | Недорого";"[раздвижные] [перегородки] [недорого]";ON
Поиск-ВЧ;ВЧ;Поиск;"Раздвижные перегородки | Рассчитать Стоимость";"[раздвижные] [перегородки] [рассчитать] [стоимость]";ON
Поиск-ВЧ;ВЧ;Поиск;"Раздвижные перегородки | Замер";"[раздвижные] [перегородки] [замер]";ON
Поиск-ВЧ;ВЧ;Поиск;"Раздвижные перегородки | Зонирования";"[раздвижные] [перегородки] [зонирования] -межкомнатные -комнаты";ON
Поиск-ВЧ;ВЧ;Поиск;"Раздвижные перегородки | Зонирования Комнаты";"[раздвижные] [перегородки] [зонирования] [комнаты]";ON
Поиск-ВЧ;ВЧ;Поиск;"Раздвижные перегородки | Межкомнатные Зонирования";"[раздвижные] [межкомнатные] [перегородки] [зонирования]";ON
Поиск-ВЧ;ВЧ;Поиск;"Раздвижные перегородки | Квартиру";"[раздвижные] [перегородки] [квартиру]";ON
Поиск-ВЧ;ВЧ;Поиск;"Раздвижные перегородки | Студию";"[раздвижные] [перегородки] [студию]";ON
Поиск-ВЧ;ВЧ;Поиск;"Раздвижные перегородки | Гостиную";"[раздвижные] [перегородки] [гостиную]";ON
Поиск-ВЧ;ВЧ;Поиск;"Раздвижные перегородки | Между Кухней Гостиной";"[раздвижные] [перегородки] [между] [кухней] [гостиной]";ON
Поиск-ВЧ;ВЧ;Поиск;"Раздвижные перегородки | Между Комнатой Кухней";"[раздвижные] [перегородки] [между] [комнатой] [кухней]";ON
Поиск-ВЧ;ВЧ;Поиск;"Раздвижные перегородки | Гардеробной";"[раздвижные] [перегородки] [гардеробной]";ON
Поиск-ВЧ;ВЧ;Поиск;"Раздвижные перегородки | Офиса";"[раздвижные] [перегородки] [офиса]";ON
Поиск-ВЧ;ВЧ;Поиск;"Раздвижные перегородки | Москве";"[раздвижные] [перегородки] [Москве]";ON
Поиск-ВЧ;ВЧ;Поиск;"Раздвижные перегородки | Проем";"[раздвижные] [перегородки] [проем]";ON
Поиск-ВЧ;ВЧ;Поиск;"Раздвижные перегородки | Вместо Двери";"[раздвижная] [перегородка] [вместо] [двери]";ON
Поиск-ВЧ;ВЧ;Поиск;"Раздвижные перегородки | Стеклянная Комнату";"[раздвижная] [стеклянная] [перегородка] [комнату]";ON
Поиск-ВЧ;ВЧ;Поиск;"Раздвижные перегородки | Стеклянные Двери";"[стеклянные] [раздвижные] [двери] [перегородки]";ON
Поиск-ВЧ;ВЧ;Поиск;"Раздвижные перегородки | Купе";"[раздвижные] [перегородки] [купе]";ON
Поиск-ВЧ;ВЧ;Поиск;"Раздвижные перегородки | Роликах";"[перегородки] [роликах]";ON
Поиск-ВЧ;ВЧ;Поиск;"Раздвижные перегородки | Направляющих";"[перегородки] [направляющих]";ON
Поиск-ВЧ;ВЧ;Поиск;"Раздвижные перегородки | Откатные";"[откатные] [перегородки]";ON
Поиск-СЧ;СЧ;Поиск;"Перегородки-стеллажи | Зонирования";"[стеллаж] [перегородка] [зонирования] -цена -комнаты";ON
Поиск-СЧ;СЧ;Поиск;"Перегородки-стеллажи | Зонирования Комнаты";"[стеллаж] [перегородка] [зонирования] [комнаты]";ON
Поиск-СЧ;СЧ;Поиск;"Перегородки-стеллажи | Заказ";"[перегородка] [стеллаж] [заказ] -гостиную";ON
Поиск-СЧ;СЧ;Поиск;"Перегородки-стеллажи | Купить";"[стеллаж] [перегородка] [купить]";ON
Поиск-СЧ;СЧ;Поиск;"Перегородки-стеллажи | Реечный";"[реечный] [стеллаж] [перегородка]";ON
Поиск-СЧ;СЧ;Поиск;"Перегородки-стеллажи | Открытый";"[открытый] [стеллаж] [перегородка]";ON
Поиск-СЧ;СЧ;Поиск;"Перегородки-стеллажи | Зонирования Цена";"[стеллаж] [перегородка] [зонирования] [цена]";ON
Поиск-СЧ;СЧ;Поиск;"Перегородки-стеллажи | Металлический";"[металлический] [стеллаж] [перегородка]";ON
Поиск-СЧ;СЧ;Поиск;"Перегородки-стеллажи | Гостиную Заказ";"[стеллаж] [перегородка] [гостиную] [заказ]";ON
Поиск-СЧ;СЧ;Поиск;"Перегородки-стеллажи | Лофт";"[стеллаж] [перегородка] [лофт]";ON
Поиск-СЧ;СЧ;Поиск;"Перегородки-стеллажи | Потолка";"[перегородка] [стеллаж] [потолка]";ON
Поиск-НЧ;НЧ;Поиск;"Распашные перегородки";"[распашные] [перегородки] -цена -заказ -стеклянные -дверью";ON
Поиск-НЧ;НЧ;Поиск;"Распашные перегородки | Стеклянные";"[распашные] [стеклянные] [перегородки]";ON
Поиск-НЧ;НЧ;Поиск;"Распашные перегородки | Маятниковые";"[маятниковые] [перегородки] -дверью";ON
Поиск-НЧ;НЧ;Поиск;"Распашные перегородки | Заказ";"[распашные] [перегородки] [заказ]";ON
Поиск-НЧ;НЧ;Поиск;"Распашные перегородки | Маятниковой Дверью";"[перегородка] [маятниковой] [дверью]";ON
Поиск-НЧ;НЧ;Поиск;"Распашные перегородки | Цена";"[распашные] [перегородки] [цена]";ON
Поиск-НЧ;НЧ;Поиск;"Распашные перегородки | Стеклянная Дверью";"[распашная] [стеклянная] [перегородка] [дверью]";ON
Поиск-НЧ;НЧ;Поиск;"Распашные перегородки | Маятниковая Стеклянная Купить";"[маятниковая] [стеклянная] [перегородка] [купить]";ON
Поиск-НЧ;НЧ;Поиск;"Складные перегородки | Стеклянные";"[складные] [стеклянные] [перегородки]";ON
Поиск-НЧ;НЧ;Поиск;"Складные перегородки | Заказ";"[складные] [перегородки] [заказ]";ON
Поиск-НЧ;НЧ;Поиск;"Складные перегородки | Зонирования";"[складные] [перегородки] [зонирования]";ON
Поиск-НЧ;НЧ;Поиск;"Стальные перегородки | Металлические";"[металлические] [перегородки] -черные -зонирования -межкомнатные -стеллаж";ON
Поиск-НЧ;НЧ;Поиск;"Стальные перегородки";"[стальные] [перегородки] -заказ";ON
Поиск-НЧ;НЧ;Поиск;"Стальные перегородки | Стали";"[перегородки] [стали]";ON
Поиск-НЧ;НЧ;Поиск;"Стальные перегородки | Черного Металла";"[перегородки] [черного] [металла]";ON
Поиск-НЧ;НЧ;Поиск;"Стальные перегородки | Металлические Межкомнатные";"[металлические] [перегородки] [межкомнатные]";ON
Поиск-НЧ;НЧ;Поиск;"Стальные перегородки | Заказ";"[стальные] [перегородки] [заказ]";ON
Поиск-НЧ;НЧ;Поиск;"Стальные перегородки | Металлические Зонирования";"[металлические] [перегородки] [зонирования]";ON
Поиск-НЧ;НЧ;Поиск;"Стальные перегородки | Черные Металлические";"[черные] [металлические] [перегородки]";ON
Поиск-НЧ;НЧ;Поиск;"Стационарные перегородки";"[стационарные] [перегородки] -цена -зонирования -заказ";ON
Поиск-НЧ;НЧ;Поиск;"Стационарные перегородки | Заказ";"[стационарные] [перегородки] [заказ]";ON
Поиск-НЧ;НЧ;Поиск;"Стационарные перегородки | Неподвижные";"[неподвижные] [перегородки]";ON
Поиск-НЧ;НЧ;Поиск;"Стационарные перегородки | Фиксированные";"[фиксированные] [перегородки]";ON
Поиск-НЧ;НЧ;Поиск;"Стационарные перегородки | Зонирования";"[стационарная] [перегородка] [зонирования]";ON
Поиск-НЧ;НЧ;Поиск;"Стационарные перегородки | Цена";"[стационарные] [перегородки] [цена]";ON
Поиск-НЧ;НЧ;Поиск;"Цветные декоративные перегородки";"[цветные] [перегородки] -декоративные -стеклом";ON
Поиск-НЧ;НЧ;Поиск;"Цветные декоративные перегородки";"[цветные] [декоративные] [перегородки]";ON
Поиск-НЧ;НЧ;Поиск;"Цветные декоративные перегородки | Тонированные";"[тонированные] [перегородки] -стеклом";ON
Поиск-СЧ;СЧ;Поиск;"Перегородки-гармошки | Книжка";"[перегородка] [книжка]";ON
Поиск-НЧ;НЧ;Поиск;"Складные перегородки";"[складные] [перегородки] -москве -цена -заказ -стеклянные -зонирования -гармошка";ON
Поиск-НЧ;НЧ;Поиск;"Складные перегородки | Гармошка";"[складные] [перегородки] [гармошка]";ON
Поиск-НЧ;НЧ;Поиск;"Складные перегородки | Цена";"[складные] [перегородки] [цена]";ON
Поиск-НЧ;НЧ;Поиск;"Складные перегородки | Стеклянные Гармошка";"[стеклянные] [перегородки] [гармошка]";ON
Поиск-НЧ;НЧ;Поиск;"Складные перегородки | Москве";"[складная] [перегородка] [москве]";ON
Поиск-НЧ;НЧ;Поиск;"Каскадные перегородки | Зонирования";"[каскадная] [перегородка] [зонирования]";ON
ТГ-СЧ;СЧ;ТГ;"Лофт перегородки";"[лофт] [перегородки]";SUSPENDED
ТГ-СЧ;СЧ;ТГ;"Лофт перегородки | Стиле";"[перегородки] [стиле] [лофт]";SUSPENDED
ТГ-СЧ;СЧ;ТГ;"Лофт перегородки | Купить";"[лофт] [перегородки] [купить]";SUSPENDED
ТГ-СЧ;СЧ;ТГ;"Лофт перегородки | Заказ";"[лофт] [перегородки] [заказ]";SUSPENDED
ТГ-СЧ;СЧ;ТГ;"Лофт перегородки | Цена";"[лофт] [перегородки] [цена]";SUSPENDED
ТГ-СЧ;СЧ;ТГ;"Лофт перегородки | Стекла Металла";"[перегородки] [лофт] [стекла] [металла]";SUSPENDED
ТГ-СЧ;СЧ;ТГ;"Лофт перегородки | Стеклянные";"[стеклянные] [перегородки] [лофт]";SUSPENDED
ТГ-СЧ;СЧ;ТГ;"Лофт перегородки | Зонирования";"[лофт] [перегородки] [зонирования]";SUSPENDED
ТГ-СЧ;СЧ;ТГ;"Лофт перегородки | Стиле Москва";"[перегородки] [стиле] [лофт] [москва]";SUSPENDED
ТГ-СЧ;СЧ;ТГ;"Лофт перегородки | Производителя";"[лофт] [перегородки] [производителя]";SUSPENDED
ТГ-СЧ;СЧ;ТГ;"Лофт перегородки | Дверью";"[перегородки] [лофт] [дверью]";SUSPENDED
ТГ-СЧ;СЧ;ТГ;"Лофт перегородки | Раздвижные";"[раздвижные] [лофт] [перегородки]";SUSPENDED
ТГ-ВЧ;ВЧ;ТГ;"Межкомнатные перегородки";"[межкомнатные] [перегородки] -металлические -каскадная -зеркальные -производителя -москве -цена -купить -заказ -гармошка -дверью -квартиру -стеклянные -раздвижные";SUSPENDED
ТГ-ВЧ;ВЧ;ТГ;"Межкомнатные перегородки | Заказ";"[межкомнатные] [перегородки] [заказ]";SUSPENDED
ТГ-ВЧ;ВЧ;ТГ;"Межкомнатные перегородки | Купить";"[межкомнатные] [перегородки] [купить]";SUSPENDED
ТГ-ВЧ;ВЧ;ТГ;"Межкомнатные перегородки | Цена";"[межкомнатные] [перегородки] [цена]";SUSPENDED
ТГ-ВЧ;ВЧ;ТГ;"Межкомнатные перегородки | Москве";"[межкомнатные] [перегородки] [москве]";SUSPENDED
ТГ-ВЧ;ВЧ;ТГ;"Межкомнатные перегородки | Производителя";"[межкомнатные] [перегородки] [производителя]";SUSPENDED
ТГ-ВЧ;ВЧ;ТГ;"Межкомнатные перегородки | Квартиру";"[межкомнатные] [перегородки] [квартиру]";SUSPENDED
ТГ-ВЧ;ВЧ;ТГ;"Межкомнатные перегородки | Стеклянные";"[стеклянные] [межкомнатные] [перегородки]";SUSPENDED
ТГ-ВЧ;ВЧ;ТГ;"Перегородки | Заказ";"[перегородки] [заказ]";SUSPENDED
ТГ-ВЧ;ВЧ;ТГ;"Перегородки | Заказ Размерам";"[перегородки] [заказ] [размерам]";SUSPENDED
ТГ-ВЧ;ВЧ;ТГ;"Перегородки | Изготовление Перегородок";"[изготовление] [перегородок]";SUSPENDED
ТГ-ВЧ;ВЧ;ТГ;"Перегородки | Производство Перегородок";"[производство] [перегородок]";SUSPENDED
ТГ-ВЧ;ВЧ;ТГ;"Перегородки | Ключ";"[перегородки] [ключ]";SUSPENDED
ТГ-ВЧ;ВЧ;ТГ;"Перегородки | Установкой";"[перегородки] [установкой]";SUSPENDED
ТГ-НЧ;НЧ;ТГ;"Арочные перегородки";"[арочные] [перегородки]";SUSPENDED
ТГ-НЧ;НЧ;ТГ;"Арочные перегородки | Заказ";"[арочные] [перегородки] [заказ]";SUSPENDED
ТГ-НЧ;НЧ;ТГ;"Арочные перегородки | Стекла";"[арочные] [перегородки] [стекла]";SUSPENDED
ТГ-НЧ;НЧ;ТГ;"Арочные перегородки | Купить";"[арочная] [перегородка] [купить]";SUSPENDED
ТГ-НЧ;НЧ;ТГ;"Арочные перегородки | Стеклянные";"[арочные] [стеклянные] [перегородки]";SUSPENDED
ТГ-НЧ;НЧ;ТГ;"Арочные перегородки | Радиусные";"[радиусные] [перегородки]";SUSPENDED
ТГ-НЧ;НЧ;ТГ;"Арочные перегородки | Радиусные Заказ";"[радиусные] [перегородки] [заказ]";SUSPENDED
ТГ-НЧ;НЧ;ТГ;"Арочные перегородки | Цена";"[арочные] [перегородки] [цена]";SUSPENDED
ТГ-НЧ;НЧ;ТГ;"Арочные перегородки | Дверью";"[арочная] [перегородка] [дверью]";SUSPENDED
ТГ-НЧ;НЧ;ТГ;"Арочные перегородки | Москве";"[арочные] [перегородки] [москве]";SUSPENDED
ТГ-НЧ;НЧ;ТГ;"Дизайнерские перегородки";"[дизайнерские] [перегородки]";SUSPENDED
ТГ-НЧ;НЧ;ТГ;"Дизайнерские перегородки | Заказ";"[дизайнерские] [перегородки] [заказ]";SUSPENDED
ТГ-НЧ;НЧ;ТГ;"Дизайнерские перегородки | Купить";"[дизайнерские] [перегородки] [купить]";SUSPENDED
ТГ-НЧ;НЧ;ТГ;"Дизайнерские перегородки | Зонирования";"[дизайнерские] [перегородки] [зонирования]";SUSPENDED
ТГ-НЧ;НЧ;ТГ;"Дизайнерские перегородки | Премиум Класса";"[перегородки] [премиум] [класса]";SUSPENDED
ТГ-НЧ;НЧ;ТГ;"Дизайнерские перегородки | Эксклюзивные Заказ";"[эксклюзивные] [перегородки] [заказ]";SUSPENDED
ТГ-НЧ;НЧ;ТГ;"Дизайнерские перегородки | Стеклянные";"[дизайнерские] [стеклянные] [перегородки]";SUSPENDED
ТГ-НЧ;НЧ;ТГ;"Дизайнерские перегородки | Цена";"[дизайнерские] [перегородки] [цена]";SUSPENDED
ТГ-НЧ;НЧ;ТГ;"Дизайнерские перегородки | Москве";"[дизайнерские] [перегородки] [москве]";SUSPENDED
ТГ-НЧ;НЧ;ТГ;"Дизайнерские перегородки | Дизайн Проекту";"[перегородки] [дизайн] [проекту]";SUSPENDED
ТГ-НЧ;НЧ;ТГ;"Зеркальные перегородки";"[зеркальные] [перегородки] -изготовление -москве -раздвижные -комнату -межкомнатные -цена -зонирования -заказ -купить";SUSPENDED
ТГ-НЧ;НЧ;ТГ;"Зеркальные перегородки | Купить";"[зеркальные] [перегородки] [купить]";SUSPENDED
ТГ-НЧ;НЧ;ТГ;"Зеркальные перегородки | Заказ";"[зеркальные] [перегородки] [заказ]";SUSPENDED
ТГ-НЧ;НЧ;ТГ;"Зеркальные перегородки | Зонирования";"[зеркальные] [перегородки] [зонирования]";SUSPENDED
ТГ-НЧ;НЧ;ТГ;"Зеркальные перегородки | Цена";"[зеркальные] [перегородки] [цена]";SUSPENDED
ТГ-НЧ;НЧ;ТГ;"Зеркальные перегородки | Межкомнатные";"[зеркальные] [перегородки] [межкомнатные]";SUSPENDED
ТГ-НЧ;НЧ;ТГ;"Зеркальные перегородки | Комнату";"[зеркальная] [перегородка] [комнату]";SUSPENDED
ТГ-НЧ;НЧ;ТГ;"Зеркальные перегородки | Раздвижные";"[зеркальные] [раздвижные] [перегородки]";SUSPENDED
ТГ-НЧ;НЧ;ТГ;"Зеркальные перегородки | Москве";"[зеркальные] [перегородки] [москве]";SUSPENDED
ТГ-НЧ;НЧ;ТГ;"Зеркальные перегородки | Изготовление Зеркальных Перегородок";"[изготовление] [зеркальных] [перегородок]";SUSPENDED
ТГ-НЧ;НЧ;ТГ;"Перегородки стекло металл";"[перегородки] [стекло] [металл]";SUSPENDED
ТГ-НЧ;НЧ;ТГ;"Матовые перегородки";"[матовые] [перегородки]";SUSPENDED
ТГ-НЧ;НЧ;ТГ;"Матовые перегородки | Купить";"[матовые] [перегородки] [купить]";SUSPENDED
ТГ-НЧ;НЧ;ТГ;"Матовые перегородки | Заказ";"[матовые] [перегородки] [заказ]";SUSPENDED
ТГ-НЧ;НЧ;ТГ;"Матовые перегородки | Цена";"[матовые] [перегородки] [цена]";SUSPENDED
ТГ-НЧ;НЧ;ТГ;"Матовые перегородки | Зонирования";"[матовые] [перегородки] [зонирования]";SUSPENDED
ТГ-НЧ;НЧ;ТГ;"Матовые перегородки | Москве";"[матовые] [перегородки] [москве]";SUSPENDED
ТГ-НЧ;НЧ;ТГ;"Матовые перегородки | Производителя";"[матовые] [перегородки] [производителя]";SUSPENDED
ТГ-ВЧ;ВЧ;ТГ;"Перегородки для зонирования комнаты";"[перегородки] [зонирования]";SUSPENDED
ТГ-ВЧ;ВЧ;ТГ;"Перегородки для зонирования комнаты | Пространства";"[перегородки] [зонирования] [пространства]";SUSPENDED
ТГ-ВЧ;ВЧ;ТГ;"Перегородки для зонирования комнаты | Квартиры";"[перегородки] [зонирования] [квартиры]";SUSPENDED
ТГ-ВЧ;ВЧ;ТГ;"Перегородки для зонирования комнаты | Купить";"[перегородки] [зонирования] [купить]";SUSPENDED
ТГ-ВЧ;ВЧ;ТГ;"Перегородки для зонирования комнаты | Заказ";"[перегородки] [зонирования] [заказ]";SUSPENDED
ТГ-ВЧ;ВЧ;ТГ;"Перегородки для зонирования комнаты | Цена";"[перегородка] [зонирования] [комнаты] [цена]";SUSPENDED
ТГ-ВЧ;ВЧ;ТГ;"Перегородки для зонирования комнаты";"[перегородки] [зонирования] [комнаты]";SUSPENDED
ТГ-ВЧ;ВЧ;ТГ;"Перегородки для зонирования комнаты | Стеклянные";"[стеклянные] [перегородки] [зонирования]";SUSPENDED
ТГ-ВЧ;ВЧ;ТГ;"Перегородки для зонирования комнаты | Студии";"[перегородки] [зонирования] [студии]";SUSPENDED
ТГ-СЧ;СЧ;ТГ;"Перегородки с дверью";"[перегородки] [дверью]";SUSPENDED
ТГ-СЧ;СЧ;ТГ;"Перегородки с дверью | Купить";"[перегородка] [дверью] [купить]";SUSPENDED
ТГ-СЧ;СЧ;ТГ;"Перегородки с дверью | Заказ";"[перегородки] [дверью] [заказ]";SUSPENDED
ТГ-СЧ;СЧ;ТГ;"Перегородки с дверью | Цена";"[перегородка] [дверью] [цена]";SUSPENDED
ТГ-СЧ;СЧ;ТГ;"Перегородки с дверью | Межкомнатная";"[межкомнатная] [перегородка] [дверью]";SUSPENDED
ТГ-СЧ;СЧ;ТГ;"Перегородки с дверью | Стеклянной";"[перегородка] [стеклянной] [дверью]";SUSPENDED
ТГ-СЧ;СЧ;ТГ;"Перегородки с дверью | Распашной";"[перегородка] [распашной] [дверью]";SUSPENDED
ТГ-СЧ;СЧ;ТГ;"Перегородки с дверью | Раздвижной";"[перегородки] [раздвижной] [дверью]";SUSPENDED
ТГ-СЧ;СЧ;ТГ;"Перегородки с декоративным стеклом";"[перегородки] [декоративным] [стеклом]";SUSPENDED
ТГ-СЧ;СЧ;ТГ;"Перегородки с декоративным стеклом | Рифленым";"[перегородки] [рифленым] [стеклом]";SUSPENDED
ТГ-СЧ;СЧ;ТГ;"Перегородки с декоративным стеклом | Фактурным";"[перегородки] [фактурным] [стеклом]";SUSPENDED
ТГ-СЧ;СЧ;ТГ;"Перегородки с декоративным стеклом | Тонированным";"[перегородки] [тонированным] [стеклом]";SUSPENDED
ТГ-СЧ;СЧ;ТГ;"Перегородки с декоративным стеклом | Стекло Купить";"[декоративное] [стекло] [перегородки] [купить]";SUSPENDED
ТГ-СЧ;СЧ;ТГ;"Перегородки с декоративным стеклом | Цветным";"[перегородки] [цветным] [стеклом]";SUSPENDED
ТГ-СЧ;СЧ;ТГ;"Перегородки-гармошки";"[перегородки] [гармошка]";SUSPENDED
ТГ-СЧ;СЧ;ТГ;"Перегородки-гармошки | Купить";"[перегородка] [гармошка] [купить]";SUSPENDED
ТГ-СЧ;СЧ;ТГ;"Перегородки-гармошки | Заказ";"[перегородки] [гармошка] [заказ]";SUSPENDED
ТГ-СЧ;СЧ;ТГ;"Перегородки-гармошки | Зонирования";"[перегородка] [гармошка] [зонирования]";SUSPENDED
ТГ-СЧ;СЧ;ТГ;"Перегородки-гармошки | Межкомнатная";"[перегородка] [гармошка] [межкомнатная]";SUSPENDED
ТГ-СЧ;СЧ;ТГ;"Перегородки-гармошки | Книжка";"[перегородка] [книжка]";SUSPENDED
ТГ-НЧ;НЧ;ТГ;"Телескопические перегородки | Раздвижные";"[телескопические] [раздвижные] [перегородки]";SUSPENDED
ТГ-НЧ;НЧ;ТГ;"Телескопические перегородки | Цена";"[телескопические] [перегородки] [цена]";SUSPENDED
ТГ-НЧ;НЧ;ТГ;"Телескопические перегородки | Стеклянные";"[телескопические] [перегородки] [стеклянные]";SUSPENDED
ТГ-НЧ;НЧ;ТГ;"Телескопические перегородки | Производителя";"[телескопические] [перегородки] [производителя]";SUSPENDED
ТГ-НЧ;НЧ;ТГ;"Телескопические перегородки | Заказ";"[телескопические] [перегородки] [заказ]";SUSPENDED
ТГ-НЧ;НЧ;ТГ;"Телескопические перегородки | Москва";"[телескопические] [перегородки] [москва]";SUSPENDED
ТГ-НЧ;НЧ;ТГ;"Телескопические перегородки | Купить";"[телескопические] [перегородки] [купить]";SUSPENDED
ТГ-НЧ;НЧ;ТГ;"Телескопические перегородки";"[телескопические] [перегородки]";SUSPENDED
ТГ-НЧ;НЧ;ТГ;"Телескопические перегородки | Телескопическая Ключ";"[телескопическая] [перегородка] [ключ]";SUSPENDED
ТГ-НЧ;НЧ;ТГ;"Телескопические перегородки | Телескопическая Зонирования";"[телескопическая] [перегородка] [зонирования]";SUSPENDED
ТГ-НЧ;НЧ;ТГ;"Телескопические перегородки | Телескоп";"[перегородка] [телескоп]";SUSPENDED
ТГ-НЧ;НЧ;ТГ;"Телескопические перегородки | Изготовление Телескопических Перегородок";"[изготовление] [телескопических] [перегородок]";SUSPENDED
ТГ-НЧ;НЧ;ТГ;"Каскадные перегородки | Раздвижные";"[каскадные] [раздвижные] [перегородки]";SUSPENDED
ТГ-НЧ;НЧ;ТГ;"Каскадные перегородки | Цена";"[каскадные] [перегородки] [цена]";SUSPENDED
ТГ-НЧ;НЧ;ТГ;"Каскадные перегородки | Установкой";"[каскадные] [перегородки] [установкой]";SUSPENDED
ТГ-НЧ;НЧ;ТГ;"Каскадные перегородки | Производителя";"[каскадные] [перегородки] [производителя]";SUSPENDED
ТГ-НЧ;НЧ;ТГ;"Каскадные перегородки | Заказ";"[каскадные] [перегородки] [заказ]";SUSPENDED
ТГ-НЧ;НЧ;ТГ;"Каскадные перегородки | Москва";"[каскадные] [перегородки] [москва]";SUSPENDED
ТГ-НЧ;НЧ;ТГ;"Каскадные перегородки | Купить";"[каскадные] [перегородки] [купить]";SUSPENDED
ТГ-НЧ;НЧ;ТГ;"Каскадные перегородки | Межкомнатная";"[каскадная] [перегородка] [межкомнатная]";SUSPENDED
ТГ-НЧ;НЧ;ТГ;"Каскадные перегородки";"[каскадные] [перегородки]";SUSPENDED
ТГ-НЧ;НЧ;ТГ;"Каскадные перегородки | Каскад";"[перегородка] [каскад]";SUSPENDED
ТГ-НЧ;НЧ;ТГ;"Каскадные перегородки | Зонирования";"[каскадная] [перегородка] [зонирования]";SUSPENDED
ТГ-ВЧ;ВЧ;ТГ;"Раздвижные перегородки";"[раздвижные] [перегородки]";SUSPENDED
ТГ-ВЧ;ВЧ;ТГ;"Раздвижные перегородки | Стеклянные";"[раздвижные] [стеклянные] [перегородки]";SUSPENDED
ТГ-ВЧ;ВЧ;ТГ;"Раздвижные перегородки | Межкомнатные";"[раздвижные] [перегородки] [межкомнатные]";SUSPENDED
ТГ-ВЧ;ВЧ;ТГ;"Раздвижные перегородки | Купить";"[раздвижные] [перегородки] [купить]";SUSPENDED
ТГ-ВЧ;ВЧ;ТГ;"Раздвижные перегородки | Цена";"[раздвижные] [перегородки] [цена]";SUSPENDED
ТГ-ВЧ;ВЧ;ТГ;"Раздвижные перегородки | Заказ";"[раздвижные] [перегородки] [заказ]";SUSPENDED
ТГ-ВЧ;ВЧ;ТГ;"Раздвижные перегородки | Заказать";"[раздвижные] [перегородки] [заказать]";SUSPENDED
ТГ-ВЧ;ВЧ;ТГ;"Раздвижные перегородки | Стоимость";"[раздвижные] [перегородки] [стоимость]";SUSPENDED
ТГ-ВЧ;ВЧ;ТГ;"Раздвижные перегородки | Сколько Стоит";"[сколько] [стоит] [раздвижная] [перегородка]";SUSPENDED
ТГ-ВЧ;ВЧ;ТГ;"Раздвижные перегородки | Ключ";"[раздвижные] [перегородки] [ключ]";SUSPENDED
ТГ-ВЧ;ВЧ;ТГ;"Раздвижные перегородки | Установкой";"[раздвижные] [перегородки] [установкой]";SUSPENDED
ТГ-ВЧ;ВЧ;ТГ;"Раздвижные перегородки | Монтажом";"[раздвижные] [перегородки] [монтажом]";SUSPENDED
ТГ-ВЧ;ВЧ;ТГ;"Раздвижные перегородки | Изготовление";"[раздвижные] [перегородки] [изготовление]";SUSPENDED
ТГ-ВЧ;ВЧ;ТГ;"Раздвижные перегородки | Производство";"[раздвижные] [перегородки] [производство]";SUSPENDED
ТГ-ВЧ;ВЧ;ТГ;"Раздвижные перегородки | Производителя";"[раздвижные] [перегородки] [производителя]";SUSPENDED
ТГ-ВЧ;ВЧ;ТГ;"Раздвижные перегородки | Размерам";"[раздвижные] [перегородки] [размерам]";SUSPENDED
ТГ-ВЧ;ВЧ;ТГ;"Раздвижные перегородки | Заказ Размерам";"[раздвижные] [перегородки] [заказ] [размерам]";SUSPENDED
ТГ-ВЧ;ВЧ;ТГ;"Раздвижные перегородки | Недорого";"[раздвижные] [перегородки] [недорого]";SUSPENDED
ТГ-ВЧ;ВЧ;ТГ;"Раздвижные перегородки | Рассчитать Стоимость";"[раздвижные] [перегородки] [рассчитать] [стоимость]";SUSPENDED
ТГ-ВЧ;ВЧ;ТГ;"Раздвижные перегородки | Замер";"[раздвижные] [перегородки] [замер]";SUSPENDED
ТГ-ВЧ;ВЧ;ТГ;"Раздвижные перегородки | Зонирования";"[раздвижные] [перегородки] [зонирования]";SUSPENDED
ТГ-ВЧ;ВЧ;ТГ;"Раздвижные перегородки | Зонирования Комнаты";"[раздвижные] [перегородки] [зонирования] [комнаты]";SUSPENDED
ТГ-ВЧ;ВЧ;ТГ;"Раздвижные перегородки | Межкомнатные Зонирования";"[раздвижные] [межкомнатные] [перегородки] [зонирования]";SUSPENDED
ТГ-ВЧ;ВЧ;ТГ;"Раздвижные перегородки | Квартиру";"[раздвижные] [перегородки] [квартиру]";SUSPENDED
ТГ-ВЧ;ВЧ;ТГ;"Раздвижные перегородки | Студию";"[раздвижные] [перегородки] [студию]";SUSPENDED
ТГ-ВЧ;ВЧ;ТГ;"Раздвижные перегородки | Гостиную";"[раздвижные] [перегородки] [гостиную]";SUSPENDED
ТГ-ВЧ;ВЧ;ТГ;"Раздвижные перегородки | Между Кухней Гостиной";"[раздвижные] [перегородки] [между] [кухней] [гостиной]";SUSPENDED
ТГ-ВЧ;ВЧ;ТГ;"Раздвижные перегородки | Между Комнатой Кухней";"[раздвижные] [перегородки] [между] [комнатой] [кухней]";SUSPENDED
ТГ-ВЧ;ВЧ;ТГ;"Раздвижные перегородки | Гардеробной";"[раздвижные] [перегородки] [гардеробной]";SUSPENDED
ТГ-ВЧ;ВЧ;ТГ;"Раздвижные перегородки | Офиса";"[раздвижные] [перегородки] [офиса]";SUSPENDED
ТГ-ВЧ;ВЧ;ТГ;"Раздвижные перегородки | Москве";"[раздвижные] [перегородки] [Москве]";SUSPENDED
ТГ-ВЧ;ВЧ;ТГ;"Раздвижные перегородки | Проем";"[раздвижные] [перегородки] [проем]";SUSPENDED
ТГ-ВЧ;ВЧ;ТГ;"Раздвижные перегородки | Вместо Двери";"[раздвижная] [перегородка] [вместо] [двери]";SUSPENDED
ТГ-ВЧ;ВЧ;ТГ;"Раздвижные перегородки | Стеклянная Комнату";"[раздвижная] [стеклянная] [перегородка] [комнату]";SUSPENDED
ТГ-ВЧ;ВЧ;ТГ;"Раздвижные перегородки | Стеклянные Двери";"[стеклянные] [раздвижные] [двери] [перегородки]";SUSPENDED
ТГ-ВЧ;ВЧ;ТГ;"Раздвижные перегородки | Купе";"[раздвижные] [перегородки] [купе]";SUSPENDED
ТГ-ВЧ;ВЧ;ТГ;"Раздвижные перегородки | Роликах";"[перегородки] [роликах]";SUSPENDED
ТГ-ВЧ;ВЧ;ТГ;"Раздвижные перегородки | Направляющих";"[перегородки] [направляющих]";SUSPENDED
ТГ-ВЧ;ВЧ;ТГ;"Раздвижные перегородки | Откатные";"[откатные] [перегородки]";SUSPENDED
ТГ-СЧ;СЧ;ТГ;"Перегородки-стеллажи | Зонирования";"[стеллаж] [перегородка] [зонирования]";SUSPENDED
ТГ-СЧ;СЧ;ТГ;"Перегородки-стеллажи | Зонирования Комнаты";"[стеллаж] [перегородка] [зонирования] [комнаты]";SUSPENDED
ТГ-СЧ;СЧ;ТГ;"Перегородки-стеллажи | Заказ";"[перегородка] [стеллаж] [заказ]";SUSPENDED
ТГ-СЧ;СЧ;ТГ;"Перегородки-стеллажи | Купить";"[стеллаж] [перегородка] [купить]";SUSPENDED
ТГ-СЧ;СЧ;ТГ;"Перегородки-стеллажи | Реечный";"[реечный] [стеллаж] [перегородка]";SUSPENDED
ТГ-СЧ;СЧ;ТГ;"Перегородки-стеллажи | Открытый";"[открытый] [стеллаж] [перегородка]";SUSPENDED
ТГ-СЧ;СЧ;ТГ;"Перегородки-стеллажи | Зонирования Цена";"[стеллаж] [перегородка] [зонирования] [цена]";SUSPENDED
ТГ-СЧ;СЧ;ТГ;"Перегородки-стеллажи | Металлический";"[металлический] [стеллаж] [перегородка]";SUSPENDED
ТГ-СЧ;СЧ;ТГ;"Перегородки-стеллажи | Гостиную Заказ";"[стеллаж] [перегородка] [гостиную] [заказ]";SUSPENDED
ТГ-СЧ;СЧ;ТГ;"Перегородки-стеллажи | Лофт";"[стеллаж] [перегородка] [лофт]";SUSPENDED
ТГ-СЧ;СЧ;ТГ;"Перегородки-стеллажи | Потолка";"[перегородка] [стеллаж] [потолка]";SUSPENDED
ТГ-НЧ;НЧ;ТГ;"Распашные перегородки";"[распашные] [перегородки]";SUSPENDED
ТГ-НЧ;НЧ;ТГ;"Распашные перегородки | Стеклянные";"[распашные] [стеклянные] [перегородки] -дверью";SUSPENDED
ТГ-НЧ;НЧ;ТГ;"Распашные перегородки | Маятниковые";"[маятниковые] [перегородки]";SUSPENDED
ТГ-НЧ;НЧ;ТГ;"Распашные перегородки | Заказ";"[распашные] [перегородки] [заказ]";SUSPENDED
ТГ-НЧ;НЧ;ТГ;"Распашные перегородки | Маятниковой Дверью";"[перегородка] [маятниковой] [дверью]";SUSPENDED
ТГ-НЧ;НЧ;ТГ;"Распашные перегородки | Цена";"[распашные] [перегородки] [цена]";SUSPENDED
ТГ-НЧ;НЧ;ТГ;"Распашные перегородки | Стеклянная Дверью";"[распашная] [стеклянная] [перегородка] [дверью]";SUSPENDED
ТГ-НЧ;НЧ;ТГ;"Распашные перегородки | Маятниковая Стеклянная Купить";"[маятниковая] [стеклянная] [перегородка] [купить]";SUSPENDED
ТГ-НЧ;НЧ;ТГ;"Складные перегородки | Стеклянные";"[складные] [стеклянные] [перегородки]";SUSPENDED
ТГ-НЧ;НЧ;ТГ;"Складные перегородки | Заказ";"[складные] [перегородки] [заказ]";SUSPENDED
ТГ-НЧ;НЧ;ТГ;"Складные перегородки | Зонирования";"[складные] [перегородки] [зонирования]";SUSPENDED
ТГ-НЧ;НЧ;ТГ;"Складные перегородки";"[складные] [перегородки]";SUSPENDED
ТГ-НЧ;НЧ;ТГ;"Складные перегородки | Гармошка";"[складные] [перегородки] [гармошка]";SUSPENDED
ТГ-НЧ;НЧ;ТГ;"Складные перегородки | Цена";"[складные] [перегородки] [цена]";SUSPENDED
ТГ-НЧ;НЧ;ТГ;"Складные перегородки | Стеклянные Гармошка";"[стеклянные] [перегородки] [гармошка]";SUSPENDED
ТГ-НЧ;НЧ;ТГ;"Складные перегородки | Москве";"[складная] [перегородка] [москве]";SUSPENDED
ТГ-НЧ;НЧ;ТГ;"Стальные перегородки | Металлические";"[металлические] [перегородки]";SUSPENDED
ТГ-НЧ;НЧ;ТГ;"Стальные перегородки";"[стальные] [перегородки]";SUSPENDED
ТГ-НЧ;НЧ;ТГ;"Стальные перегородки | Стали";"[перегородки] [стали]";SUSPENDED
ТГ-НЧ;НЧ;ТГ;"Стальные перегородки | Черного Металла";"[перегородки] [черного] [металла]";SUSPENDED
ТГ-НЧ;НЧ;ТГ;"Стальные перегородки | Металлические Межкомнатные";"[металлические] [перегородки] [межкомнатные]";SUSPENDED
ТГ-НЧ;НЧ;ТГ;"Стальные перегородки | Заказ";"[стальные] [перегородки] [заказ]";SUSPENDED
ТГ-НЧ;НЧ;ТГ;"Стальные перегородки | Металлические Зонирования";"[металлические] [перегородки] [зонирования]";SUSPENDED
ТГ-НЧ;НЧ;ТГ;"Стальные перегородки | Черные Металлические";"[черные] [металлические] [перегородки]";SUSPENDED
ТГ-НЧ;НЧ;ТГ;"Стационарные перегородки";"[стационарные] [перегородки]";SUSPENDED
ТГ-НЧ;НЧ;ТГ;"Стационарные перегородки | Заказ";"[стационарные] [перегородки] [заказ]";SUSPENDED
ТГ-НЧ;НЧ;ТГ;"Стационарные перегородки | Неподвижные";"[неподвижные] [перегородки]";SUSPENDED
ТГ-НЧ;НЧ;ТГ;"Стационарные перегородки | Фиксированные";"[фиксированные] [перегородки]";SUSPENDED
ТГ-НЧ;НЧ;ТГ;"Стационарные перегородки | Зонирования";"[стационарная] [перегородка] [зонирования]";SUSPENDED
ТГ-НЧ;НЧ;ТГ;"Стационарные перегородки | Цена";"[стационарные] [перегородки] [цена]";SUSPENDED
ТГ-НЧ;НЧ;ТГ;"Цветные декоративные перегородки";"[цветные] [перегородки]";SUSPENDED
ТГ-НЧ;НЧ;ТГ;"Цветные декоративные перегородки";"[цветные] [декоративные] [перегородки]";SUSPENDED
ТГ-НЧ;НЧ;ТГ;"Цветные декоративные перегородки | Тонированные";"[тонированные] [перегородки]";SUSPENDED