Кампания(новая);Тир;Канал;Группа;Ключевая фраза;Статус;Тек.кампания
Поиск-СЧ;СЧ;Поиск;Лофт перегородки;"[лофт] [перегородки] -раздвижные -дверью -производителя -стеклянные -цена -заказ -купить -стиле -стеллаж -зонирования";ON;Поиск
Поиск-СЧ;СЧ;Поиск;Лофт перегородки;"[перегородки] [стиле] [лофт] -москва";ON;Поиск
Поиск-СЧ;СЧ;Поиск;Лофт перегородки;"[лофт] [перегородки] [купить]";ON;Поиск
Поиск-СЧ;СЧ;Поиск;Лофт перегородки;"[лофт] [перегородки] [заказ]";ON;Поиск
Поиск-СЧ;СЧ;Поиск;Лофт перегородки;"[лофт] [перегородки] [цена]";ON;Поиск
Поиск-СЧ;СЧ;Поиск;Лофт перегородки;"[перегородки] [лофт] [стекла] [металла]";ON;Поиск
Поиск-СЧ;СЧ;Поиск;Лофт перегородки;"[стеклянные] [перегородки] [лофт]";ON;Поиск
Поиск-СЧ;СЧ;Поиск;Лофт перегородки;"[лофт] [перегородки] [зонирования]";ON;Поиск
Поиск-СЧ;СЧ;Поиск;Лофт перегородки;"[перегородки] [стиле] [лофт] [москва]";ON;Поиск
Поиск-СЧ;СЧ;Поиск;Лофт перегородки;"[лофт] [перегородки] [производителя]";ON;Поиск
Поиск-СЧ;СЧ;Поиск;Лофт перегородки;"[перегородки] [лофт] [дверью]";ON;Поиск
Поиск-СЧ;СЧ;Поиск;Лофт перегородки;"[раздвижные] [лофт] [перегородки]";ON;Поиск
Поиск-ВЧ;ВЧ;Поиск;Межкомнатные перегородки;"[межкомнатные] [перегородки]";ON;Поиск
Поиск-ВЧ;ВЧ;Поиск;Межкомнатные перегородки;"[межкомнатные] [перегородки] [заказ]";ON;Поиск
Поиск-ВЧ;ВЧ;Поиск;Межкомнатные перегородки;"[межкомнатные] [перегородки] [купить]";ON;Поиск
Поиск-ВЧ;ВЧ;Поиск;Межкомнатные перегородки;"[межкомнатные] [перегородки] [цена]";ON;Поиск
Поиск-ВЧ;ВЧ;Поиск;Межкомнатные перегородки;"[межкомнатные] [перегородки] [москве]";ON;Поиск
Поиск-ВЧ;ВЧ;Поиск;Межкомнатные перегородки;"[межкомнатные] [перегородки] [производителя]";ON;Поиск
Поиск-ВЧ;ВЧ;Поиск;Межкомнатные перегородки;"[межкомнатные] [перегородки] [квартиру]";ON;Поиск
Поиск-ВЧ;ВЧ;Поиск;Межкомнатные перегородки;"[стеклянные] [межкомнатные] [перегородки]";ON;Поиск
Поиск-ВЧ;ВЧ;Поиск;Перегородки;"[перегородки] [заказ] -стационарные -стальные -складные -распашные -стеллаж -раздвижные -каскадные -телескопические -гармошка -зонирования -матовые -зеркальные -эксклюзивные -дизайнерские -радиусные -арочные -размерам -межкомнатные -лофт -дверью";ON;Поиск
Поиск-ВЧ;ВЧ;Поиск;Перегородки;"[перегородки] [заказ] [размерам] -раздвижные";ON;Поиск
Поиск-ВЧ;ВЧ;Поиск;Перегородки;"[изготовление] [перегородок] -раздвижные -телескопических -зеркальных";ON;Поиск
Поиск-ВЧ;ВЧ;Поиск;Перегородки;"[производство] [перегородок] -раздвижные";ON;Поиск
Поиск-ВЧ;ВЧ;Поиск;Перегородки;"[перегородки] [ключ] -раздвижные -телескопическая";ON;Поиск
Поиск-ВЧ;ВЧ;Поиск;Перегородки;"[перегородки] [установкой] -раздвижные -каскадные";ON;Поиск
Поиск-НЧ;НЧ;Поиск;Арочные перегородки;"[арочные] [перегородки] -москве -дверью -цена -стеклянные -купить -заказ -стекла";ON;Поиск
Поиск-НЧ;НЧ;Поиск;Арочные перегородки;"[арочные] [перегородки] [заказ]";ON;Поиск
Поиск-НЧ;НЧ;Поиск;Арочные перегородки;"[арочные] [перегородки] [стекла]";ON;Поиск
Поиск-НЧ;НЧ;Поиск;Арочные перегородки;"[арочная] [перегородка] [купить]";ON;Поиск
Поиск-НЧ;НЧ;Поиск;Арочные перегородки;"[арочные] [стеклянные] [перегородки]";ON;Поиск
Поиск-НЧ;НЧ;Поиск;Арочные перегородки;"[радиусные] [перегородки] -заказ";ON;Поиск
Поиск-НЧ;НЧ;Поиск;Арочные перегородки;"[радиусные] [перегородки] [заказ]";ON;Поиск
Поиск-НЧ;НЧ;Поиск;Арочные перегородки;"[арочные] [перегородки] [цена]";ON;Поиск
Поиск-НЧ;НЧ;Поиск;Арочные перегородки;"[арочная] [перегородка] [дверью]";ON;Поиск
Поиск-НЧ;НЧ;Поиск;Арочные перегородки;"[арочные] [перегородки] [москве]";ON;Поиск
Поиск-НЧ;НЧ;Поиск;Дизайнерские перегородки;"[дизайнерские] [перегородки] -москве -цена -стеклянные -купить -заказ -зонирования";ON;Поиск
Поиск-НЧ;НЧ;Поиск;Дизайнерские перегородки;"[дизайнерские] [перегородки] [заказ]";ON;Поиск
Поиск-НЧ;НЧ;Поиск;Дизайнерские перегородки;"[дизайнерские] [перегородки] [купить]";ON;Поиск
Поиск-НЧ;НЧ;Поиск;Дизайнерские перегородки;"[дизайнерские] [перегородки] [зонирования]";ON;Поиск
Поиск-НЧ;НЧ;Поиск;Дизайнерские перегородки;"[перегородки] [премиум] [класса]";ON;Поиск
Поиск-НЧ;НЧ;Поиск;Дизайнерские перегородки;"[эксклюзивные] [перегородки] [заказ]";ON;Поиск
Поиск-НЧ;НЧ;Поиск;Дизайнерские перегородки;"[дизайнерские] [стеклянные] [перегородки]";ON;Поиск
Поиск-НЧ;НЧ;Поиск;Дизайнерские перегородки;"[дизайнерские] [перегородки] [цена]";ON;Поиск
Поиск-НЧ;НЧ;Поиск;Дизайнерские перегородки;"[дизайнерские] [перегородки] [москве]";ON;Поиск
Поиск-НЧ;НЧ;Поиск;Дизайнерские перегородки;"[перегородки] [дизайн] [проекту]";ON;Поиск
Поиск-НЧ;НЧ;Поиск;Зеркальные перегородки;"[зеркальные] [перегородки]";ON;Поиск
Поиск-НЧ;НЧ;Поиск;Зеркальные перегородки;"[зеркальные] [перегородки] [купить]";ON;Поиск
Поиск-НЧ;НЧ;Поиск;Зеркальные перегородки;"[зеркальные] [перегородки] [заказ]";ON;Поиск
Поиск-НЧ;НЧ;Поиск;Зеркальные перегородки;"[зеркальные] [перегородки] [зонирования]";ON;Поиск
Поиск-НЧ;НЧ;Поиск;Зеркальные перегородки;"[зеркальные] [перегородки] [цена]";ON;Поиск
Поиск-НЧ;НЧ;Поиск;Зеркальные перегородки;"[зеркальные] [перегородки] [межкомнатные]";ON;Поиск
Поиск-НЧ;НЧ;Поиск;Зеркальные перегородки;"[зеркальная] [перегородка] [комнату]";ON;Поиск
Поиск-НЧ;НЧ;Поиск;Зеркальные перегородки;"[зеркальные] [раздвижные] [перегородки]";ON;Поиск
Поиск-НЧ;НЧ;Поиск;Зеркальные перегородки;"[зеркальные] [перегородки] [москве]";ON;Поиск
Поиск-НЧ;НЧ;Поиск;Зеркальные перегородки;"[изготовление] [зеркальных] [перегородок]";ON;Поиск
Поиск-НЧ;НЧ;Поиск;Перегородки стекло металл;"[перегородки] [стекло] [металл] -лофт";ON;Поиск
Поиск-НЧ;НЧ;Поиск;Матовые перегородки;"[матовые] [перегородки] -производителя -цена -заказ -купить -москве -зонирования";ON;Поиск
Поиск-НЧ;НЧ;Поиск;Матовые перегородки;"[матовые] [перегородки] [купить]";ON;Поиск
Поиск-НЧ;НЧ;Поиск;Матовые перегородки;"[матовые] [перегородки] [заказ]";ON;Поиск
Поиск-НЧ;НЧ;Поиск;Матовые перегородки;"[матовые] [перегородки] [цена]";ON;Поиск
Поиск-НЧ;НЧ;Поиск;Матовые перегородки;"[матовые] [перегородки] [зонирования]";ON;Поиск
Поиск-НЧ;НЧ;Поиск;Матовые перегородки;"[матовые] [перегородки] [москве]";ON;Поиск
Поиск-НЧ;НЧ;Поиск;Матовые перегородки;"[матовые] [перегородки] [производителя]";ON;Поиск
Поиск-ВЧ;ВЧ;Поиск;Перегородки для зонирования комнаты;"[перегородки] [зонирования] -стационарная -металлические -телескопическая -гармошка -заказ -зеркальные -стеллаж -каскадная -студии -стеклянные -купить -квартиры -матовые -дизайнерские -складные -раздвижные -лофт -комнаты -пространства";ON;Поиск
Поиск-ВЧ;ВЧ;Поиск;Перегородки для зонирования комнаты;"[перегородки] [зонирования] [пространства]";ON;Поиск
Поиск-ВЧ;ВЧ;Поиск;Перегородки для зонирования комнаты;"[перегородки] [зонирования] [квартиры]";ON;Поиск
Поиск-ВЧ;ВЧ;Поиск;Перегородки для зонирования комнаты;"[перегородки] [зонирования] [купить]";ON;Поиск
Поиск-ВЧ;ВЧ;Поиск;Перегородки для зонирования комнаты;"[перегородки] [зонирования] [заказ]";ON;Поиск
Поиск-ВЧ;ВЧ;Поиск;Перегородки для зонирования комнаты;"[перегородка] [зонирования] [комнаты] [цена]";ON;Поиск
Поиск-ВЧ;ВЧ;Поиск;Перегородки для зонирования комнаты;"[перегородки] [зонирования] [комнаты] -цена -стеллаж -раздвижные";ON;Поиск
Поиск-ВЧ;ВЧ;Поиск;Перегородки для зонирования комнаты;"[стеклянные] [перегородки] [зонирования]";ON;Поиск
Поиск-ВЧ;ВЧ;Поиск;Перегородки для зонирования комнаты;"[перегородки] [зонирования] [студии]";ON;Поиск
Поиск-СЧ;СЧ;Поиск;Перегородки с дверью;"[перегородки] [дверью] -маятниковой -распашной -цена -купить -арочная -лофт -раздвижной -стеклянной -межкомнатная -заказ";ON;Поиск
Поиск-СЧ;СЧ;Поиск;Перегородки с дверью;"[перегородка] [стеклянной] [дверью] -распашная -раздвижные";ON;Поиск
Поиск-СЧ;СЧ;Поиск;Перегородки с дверью;"[перегородка] [дверью] [купить]";ON;Поиск
Поиск-СЧ;СЧ;Поиск;Перегородки с дверью;"[перегородки] [дверью] [заказ]";ON;Поиск
Поиск-СЧ;СЧ;Поиск;Перегородки с дверью;"[перегородка] [дверью] [цена]";ON;Поиск
Поиск-СЧ;СЧ;Поиск;Перегородки с дверью;"[межкомнатная] [перегородка] [дверью]";ON;Поиск
Поиск-СЧ;СЧ;Поиск;Перегородки с дверью;"[перегородка] [стеклянной] [дверью]";ON;Поиск
Поиск-СЧ;СЧ;Поиск;Перегородки с дверью;"[перегородка] [распашной] [дверью] -стеклянная";ON;Поиск
Поиск-СЧ;СЧ;Поиск;Перегородки с дверью;"[перегородки] [раздвижной] [дверью] -вместо -стеклянные";ON;Поиск
Поиск-СЧ;СЧ;Поиск;Перегородки с декоративным стеклом;"[перегородки] [декоративным] [стеклом] -купить";ON;Поиск
Поиск-СЧ;СЧ;Поиск;Перегородки с декоративным стеклом;"[перегородки] [рифленым] [стеклом]";ON;Поиск
Поиск-СЧ;СЧ;Поиск;Перегородки с декоративным стеклом;"[перегородки] [фактурным] [стеклом]";ON;Поиск
Поиск-СЧ;СЧ;Поиск;Перегородки с декоративным стеклом;"[перегородки] [тонированным] [стеклом]";ON;Поиск
Поиск-СЧ;СЧ;Поиск;Перегородки с декоративным стеклом;"[декоративное] [стекло] [перегородки] [купить]";ON;Поиск
Поиск-СЧ;СЧ;Поиск;Перегородки с декоративным стеклом;"[перегородки] [цветным] [стеклом]";ON;Поиск
Поиск-СЧ;СЧ;Поиск;Перегородки-гармошки;"[перегородки] [гармошка] -стеклянные -зонирования -заказ -купить -межкомнатная -складные";ON;Поиск
Поиск-СЧ;СЧ;Поиск;Перегородки-гармошки;"[перегородка] [гармошка] [купить]";ON;Поиск
Поиск-СЧ;СЧ;Поиск;Перегородки-гармошки;"[перегородки] [гармошка] [заказ]";ON;Поиск
Поиск-СЧ;СЧ;Поиск;Перегородки-гармошки;"[перегородка] [гармошка] [зонирования]";ON;Поиск
Поиск-СЧ;СЧ;Поиск;Перегородки-гармошки;"[перегородка] [гармошка] [межкомнатная]";ON;Поиск
Поиск-НЧ;НЧ;Поиск;Телескопические перегородки;"[телескопические] [раздвижные] [перегородки]";ON;Поиск
Поиск-НЧ;НЧ;Поиск;Телескопические перегородки;"[телескопические] [перегородки] [цена]";ON;Поиск
Поиск-НЧ;НЧ;Поиск;Телескопические перегородки;"[телескопические] [перегородки] [стеклянные]";ON;Поиск
Поиск-НЧ;НЧ;Поиск;Телескопические перегородки;"[телескопические] [перегородки] [производителя]";ON;Поиск
Поиск-НЧ;НЧ;Поиск;Телескопические перегородки;"[телескопические] [перегородки] [заказ]";ON;Поиск
Поиск-НЧ;НЧ;Поиск;Телескопические перегородки;"[телескопические] [перегородки] [москва]";ON;Поиск
Поиск-НЧ;НЧ;Поиск;Телескопические перегородки;"[телескопические] [перегородки] [купить]";ON;Поиск
Поиск-НЧ;НЧ;Поиск;Телескопические перегородки;"[телескопические] [перегородки] -изготовление -зонирования -ключ -купить -москва -заказ -производителя -стеклянные -цена -раздвижные";ON;Поиск
Поиск-НЧ;НЧ;Поиск;Телескопические перегородки;"[телескопическая] [перегородка] [ключ]";ON;Поиск
Поиск-НЧ;НЧ;Поиск;Телескопические перегородки;"[телескопическая] [перегородка] [зонирования]";ON;Поиск
Поиск-НЧ;НЧ;Поиск;Телескопические перегородки;"[перегородка] [телескоп]";ON;Поиск
Поиск-НЧ;НЧ;Поиск;Телескопические перегородки;"[изготовление] [телескопических] [перегородок]";ON;Поиск
Поиск-НЧ;НЧ;Поиск;Каскадные перегородки;"[каскадные] [раздвижные] [перегородки]";ON;Поиск
Поиск-НЧ;НЧ;Поиск;Каскадные перегородки;"[каскадные] [перегородки] [цена]";ON;Поиск
Поиск-НЧ;НЧ;Поиск;Каскадные перегородки;"[каскадные] [перегородки] [установкой]";ON;Поиск
Поиск-НЧ;НЧ;Поиск;Каскадные перегородки;"[каскадные] [перегородки] [производителя]";ON;Поиск
Поиск-НЧ;НЧ;Поиск;Каскадные перегородки;"[каскадные] [перегородки] [заказ]";ON;Поиск
Поиск-НЧ;НЧ;Поиск;Каскадные перегородки;"[каскадные] [перегородки] [москва]";ON;Поиск
Поиск-НЧ;НЧ;Поиск;Каскадные перегородки;"[каскадные] [перегородки] [купить]";ON;Поиск
Поиск-НЧ;НЧ;Поиск;Каскадные перегородки;"[каскадная] [перегородка] [межкомнатная]";ON;Поиск
Поиск-НЧ;НЧ;Поиск;Каскадные перегородки;"[каскадные] [перегородки] -межкомнатная -москва -заказ -производителя -установкой -цена -зонирования -купить -раздвижные";ON;Поиск
Поиск-НЧ;НЧ;Поиск;Каскадные перегородки;"[перегородка] [каскад]";ON;Поиск
Поиск-ВЧ;ВЧ;Поиск;Раздвижные перегородки;"[раздвижные] [перегородки] -купе -офиса -студию -замер -размерам -производителя -производство -изготовление -монтажом -установкой -ключ -стоимость -заказать -заказ -телескопические -зеркальные -лофт -проем -Москве -гардеробной -гостиную -квартиру -недорого -цена -купить -дверью -зонирования -каскадные -стеклянные -межкомнатные";ON;Поиск
Поиск-ВЧ;ВЧ;Поиск;Раздвижные перегородки;"[раздвижные] [стеклянные] [перегородки] -комнату -двери";ON;Поиск
Поиск-ВЧ;ВЧ;Поиск;Раздвижные перегородки;"[раздвижные] [перегородки] [межкомнатные] -зонирования";ON;Поиск
Поиск-ВЧ;ВЧ;Поиск;Раздвижные перегородки;"[раздвижные] [перегородки] [купить]";ON;Поиск
Поиск-ВЧ;ВЧ;Поиск;Раздвижные перегородки;"[раздвижные] [перегородки] [цена]";ON;Поиск
Поиск-ВЧ;ВЧ;Поиск;Раздвижные перегородки;"[раздвижные] [перегородки] [заказ] -размерам";ON;Поиск
Поиск-ВЧ;ВЧ;Поиск;Раздвижные перегородки;"[раздвижные] [перегородки] [заказать]";ON;Поиск
Поиск-ВЧ;ВЧ;Поиск;Раздвижные перегородки;"[раздвижные] [перегородки] [стоимость] -рассчитать";ON;Поиск
Поиск-ВЧ;ВЧ;Поиск;Раздвижные перегородки;"[сколько] [стоит] [раздвижная] [перегородка]";ON;Поиск
Поиск-ВЧ;ВЧ;Поиск;Раздвижные перегородки;"[раздвижные] [перегородки] [ключ]";ON;Поиск
Поиск-ВЧ;ВЧ;Поиск;Раздвижные перегородки;"[раздвижные] [перегородки] [установкой]";ON;Поиск
Поиск-ВЧ;ВЧ;Поиск;Раздвижные перегородки;"[раздвижные] [перегородки] [монтажом]";ON;Поиск
Поиск-ВЧ;ВЧ;Поиск;Раздвижные перегородки;"[раздвижные] [перегородки] [изготовление]";ON;Поиск
Поиск-ВЧ;ВЧ;Поиск;Раздвижные перегородки;"[раздвижные] [перегородки] [производство]";ON;Поиск
Поиск-ВЧ;ВЧ;Поиск;Раздвижные перегородки;"[раздвижные] [перегородки] [производителя]";ON;Поиск
Поиск-ВЧ;ВЧ;Поиск;Раздвижные перегородки;"[раздвижные] [перегородки] [размерам] -заказ";ON;Поиск
Поиск-ВЧ;ВЧ;Поиск;Раздвижные перегородки;"[раздвижные] [перегородки] [заказ] [размерам]";ON;Поиск
Поиск-ВЧ;ВЧ;Поиск;Раздвижные перегородки;"[раздвижные] [перегородки] [недорого]";ON;Поиск
Поиск-ВЧ;ВЧ;Поиск;Раздвижные перегородки;"[раздвижные] [перегородки] [рассчитать] [стоимость]";ON;Поиск
Поиск-ВЧ;ВЧ;Поиск;Раздвижные перегородки;"[раздвижные] [перегородки] [замер]";ON;Поиск
Поиск-ВЧ;ВЧ;Поиск;Раздвижные перегородки;"[раздвижные] [перегородки] [зонирования] -межкомнатные -комнаты";ON;Поиск
Поиск-ВЧ;ВЧ;Поиск;Раздвижные перегородки;"[раздвижные] [перегородки] [зонирования] [комнаты]";ON;Поиск
Поиск-ВЧ;ВЧ;Поиск;Раздвижные перегородки;"[раздвижные] [межкомнатные] [перегородки] [зонирования]";ON;Поиск
Поиск-ВЧ;ВЧ;Поиск;Раздвижные перегородки;"[раздвижные] [перегородки] [квартиру]";ON;Поиск
Поиск-ВЧ;ВЧ;Поиск;Раздвижные перегородки;"[раздвижные] [перегородки] [студию]";ON;Поиск
Поиск-ВЧ;ВЧ;Поиск;Раздвижные перегородки;"[раздвижные] [перегородки] [гостиную]";ON;Поиск
Поиск-ВЧ;ВЧ;Поиск;Раздвижные перегородки;"[раздвижные] [перегородки] [между] [кухней] [гостиной]";ON;Поиск
Поиск-ВЧ;ВЧ;Поиск;Раздвижные перегородки;"[раздвижные] [перегородки] [между] [комнатой] [кухней]";ON;Поиск
Поиск-ВЧ;ВЧ;Поиск;Раздвижные перегородки;"[раздвижные] [перегородки] [гардеробной]";ON;Поиск
Поиск-ВЧ;ВЧ;Поиск;Раздвижные перегородки;"[раздвижные] [перегородки] [офиса]";ON;Поиск
Поиск-ВЧ;ВЧ;Поиск;Раздвижные перегородки;"[раздвижные] [перегородки] [Москве]";ON;Поиск
Поиск-ВЧ;ВЧ;Поиск;Раздвижные перегородки;"[раздвижные] [перегородки] [проем]";ON;Поиск
Поиск-ВЧ;ВЧ;Поиск;Раздвижные перегородки;"[раздвижная] [перегородка] [вместо] [двери]";ON;Поиск
Поиск-ВЧ;ВЧ;Поиск;Раздвижные перегородки;"[раздвижная] [стеклянная] [перегородка] [комнату]";ON;Поиск
Поиск-ВЧ;ВЧ;Поиск;Раздвижные перегородки;"[стеклянные] [раздвижные] [двери] [перегородки]";ON;Поиск
Поиск-ВЧ;ВЧ;Поиск;Раздвижные перегородки;"[раздвижные] [перегородки] [купе]";ON;Поиск
Поиск-ВЧ;ВЧ;Поиск;Раздвижные перегородки;"[перегородки] [роликах]";ON;Поиск
Поиск-ВЧ;ВЧ;Поиск;Раздвижные перегородки;"[перегородки] [направляющих]";ON;Поиск
Поиск-ВЧ;ВЧ;Поиск;Раздвижные перегородки;"[откатные] [перегородки]";ON;Поиск
Поиск-СЧ;СЧ;Поиск;Перегородки-стеллажи;"[стеллаж] [перегородка] [зонирования] -цена -комнаты";ON;Поиск
Поиск-СЧ;СЧ;Поиск;Перегородки-стеллажи;"[стеллаж] [перегородка] [зонирования] [комнаты]";ON;Поиск
Поиск-СЧ;СЧ;Поиск;Перегородки-стеллажи;"[перегородка] [стеллаж] [заказ] -гостиную";ON;Поиск
Поиск-СЧ;СЧ;Поиск;Перегородки-стеллажи;"[стеллаж] [перегородка] [купить]";ON;Поиск
Поиск-СЧ;СЧ;Поиск;Перегородки-стеллажи;"[реечный] [стеллаж] [перегородка]";ON;Поиск
Поиск-СЧ;СЧ;Поиск;Перегородки-стеллажи;"[открытый] [стеллаж] [перегородка]";ON;Поиск
Поиск-СЧ;СЧ;Поиск;Перегородки-стеллажи;"[стеллаж] [перегородка] [зонирования] [цена]";ON;Поиск
Поиск-СЧ;СЧ;Поиск;Перегородки-стеллажи;"[металлический] [стеллаж] [перегородка]";ON;Поиск
Поиск-СЧ;СЧ;Поиск;Перегородки-стеллажи;"[стеллаж] [перегородка] [гостиную] [заказ]";ON;Поиск
Поиск-СЧ;СЧ;Поиск;Перегородки-стеллажи;"[стеллаж] [перегородка] [лофт]";ON;Поиск
Поиск-СЧ;СЧ;Поиск;Перегородки-стеллажи;"[перегородка] [стеллаж] [потолка]";ON;Поиск
Поиск-НЧ;НЧ;Поиск;Распашные перегородки;"[распашные] [перегородки] -цена -заказ -стеклянные -дверью";ON;Поиск
Поиск-НЧ;НЧ;Поиск;Распашные перегородки;"[распашные] [стеклянные] [перегородки]";ON;Поиск
Поиск-НЧ;НЧ;Поиск;Распашные перегородки;"[маятниковые] [перегородки] -дверью";ON;Поиск
Поиск-НЧ;НЧ;Поиск;Распашные перегородки;"[распашные] [перегородки] [заказ]";ON;Поиск
Поиск-НЧ;НЧ;Поиск;Распашные перегородки;"[перегородка] [маятниковой] [дверью]";ON;Поиск
Поиск-НЧ;НЧ;Поиск;Распашные перегородки;"[распашные] [перегородки] [цена]";ON;Поиск
Поиск-НЧ;НЧ;Поиск;Распашные перегородки;"[распашная] [стеклянная] [перегородка] [дверью]";ON;Поиск
Поиск-НЧ;НЧ;Поиск;Распашные перегородки;"[маятниковая] [стеклянная] [перегородка] [купить]";ON;Поиск
Поиск-НЧ;НЧ;Поиск;Складные перегородки;"[складные] [стеклянные] [перегородки]";ON;Поиск
Поиск-НЧ;НЧ;Поиск;Складные перегородки;"[складные] [перегородки] [заказ]";ON;Поиск
Поиск-НЧ;НЧ;Поиск;Складные перегородки;"[складные] [перегородки] [зонирования]";ON;Поиск
Поиск-НЧ;НЧ;Поиск;Стальные перегородки;"[металлические] [перегородки] -черные -зонирования -межкомнатные -стеллаж";ON;Поиск
Поиск-НЧ;НЧ;Поиск;Стальные перегородки;"[стальные] [перегородки] -заказ";ON;Поиск
Поиск-НЧ;НЧ;Поиск;Стальные перегородки;"[перегородки] [стали]";ON;Поиск
Поиск-НЧ;НЧ;Поиск;Стальные перегородки;"[перегородки] [черного] [металла]";ON;Поиск
Поиск-НЧ;НЧ;Поиск;Стальные перегородки;"[металлические] [перегородки] [межкомнатные]";ON;Поиск
Поиск-НЧ;НЧ;Поиск;Стальные перегородки;"[стальные] [перегородки] [заказ]";ON;Поиск
Поиск-НЧ;НЧ;Поиск;Стальные перегородки;"[металлические] [перегородки] [зонирования]";ON;Поиск
Поиск-НЧ;НЧ;Поиск;Стальные перегородки;"[черные] [металлические] [перегородки]";ON;Поиск
Поиск-НЧ;НЧ;Поиск;Стационарные перегородки;"[стационарные] [перегородки] -цена -зонирования -заказ";ON;Поиск
Поиск-НЧ;НЧ;Поиск;Стационарные перегородки;"[стационарные] [перегородки] [заказ]";ON;Поиск
Поиск-НЧ;НЧ;Поиск;Стационарные перегородки;"[неподвижные] [перегородки]";ON;Поиск
Поиск-НЧ;НЧ;Поиск;Стационарные перегородки;"[фиксированные] [перегородки]";ON;Поиск
Поиск-НЧ;НЧ;Поиск;Стационарные перегородки;"[стационарная] [перегородка] [зонирования]";ON;Поиск
Поиск-НЧ;НЧ;Поиск;Стационарные перегородки;"[стационарные] [перегородки] [цена]";ON;Поиск
Поиск-НЧ;НЧ;Поиск;Цветные декоративные перегородки;"[цветные] [перегородки] -декоративные -стеклом";ON;Поиск
Поиск-НЧ;НЧ;Поиск;Цветные декоративные перегородки;"[цветные] [декоративные] [перегородки]";ON;Поиск
Поиск-НЧ;НЧ;Поиск;Цветные декоративные перегородки;"[тонированные] [перегородки] -стеклом";ON;Поиск
Поиск-СЧ;СЧ;Поиск;Перегородки-гармошки;"[перегородка] [книжка]";ON;Поиск
Поиск-НЧ;НЧ;Поиск;Складные перегородки;"[складные] [перегородки] -москве -цена -заказ -стеклянные -зонирования -гармошка";ON;Поиск
Поиск-НЧ;НЧ;Поиск;Складные перегородки;"[складные] [перегородки] [гармошка]";ON;Поиск
Поиск-НЧ;НЧ;Поиск;Складные перегородки;"[складные] [перегородки] [цена]";ON;Поиск
Поиск-НЧ;НЧ;Поиск;Складные перегородки;"[стеклянные] [перегородки] [гармошка]";ON;Поиск
Поиск-НЧ;НЧ;Поиск;Складные перегородки;"[складная] [перегородка] [москве]";ON;Поиск
Поиск-НЧ;НЧ;Поиск;Каскадные перегородки;"[каскадная] [перегородка] [зонирования]";ON;Поиск
ТГ-СЧ;СЧ;ТГ;Лофт перегородки;"[лофт] [перегородки]";SUSPENDED;ТГ
ТГ-СЧ;СЧ;ТГ;Лофт перегородки;"[перегородки] [стиле] [лофт]";SUSPENDED;ТГ
ТГ-СЧ;СЧ;ТГ;Лофт перегородки;"[лофт] [перегородки] [купить]";SUSPENDED;ТГ
ТГ-СЧ;СЧ;ТГ;Лофт перегородки;"[лофт] [перегородки] [заказ]";SUSPENDED;ТГ
ТГ-СЧ;СЧ;ТГ;Лофт перегородки;"[лофт] [перегородки] [цена]";SUSPENDED;ТГ
ТГ-СЧ;СЧ;ТГ;Лофт перегородки;"[перегородки] [лофт] [стекла] [металла]";SUSPENDED;ТГ
ТГ-СЧ;СЧ;ТГ;Лофт перегородки;"[стеклянные] [перегородки] [лофт]";SUSPENDED;ТГ
ТГ-СЧ;СЧ;ТГ;Лофт перегородки;"[лофт] [перегородки] [зонирования]";SUSPENDED;ТГ
ТГ-СЧ;СЧ;ТГ;Лофт перегородки;"[перегородки] [стиле] [лофт] [москва]";SUSPENDED;ТГ
ТГ-СЧ;СЧ;ТГ;Лофт перегородки;"[лофт] [перегородки] [производителя]";SUSPENDED;ТГ
ТГ-СЧ;СЧ;ТГ;Лофт перегородки;"[перегородки] [лофт] [дверью]";SUSPENDED;ТГ
ТГ-СЧ;СЧ;ТГ;Лофт перегородки;"[раздвижные] [лофт] [перегородки]";SUSPENDED;ТГ
ТГ-ВЧ;ВЧ;ТГ;Межкомнатные перегородки;"[межкомнатные] [перегородки] -металлические -каскадная -зеркальные -производителя -москве -цена -купить -заказ -гармошка -дверью -квартиру -стеклянные -раздвижные";SUSPENDED;ТГ
ТГ-ВЧ;ВЧ;ТГ;Межкомнатные перегородки;"[межкомнатные] [перегородки] [заказ]";SUSPENDED;ТГ
ТГ-ВЧ;ВЧ;ТГ;Межкомнатные перегородки;"[межкомнатные] [перегородки] [купить]";SUSPENDED;ТГ
ТГ-ВЧ;ВЧ;ТГ;Межкомнатные перегородки;"[межкомнатные] [перегородки] [цена]";SUSPENDED;ТГ
ТГ-ВЧ;ВЧ;ТГ;Межкомнатные перегородки;"[межкомнатные] [перегородки] [москве]";SUSPENDED;ТГ
ТГ-ВЧ;ВЧ;ТГ;Межкомнатные перегородки;"[межкомнатные] [перегородки] [производителя]";SUSPENDED;ТГ
ТГ-ВЧ;ВЧ;ТГ;Межкомнатные перегородки;"[межкомнатные] [перегородки] [квартиру]";SUSPENDED;ТГ
ТГ-ВЧ;ВЧ;ТГ;Межкомнатные перегородки;"[стеклянные] [межкомнатные] [перегородки]";SUSPENDED;ТГ
ТГ-ВЧ;ВЧ;ТГ;Перегородки;"[перегородки] [заказ]";SUSPENDED;ТГ
ТГ-ВЧ;ВЧ;ТГ;Перегородки;"[перегородки] [заказ] [размерам]";SUSPENDED;ТГ
ТГ-ВЧ;ВЧ;ТГ;Перегородки;"[изготовление] [перегородок]";SUSPENDED;ТГ
ТГ-ВЧ;ВЧ;ТГ;Перегородки;"[производство] [перегородок]";SUSPENDED;ТГ
ТГ-ВЧ;ВЧ;ТГ;Перегородки;"[перегородки] [ключ]";SUSPENDED;ТГ
ТГ-ВЧ;ВЧ;ТГ;Перегородки;"[перегородки] [установкой]";SUSPENDED;ТГ
ТГ-НЧ;НЧ;ТГ;Арочные перегородки;"[арочные] [перегородки]";SUSPENDED;ТГ
ТГ-НЧ;НЧ;ТГ;Арочные перегородки;"[арочные] [перегородки] [заказ]";SUSPENDED;ТГ
ТГ-НЧ;НЧ;ТГ;Арочные перегородки;"[арочные] [перегородки] [стекла]";SUSPENDED;ТГ
ТГ-НЧ;НЧ;ТГ;Арочные перегородки;"[арочная] [перегородка] [купить]";SUSPENDED;ТГ
ТГ-НЧ;НЧ;ТГ;Арочные перегородки;"[арочные] [стеклянные] [перегородки]";SUSPENDED;ТГ
ТГ-НЧ;НЧ;ТГ;Арочные перегородки;"[радиусные] [перегородки]";SUSPENDED;ТГ
ТГ-НЧ;НЧ;ТГ;Арочные перегородки;"[радиусные] [перегородки] [заказ]";SUSPENDED;ТГ
ТГ-НЧ;НЧ;ТГ;Арочные перегородки;"[арочные] [перегородки] [цена]";SUSPENDED;ТГ
ТГ-НЧ;НЧ;ТГ;Арочные перегородки;"[арочная] [перегородка] [дверью]";SUSPENDED;ТГ
ТГ-НЧ;НЧ;ТГ;Арочные перегородки;"[арочные] [перегородки] [москве]";SUSPENDED;ТГ
ТГ-НЧ;НЧ;ТГ;Дизайнерские перегородки;"[дизайнерские] [перегородки]";SUSPENDED;ТГ
ТГ-НЧ;НЧ;ТГ;Дизайнерские перегородки;"[дизайнерские] [перегородки] [заказ]";SUSPENDED;ТГ
ТГ-НЧ;НЧ;ТГ;Дизайнерские перегородки;"[дизайнерские] [перегородки] [купить]";SUSPENDED;ТГ
ТГ-НЧ;НЧ;ТГ;Дизайнерские перегородки;"[дизайнерские] [перегородки] [зонирования]";SUSPENDED;ТГ
ТГ-НЧ;НЧ;ТГ;Дизайнерские перегородки;"[перегородки] [премиум] [класса]";SUSPENDED;ТГ
ТГ-НЧ;НЧ;ТГ;Дизайнерские перегородки;"[эксклюзивные] [перегородки] [заказ]";SUSPENDED;ТГ
ТГ-НЧ;НЧ;ТГ;Дизайнерские перегородки;"[дизайнерские] [стеклянные] [перегородки]";SUSPENDED;ТГ
ТГ-НЧ;НЧ;ТГ;Дизайнерские перегородки;"[дизайнерские] [перегородки] [цена]";SUSPENDED;ТГ
ТГ-НЧ;НЧ;ТГ;Дизайнерские перегородки;"[дизайнерские] [перегородки] [москве]";SUSPENDED;ТГ
ТГ-НЧ;НЧ;ТГ;Дизайнерские перегородки;"[перегородки] [дизайн] [проекту]";SUSPENDED;ТГ
ТГ-НЧ;НЧ;ТГ;Зеркальные перегородки;"[зеркальные] [перегородки] -изготовление -москве -раздвижные -комнату -межкомнатные -цена -зонирования -заказ -купить";SUSPENDED;ТГ
ТГ-НЧ;НЧ;ТГ;Зеркальные перегородки;"[зеркальные] [перегородки] [купить]";SUSPENDED;ТГ
ТГ-НЧ;НЧ;ТГ;Зеркальные перегородки;"[зеркальные] [перегородки] [заказ]";SUSPENDED;ТГ
ТГ-НЧ;НЧ;ТГ;Зеркальные перегородки;"[зеркальные] [перегородки] [зонирования]";SUSPENDED;ТГ
ТГ-НЧ;НЧ;ТГ;Зеркальные перегородки;"[зеркальные] [перегородки] [цена]";SUSPENDED;ТГ
ТГ-НЧ;НЧ;ТГ;Зеркальные перегородки;"[зеркальные] [перегородки] [межкомнатные]";SUSPENDED;ТГ
ТГ-НЧ;НЧ;ТГ;Зеркальные перегородки;"[зеркальная] [перегородка] [комнату]";SUSPENDED;ТГ
ТГ-НЧ;НЧ;ТГ;Зеркальные перегородки;"[зеркальные] [раздвижные] [перегородки]";SUSPENDED;ТГ
ТГ-НЧ;НЧ;ТГ;Зеркальные перегородки;"[зеркальные] [перегородки] [москве]";SUSPENDED;ТГ
ТГ-НЧ;НЧ;ТГ;Зеркальные перегородки;"[изготовление] [зеркальных] [перегородок]";SUSPENDED;ТГ
ТГ-НЧ;НЧ;ТГ;Перегородки стекло металл;"[перегородки] [стекло] [металл]";SUSPENDED;ТГ
ТГ-НЧ;НЧ;ТГ;Матовые перегородки;"[матовые] [перегородки]";SUSPENDED;ТГ
ТГ-НЧ;НЧ;ТГ;Матовые перегородки;"[матовые] [перегородки] [купить]";SUSPENDED;ТГ
ТГ-НЧ;НЧ;ТГ;Матовые перегородки;"[матовые] [перегородки] [заказ]";SUSPENDED;ТГ
ТГ-НЧ;НЧ;ТГ;Матовые перегородки;"[матовые] [перегородки] [цена]";SUSPENDED;ТГ
ТГ-НЧ;НЧ;ТГ;Матовые перегородки;"[матовые] [перегородки] [зонирования]";SUSPENDED;ТГ
ТГ-НЧ;НЧ;ТГ;Матовые перегородки;"[матовые] [перегородки] [москве]";SUSPENDED;ТГ
ТГ-НЧ;НЧ;ТГ;Матовые перегородки;"[матовые] [перегородки] [производителя]";SUSPENDED;ТГ
ТГ-ВЧ;ВЧ;ТГ;Перегородки для зонирования комнаты;"[перегородки] [зонирования]";SUSPENDED;ТГ
ТГ-ВЧ;ВЧ;ТГ;Перегородки для зонирования комнаты;"[перегородки] [зонирования] [пространства]";SUSPENDED;ТГ
ТГ-ВЧ;ВЧ;ТГ;Перегородки для зонирования комнаты;"[перегородки] [зонирования] [квартиры]";SUSPENDED;ТГ
ТГ-ВЧ;ВЧ;ТГ;Перегородки для зонирования комнаты;"[перегородки] [зонирования] [купить]";SUSPENDED;ТГ
ТГ-ВЧ;ВЧ;ТГ;Перегородки для зонирования комнаты;"[перегородки] [зонирования] [заказ]";SUSPENDED;ТГ
ТГ-ВЧ;ВЧ;ТГ;Перегородки для зонирования комнаты;"[перегородка] [зонирования] [комнаты] [цена]";SUSPENDED;ТГ
ТГ-ВЧ;ВЧ;ТГ;Перегородки для зонирования комнаты;"[перегородки] [зонирования] [комнаты]";SUSPENDED;ТГ
ТГ-ВЧ;ВЧ;ТГ;Перегородки для зонирования комнаты;"[стеклянные] [перегородки] [зонирования]";SUSPENDED;ТГ
ТГ-ВЧ;ВЧ;ТГ;Перегородки для зонирования комнаты;"[перегородки] [зонирования] [студии]";SUSPENDED;ТГ
ТГ-СЧ;СЧ;ТГ;Перегородки с дверью;"[перегородки] [дверью]";SUSPENDED;ТГ
ТГ-СЧ;СЧ;ТГ;Перегородки с дверью;"[перегородка] [дверью] [купить]";SUSPENDED;ТГ
ТГ-СЧ;СЧ;ТГ;Перегородки с дверью;"[перегородки] [дверью] [заказ]";SUSPENDED;ТГ
ТГ-СЧ;СЧ;ТГ;Перегородки с дверью;"[перегородка] [дверью] [цена]";SUSPENDED;ТГ
ТГ-СЧ;СЧ;ТГ;Перегородки с дверью;"[межкомнатная] [перегородка] [дверью]";SUSPENDED;ТГ
ТГ-СЧ;СЧ;ТГ;Перегородки с дверью;"[перегородка] [стеклянной] [дверью]";SUSPENDED;ТГ
ТГ-СЧ;СЧ;ТГ;Перегородки с дверью;"[перегородка] [распашной] [дверью]";SUSPENDED;ТГ
ТГ-СЧ;СЧ;ТГ;Перегородки с дверью;"[перегородки] [раздвижной] [дверью]";SUSPENDED;ТГ
ТГ-СЧ;СЧ;ТГ;Перегородки с декоративным стеклом;"[перегородки] [декоративным] [стеклом]";SUSPENDED;ТГ
ТГ-СЧ;СЧ;ТГ;Перегородки с декоративным стеклом;"[перегородки] [рифленым] [стеклом]";SUSPENDED;ТГ
ТГ-СЧ;СЧ;ТГ;Перегородки с декоративным стеклом;"[перегородки] [фактурным] [стеклом]";SUSPENDED;ТГ
ТГ-СЧ;СЧ;ТГ;Перегородки с декоративным стеклом;"[перегородки] [тонированным] [стеклом]";SUSPENDED;ТГ
ТГ-СЧ;СЧ;ТГ;Перегородки с декоративным стеклом;"[декоративное] [стекло] [перегородки] [купить]";SUSPENDED;ТГ
ТГ-СЧ;СЧ;ТГ;Перегородки с декоративным стеклом;"[перегородки] [цветным] [стеклом]";SUSPENDED;ТГ
ТГ-СЧ;СЧ;ТГ;Перегородки-гармошки;"[перегородки] [гармошка]";SUSPENDED;ТГ
ТГ-СЧ;СЧ;ТГ;Перегородки-гармошки;"[перегородка] [гармошка] [купить]";SUSPENDED;ТГ
ТГ-СЧ;СЧ;ТГ;Перегородки-гармошки;"[перегородки] [гармошка] [заказ]";SUSPENDED;ТГ
ТГ-СЧ;СЧ;ТГ;Перегородки-гармошки;"[перегородка] [гармошка] [зонирования]";SUSPENDED;ТГ
ТГ-СЧ;СЧ;ТГ;Перегородки-гармошки;"[перегородка] [гармошка] [межкомнатная]";SUSPENDED;ТГ
ТГ-СЧ;СЧ;ТГ;Перегородки-гармошки;"[перегородка] [книжка]";SUSPENDED;ТГ
ТГ-НЧ;НЧ;ТГ;Телескопические перегородки;"[телескопические] [раздвижные] [перегородки]";SUSPENDED;ТГ
ТГ-НЧ;НЧ;ТГ;Телескопические перегородки;"[телескопические] [перегородки] [цена]";SUSPENDED;ТГ
ТГ-НЧ;НЧ;ТГ;Телескопические перегородки;"[телескопические] [перегородки] [стеклянные]";SUSPENDED;ТГ
ТГ-НЧ;НЧ;ТГ;Телескопические перегородки;"[телескопические] [перегородки] [производителя]";SUSPENDED;ТГ
ТГ-НЧ;НЧ;ТГ;Телескопические перегородки;"[телескопические] [перегородки] [заказ]";SUSPENDED;ТГ
ТГ-НЧ;НЧ;ТГ;Телескопические перегородки;"[телескопические] [перегородки] [москва]";SUSPENDED;ТГ
ТГ-НЧ;НЧ;ТГ;Телескопические перегородки;"[телескопические] [перегородки] [купить]";SUSPENDED;ТГ
ТГ-НЧ;НЧ;ТГ;Телескопические перегородки;"[телескопические] [перегородки]";SUSPENDED;ТГ
ТГ-НЧ;НЧ;ТГ;Телескопические перегородки;"[телескопическая] [перегородка] [ключ]";SUSPENDED;ТГ
ТГ-НЧ;НЧ;ТГ;Телескопические перегородки;"[телескопическая] [перегородка] [зонирования]";SUSPENDED;ТГ
ТГ-НЧ;НЧ;ТГ;Телескопические перегородки;"[перегородка] [телескоп]";SUSPENDED;ТГ
ТГ-НЧ;НЧ;ТГ;Телескопические перегородки;"[изготовление] [телескопических] [перегородок]";SUSPENDED;ТГ
ТГ-НЧ;НЧ;ТГ;Каскадные перегородки;"[каскадные] [раздвижные] [перегородки]";SUSPENDED;ТГ
ТГ-НЧ;НЧ;ТГ;Каскадные перегородки;"[каскадные] [перегородки] [цена]";SUSPENDED;ТГ
ТГ-НЧ;НЧ;ТГ;Каскадные перегородки;"[каскадные] [перегородки] [установкой]";SUSPENDED;ТГ
ТГ-НЧ;НЧ;ТГ;Каскадные перегородки;"[каскадные] [перегородки] [производителя]";SUSPENDED;ТГ
ТГ-НЧ;НЧ;ТГ;Каскадные перегородки;"[каскадные] [перегородки] [заказ]";SUSPENDED;ТГ
ТГ-НЧ;НЧ;ТГ;Каскадные перегородки;"[каскадные] [перегородки] [москва]";SUSPENDED;ТГ
ТГ-НЧ;НЧ;ТГ;Каскадные перегородки;"[каскадные] [перегородки] [купить]";SUSPENDED;ТГ
ТГ-НЧ;НЧ;ТГ;Каскадные перегородки;"[каскадная] [перегородка] [межкомнатная]";SUSPENDED;ТГ
ТГ-НЧ;НЧ;ТГ;Каскадные перегородки;"[каскадные] [перегородки]";SUSPENDED;ТГ
ТГ-НЧ;НЧ;ТГ;Каскадные перегородки;"[перегородка] [каскад]";SUSPENDED;ТГ
ТГ-НЧ;НЧ;ТГ;Каскадные перегородки;"[каскадная] [перегородка] [зонирования]";SUSPENDED;ТГ
ТГ-ВЧ;ВЧ;ТГ;Раздвижные перегородки;"[раздвижные] [перегородки]";SUSPENDED;ТГ
ТГ-ВЧ;ВЧ;ТГ;Раздвижные перегородки;"[раздвижные] [стеклянные] [перегородки]";SUSPENDED;ТГ
ТГ-ВЧ;ВЧ;ТГ;Раздвижные перегородки;"[раздвижные] [перегородки] [межкомнатные]";SUSPENDED;ТГ
ТГ-ВЧ;ВЧ;ТГ;Раздвижные перегородки;"[раздвижные] [перегородки] [купить]";SUSPENDED;ТГ
ТГ-ВЧ;ВЧ;ТГ;Раздвижные перегородки;"[раздвижные] [перегородки] [цена]";SUSPENDED;ТГ
ТГ-ВЧ;ВЧ;ТГ;Раздвижные перегородки;"[раздвижные] [перегородки] [заказ]";SUSPENDED;ТГ
ТГ-ВЧ;ВЧ;ТГ;Раздвижные перегородки;"[раздвижные] [перегородки] [заказать]";SUSPENDED;ТГ
ТГ-ВЧ;ВЧ;ТГ;Раздвижные перегородки;"[раздвижные] [перегородки] [стоимость]";SUSPENDED;ТГ
ТГ-ВЧ;ВЧ;ТГ;Раздвижные перегородки;"[сколько] [стоит] [раздвижная] [перегородка]";SUSPENDED;ТГ
ТГ-ВЧ;ВЧ;ТГ;Раздвижные перегородки;"[раздвижные] [перегородки] [ключ]";SUSPENDED;ТГ
ТГ-ВЧ;ВЧ;ТГ;Раздвижные перегородки;"[раздвижные] [перегородки] [установкой]";SUSPENDED;ТГ
ТГ-ВЧ;ВЧ;ТГ;Раздвижные перегородки;"[раздвижные] [перегородки] [монтажом]";SUSPENDED;ТГ
ТГ-ВЧ;ВЧ;ТГ;Раздвижные перегородки;"[раздвижные] [перегородки] [изготовление]";SUSPENDED;ТГ
ТГ-ВЧ;ВЧ;ТГ;Раздвижные перегородки;"[раздвижные] [перегородки] [производство]";SUSPENDED;ТГ
ТГ-ВЧ;ВЧ;ТГ;Раздвижные перегородки;"[раздвижные] [перегородки] [производителя]";SUSPENDED;ТГ
ТГ-ВЧ;ВЧ;ТГ;Раздвижные перегородки;"[раздвижные] [перегородки] [размерам]";SUSPENDED;ТГ
ТГ-ВЧ;ВЧ;ТГ;Раздвижные перегородки;"[раздвижные] [перегородки] [заказ] [размерам]";SUSPENDED;ТГ
ТГ-ВЧ;ВЧ;ТГ;Раздвижные перегородки;"[раздвижные] [перегородки] [недорого]";SUSPENDED;ТГ
ТГ-ВЧ;ВЧ;ТГ;Раздвижные перегородки;"[раздвижные] [перегородки] [рассчитать] [стоимость]";SUSPENDED;ТГ
ТГ-ВЧ;ВЧ;ТГ;Раздвижные перегородки;"[раздвижные] [перегородки] [замер]";SUSPENDED;ТГ
ТГ-ВЧ;ВЧ;ТГ;Раздвижные перегородки;"[раздвижные] [перегородки] [зонирования]";SUSPENDED;ТГ
ТГ-ВЧ;ВЧ;ТГ;Раздвижные перегородки;"[раздвижные] [перегородки] [зонирования] [комнаты]";SUSPENDED;ТГ
ТГ-ВЧ;ВЧ;ТГ;Раздвижные перегородки;"[раздвижные] [межкомнатные] [перегородки] [зонирования]";SUSPENDED;ТГ
ТГ-ВЧ;ВЧ;ТГ;Раздвижные перегородки;"[раздвижные] [перегородки] [квартиру]";SUSPENDED;ТГ
ТГ-ВЧ;ВЧ;ТГ;Раздвижные перегородки;"[раздвижные] [перегородки] [студию]";SUSPENDED;ТГ
ТГ-ВЧ;ВЧ;ТГ;Раздвижные перегородки;"[раздвижные] [перегородки] [гостиную]";SUSPENDED;ТГ
ТГ-ВЧ;ВЧ;ТГ;Раздвижные перегородки;"[раздвижные] [перегородки] [между] [кухней] [гостиной]";SUSPENDED;ТГ
ТГ-ВЧ;ВЧ;ТГ;Раздвижные перегородки;"[раздвижные] [перегородки] [между] [комнатой] [кухней]";SUSPENDED;ТГ
ТГ-ВЧ;ВЧ;ТГ;Раздвижные перегородки;"[раздвижные] [перегородки] [гардеробной]";SUSPENDED;ТГ
ТГ-ВЧ;ВЧ;ТГ;Раздвижные перегородки;"[раздвижные] [перегородки] [офиса]";SUSPENDED;ТГ
ТГ-ВЧ;ВЧ;ТГ;Раздвижные перегородки;"[раздвижные] [перегородки] [Москве]";SUSPENDED;ТГ
ТГ-ВЧ;ВЧ;ТГ;Раздвижные перегородки;"[раздвижные] [перегородки] [проем]";SUSPENDED;ТГ
ТГ-ВЧ;ВЧ;ТГ;Раздвижные перегородки;"[раздвижная] [перегородка] [вместо] [двери]";SUSPENDED;ТГ
ТГ-ВЧ;ВЧ;ТГ;Раздвижные перегородки;"[раздвижная] [стеклянная] [перегородка] [комнату]";SUSPENDED;ТГ
ТГ-ВЧ;ВЧ;ТГ;Раздвижные перегородки;"[стеклянные] [раздвижные] [двери] [перегородки]";SUSPENDED;ТГ
ТГ-ВЧ;ВЧ;ТГ;Раздвижные перегородки;"[раздвижные] [перегородки] [купе]";SUSPENDED;ТГ
ТГ-ВЧ;ВЧ;ТГ;Раздвижные перегородки;"[перегородки] [роликах]";SUSPENDED;ТГ
ТГ-ВЧ;ВЧ;ТГ;Раздвижные перегородки;"[перегородки] [направляющих]";SUSPENDED;ТГ
ТГ-ВЧ;ВЧ;ТГ;Раздвижные перегородки;"[откатные] [перегородки]";SUSPENDED;ТГ
ТГ-СЧ;СЧ;ТГ;Перегородки-стеллажи;"[стеллаж] [перегородка] [зонирования]";SUSPENDED;ТГ
ТГ-СЧ;СЧ;ТГ;Перегородки-стеллажи;"[стеллаж] [перегородка] [зонирования] [комнаты]";SUSPENDED;ТГ
ТГ-СЧ;СЧ;ТГ;Перегородки-стеллажи;"[перегородка] [стеллаж] [заказ]";SUSPENDED;ТГ
ТГ-СЧ;СЧ;ТГ;Перегородки-стеллажи;"[стеллаж] [перегородка] [купить]";SUSPENDED;ТГ
ТГ-СЧ;СЧ;ТГ;Перегородки-стеллажи;"[реечный] [стеллаж] [перегородка]";SUSPENDED;ТГ
ТГ-СЧ;СЧ;ТГ;Перегородки-стеллажи;"[открытый] [стеллаж] [перегородка]";SUSPENDED;ТГ
ТГ-СЧ;СЧ;ТГ;Перегородки-стеллажи;"[стеллаж] [перегородка] [зонирования] [цена]";SUSPENDED;ТГ
ТГ-СЧ;СЧ;ТГ;Перегородки-стеллажи;"[металлический] [стеллаж] [перегородка]";SUSPENDED;ТГ
ТГ-СЧ;СЧ;ТГ;Перегородки-стеллажи;"[стеллаж] [перегородка] [гостиную] [заказ]";SUSPENDED;ТГ
ТГ-СЧ;СЧ;ТГ;Перегородки-стеллажи;"[стеллаж] [перегородка] [лофт]";SUSPENDED;ТГ
ТГ-СЧ;СЧ;ТГ;Перегородки-стеллажи;"[перегородка] [стеллаж] [потолка]";SUSPENDED;ТГ
ТГ-НЧ;НЧ;ТГ;Распашные перегородки;"[распашные] [перегородки]";SUSPENDED;ТГ
ТГ-НЧ;НЧ;ТГ;Распашные перегородки;"[распашные] [стеклянные] [перегородки] -дверью";SUSPENDED;ТГ
ТГ-НЧ;НЧ;ТГ;Распашные перегородки;"[маятниковые] [перегородки]";SUSPENDED;ТГ
ТГ-НЧ;НЧ;ТГ;Распашные перегородки;"[распашные] [перегородки] [заказ]";SUSPENDED;ТГ
ТГ-НЧ;НЧ;ТГ;Распашные перегородки;"[перегородка] [маятниковой] [дверью]";SUSPENDED;ТГ
ТГ-НЧ;НЧ;ТГ;Распашные перегородки;"[распашные] [перегородки] [цена]";SUSPENDED;ТГ
ТГ-НЧ;НЧ;ТГ;Распашные перегородки;"[распашная] [стеклянная] [перегородка] [дверью]";SUSPENDED;ТГ
ТГ-НЧ;НЧ;ТГ;Распашные перегородки;"[маятниковая] [стеклянная] [перегородка] [купить]";SUSPENDED;ТГ
ТГ-НЧ;НЧ;ТГ;Складные перегородки;"[складные] [стеклянные] [перегородки]";SUSPENDED;ТГ
ТГ-НЧ;НЧ;ТГ;Складные перегородки;"[складные] [перегородки] [заказ]";SUSPENDED;ТГ
ТГ-НЧ;НЧ;ТГ;Складные перегородки;"[складные] [перегородки] [зонирования]";SUSPENDED;ТГ
ТГ-НЧ;НЧ;ТГ;Складные перегородки;"[складные] [перегородки]";SUSPENDED;ТГ
ТГ-НЧ;НЧ;ТГ;Складные перегородки;"[складные] [перегородки] [гармошка]";SUSPENDED;ТГ
ТГ-НЧ;НЧ;ТГ;Складные перегородки;"[складные] [перегородки] [цена]";SUSPENDED;ТГ
ТГ-НЧ;НЧ;ТГ;Складные перегородки;"[стеклянные] [перегородки] [гармошка]";SUSPENDED;ТГ
ТГ-НЧ;НЧ;ТГ;Складные перегородки;"[складная] [перегородка] [москве]";SUSPENDED;ТГ
ТГ-НЧ;НЧ;ТГ;Стальные перегородки;"[металлические] [перегородки]";SUSPENDED;ТГ
ТГ-НЧ;НЧ;ТГ;Стальные перегородки;"[стальные] [перегородки]";SUSPENDED;ТГ
ТГ-НЧ;НЧ;ТГ;Стальные перегородки;"[перегородки] [стали]";SUSPENDED;ТГ
ТГ-НЧ;НЧ;ТГ;Стальные перегородки;"[перегородки] [черного] [металла]";SUSPENDED;ТГ
ТГ-НЧ;НЧ;ТГ;Стальные перегородки;"[металлические] [перегородки] [межкомнатные]";SUSPENDED;ТГ
ТГ-НЧ;НЧ;ТГ;Стальные перегородки;"[стальные] [перегородки] [заказ]";SUSPENDED;ТГ
ТГ-НЧ;НЧ;ТГ;Стальные перегородки;"[металлические] [перегородки] [зонирования]";SUSPENDED;ТГ
ТГ-НЧ;НЧ;ТГ;Стальные перегородки;"[черные] [металлические] [перегородки]";SUSPENDED;ТГ
ТГ-НЧ;НЧ;ТГ;Стационарные перегородки;"[стационарные] [перегородки]";SUSPENDED;ТГ
ТГ-НЧ;НЧ;ТГ;Стационарные перегородки;"[стационарные] [перегородки] [заказ]";SUSPENDED;ТГ
ТГ-НЧ;НЧ;ТГ;Стационарные перегородки;"[неподвижные] [перегородки]";SUSPENDED;ТГ
ТГ-НЧ;НЧ;ТГ;Стационарные перегородки;"[фиксированные] [перегородки]";SUSPENDED;ТГ
ТГ-НЧ;НЧ;ТГ;Стационарные перегородки;"[стационарная] [перегородка] [зонирования]";SUSPENDED;ТГ
ТГ-НЧ;НЧ;ТГ;Стационарные перегородки;"[стационарные] [перегородки] [цена]";SUSPENDED;ТГ
ТГ-НЧ;НЧ;ТГ;Цветные декоративные перегородки;"[цветные] [перегородки]";SUSPENDED;ТГ
ТГ-НЧ;НЧ;ТГ;Цветные декоративные перегородки;"[цветные] [декоративные] [перегородки]";SUSPENDED;ТГ
ТГ-НЧ;НЧ;ТГ;Цветные декоративные перегородки;"[тонированные] [перегородки]";SUSPENDED;ТГ
ТГ-СЧ;СЧ;ТГ;Лофт перегородки;"лофт перегородки -раздвижные -дверью -производителя -стеклянные -цена -заказ -купить -стиле -стеллаж -зонирования";ON;ТГ
ТГ-СЧ;СЧ;ТГ;Лофт перегородки;"перегородки стиле лофт -москва";ON;ТГ
ТГ-СЧ;СЧ;ТГ;Лофт перегородки;"лофт перегородки купить";ON;ТГ
ТГ-СЧ;СЧ;ТГ;Лофт перегородки;"лофт перегородки заказ";ON;ТГ
ТГ-СЧ;СЧ;ТГ;Лофт перегородки;"лофт перегородки цена";ON;ТГ
ТГ-СЧ;СЧ;ТГ;Лофт перегородки;"перегородки лофт стекла металла";ON;ТГ
ТГ-СЧ;СЧ;ТГ;Лофт перегородки;"стеклянные перегородки лофт";ON;ТГ
ТГ-СЧ;СЧ;ТГ;Лофт перегородки;"лофт перегородки зонирования";ON;ТГ
ТГ-СЧ;СЧ;ТГ;Лофт перегородки;"перегородки стиле лофт москва";ON;ТГ
ТГ-СЧ;СЧ;ТГ;Лофт перегородки;"лофт перегородки производителя";ON;ТГ
ТГ-СЧ;СЧ;ТГ;Лофт перегородки;"перегородки лофт дверью";ON;ТГ
ТГ-СЧ;СЧ;ТГ;Лофт перегородки;"раздвижные лофт перегородки";ON;ТГ
ТГ-ВЧ;ВЧ;ТГ;Межкомнатные перегородки;"межкомнатные перегородки -металлические -каскадная -зеркальные -производителя -москве -цена -купить -заказ -гармошка -дверью -квартиру -стеклянные -раздвижные";ON;ТГ
ТГ-ВЧ;ВЧ;ТГ;Межкомнатные перегородки;"межкомнатные перегородки заказ";ON;ТГ
ТГ-ВЧ;ВЧ;ТГ;Межкомнатные перегородки;"межкомнатные перегородки купить";ON;ТГ
ТГ-ВЧ;ВЧ;ТГ;Межкомнатные перегородки;"межкомнатные перегородки цена";ON;ТГ
ТГ-ВЧ;ВЧ;ТГ;Межкомнатные перегородки;"межкомнатные перегородки москве";ON;ТГ
ТГ-ВЧ;ВЧ;ТГ;Межкомнатные перегородки;"межкомнатные перегородки производителя";ON;ТГ
ТГ-ВЧ;ВЧ;ТГ;Межкомнатные перегородки;"межкомнатные перегородки квартиру";ON;ТГ
ТГ-ВЧ;ВЧ;ТГ;Межкомнатные перегородки;"стеклянные межкомнатные перегородки";ON;ТГ
ТГ-ВЧ;ВЧ;ТГ;Перегородки;"перегородки заказ -стационарные -стальные -складные -распашные -стеллаж -раздвижные -каскадные -телескопические -гармошка -зонирования -матовые -зеркальные -эксклюзивные -дизайнерские -радиусные -арочные -размерам -межкомнатные -лофт -дверью";ON;ТГ
ТГ-ВЧ;ВЧ;ТГ;Перегородки;"перегородки заказ размерам -раздвижные";ON;ТГ
ТГ-ВЧ;ВЧ;ТГ;Перегородки;"изготовление перегородок -раздвижные -телескопических -зеркальных";ON;ТГ
ТГ-ВЧ;ВЧ;ТГ;Перегородки;"производство перегородок -раздвижные";ON;ТГ
ТГ-ВЧ;ВЧ;ТГ;Перегородки;"перегородки ключ -раздвижные -телескопическая";ON;ТГ
ТГ-ВЧ;ВЧ;ТГ;Перегородки;"перегородки установкой -раздвижные -каскадные";ON;ТГ
ТГ-НЧ;НЧ;ТГ;Арочные перегородки;"арочные перегородки -москве -дверью -цена -стеклянные -купить -заказ -стекла";ON;ТГ
ТГ-НЧ;НЧ;ТГ;Арочные перегородки;"арочные перегородки заказ";ON;ТГ
ТГ-НЧ;НЧ;ТГ;Арочные перегородки;"арочные перегородки стекла";ON;ТГ
ТГ-НЧ;НЧ;ТГ;Арочные перегородки;"арочная перегородка купить";ON;ТГ
ТГ-НЧ;НЧ;ТГ;Арочные перегородки;"арочные стеклянные перегородки";ON;ТГ
ТГ-НЧ;НЧ;ТГ;Арочные перегородки;"радиусные перегородки -заказ";ON;ТГ
ТГ-НЧ;НЧ;ТГ;Арочные перегородки;"радиусные перегородки заказ";ON;ТГ
ТГ-НЧ;НЧ;ТГ;Арочные перегородки;"арочные перегородки цена";ON;ТГ
ТГ-НЧ;НЧ;ТГ;Арочные перегородки;"арочная перегородка дверью";ON;ТГ
ТГ-НЧ;НЧ;ТГ;Арочные перегородки;"арочные перегородки москве";ON;ТГ
ТГ-НЧ;НЧ;ТГ;Дизайнерские перегородки;"дизайнерские перегородки -москве -цена -стеклянные -купить -заказ -зонирования";ON;ТГ
ТГ-НЧ;НЧ;ТГ;Дизайнерские перегородки;"дизайнерские перегородки заказ";ON;ТГ
ТГ-НЧ;НЧ;ТГ;Дизайнерские перегородки;"дизайнерские перегородки купить";ON;ТГ
ТГ-НЧ;НЧ;ТГ;Дизайнерские перегородки;"дизайнерские перегородки зонирования";ON;ТГ
ТГ-НЧ;НЧ;ТГ;Дизайнерские перегородки;"перегородки премиум класса";ON;ТГ
ТГ-НЧ;НЧ;ТГ;Дизайнерские перегородки;"эксклюзивные перегородки заказ";ON;ТГ
ТГ-НЧ;НЧ;ТГ;Дизайнерские перегородки;"дизайнерские стеклянные перегородки";ON;ТГ
ТГ-НЧ;НЧ;ТГ;Дизайнерские перегородки;"дизайнерские перегородки цена";ON;ТГ
ТГ-НЧ;НЧ;ТГ;Дизайнерские перегородки;"дизайнерские перегородки москве";ON;ТГ
ТГ-НЧ;НЧ;ТГ;Дизайнерские перегородки;"перегородки дизайн проекту";ON;ТГ
ТГ-НЧ;НЧ;ТГ;Зеркальные перегородки;"зеркальные перегородки -изготовление -москве -раздвижные -комнату -межкомнатные -цена -зонирования -заказ -купить";ON;ТГ
ТГ-НЧ;НЧ;ТГ;Зеркальные перегородки;"зеркальные перегородки купить";ON;ТГ
ТГ-НЧ;НЧ;ТГ;Зеркальные перегородки;"зеркальные перегородки заказ";ON;ТГ
ТГ-НЧ;НЧ;ТГ;Зеркальные перегородки;"зеркальные перегородки зонирования";ON;ТГ
ТГ-НЧ;НЧ;ТГ;Зеркальные перегородки;"зеркальные перегородки цена";ON;ТГ
ТГ-НЧ;НЧ;ТГ;Зеркальные перегородки;"зеркальные перегородки межкомнатные";ON;ТГ
ТГ-НЧ;НЧ;ТГ;Зеркальные перегородки;"зеркальная перегородка комнату";ON;ТГ
ТГ-НЧ;НЧ;ТГ;Зеркальные перегородки;"зеркальные раздвижные перегородки";ON;ТГ
ТГ-НЧ;НЧ;ТГ;Зеркальные перегородки;"зеркальные перегородки москве";ON;ТГ
ТГ-НЧ;НЧ;ТГ;Зеркальные перегородки;"изготовление зеркальных перегородок";ON;ТГ
ТГ-НЧ;НЧ;ТГ;Перегородки стекло металл;"перегородки стекло металл -лофт";ON;ТГ
ТГ-НЧ;НЧ;ТГ;Матовые перегородки;"матовые перегородки -производителя -цена -заказ -купить -москве -зонирования";ON;ТГ
ТГ-НЧ;НЧ;ТГ;Матовые перегородки;"матовые перегородки купить";ON;ТГ
ТГ-НЧ;НЧ;ТГ;Матовые перегородки;"матовые перегородки заказ";ON;ТГ
ТГ-НЧ;НЧ;ТГ;Матовые перегородки;"матовые перегородки цена";ON;ТГ
ТГ-НЧ;НЧ;ТГ;Матовые перегородки;"матовые перегородки зонирования";ON;ТГ
ТГ-НЧ;НЧ;ТГ;Матовые перегородки;"матовые перегородки москве";ON;ТГ
ТГ-НЧ;НЧ;ТГ;Матовые перегородки;"матовые перегородки производителя";ON;ТГ
ТГ-ВЧ;ВЧ;ТГ;Перегородки для зонирования комнаты;"перегородки зонирования -стационарная -металлические -телескопическая -гармошка -заказ -зеркальные -стеллаж -каскадная -студии -стеклянные -купить -квартиры -матовые -дизайнерские -складные -раздвижные -лофт -комнаты -пространства";ON;ТГ
ТГ-ВЧ;ВЧ;ТГ;Перегородки для зонирования комнаты;"перегородки зонирования пространства";ON;ТГ
ТГ-ВЧ;ВЧ;ТГ;Перегородки для зонирования комнаты;"перегородки зонирования квартиры";ON;ТГ
ТГ-ВЧ;ВЧ;ТГ;Перегородки для зонирования комнаты;"перегородки зонирования купить";ON;ТГ
ТГ-ВЧ;ВЧ;ТГ;Перегородки для зонирования комнаты;"перегородки зонирования заказ";ON;ТГ
ТГ-ВЧ;ВЧ;ТГ;Перегородки для зонирования комнаты;"перегородка зонирования комнаты цена";ON;ТГ
ТГ-ВЧ;ВЧ;ТГ;Перегородки для зонирования комнаты;"перегородки зонирования комнаты -цена -стеллаж -раздвижные";ON;ТГ
ТГ-ВЧ;ВЧ;ТГ;Перегородки для зонирования комнаты;"стеклянные перегородки зонирования";ON;ТГ
ТГ-ВЧ;ВЧ;ТГ;Перегородки для зонирования комнаты;"перегородки зонирования студии";ON;ТГ
ТГ-СЧ;СЧ;ТГ;Перегородки с дверью;"перегородки дверью -маятниковой -распашной -цена -купить -арочная -лофт -раздвижной -стеклянной -межкомнатная -заказ";ON;ТГ
ТГ-СЧ;СЧ;ТГ;Перегородки с дверью;"стеклянные перегородки дверью";ON;ТГ
ТГ-СЧ;СЧ;ТГ;Перегородки с дверью;"перегородка дверью купить";ON;ТГ
ТГ-СЧ;СЧ;ТГ;Перегородки с дверью;"перегородки дверью заказ";ON;ТГ
ТГ-СЧ;СЧ;ТГ;Перегородки с дверью;"перегородка дверью цена";ON;ТГ
ТГ-СЧ;СЧ;ТГ;Перегородки с дверью;"межкомнатная перегородка дверью";ON;ТГ
ТГ-СЧ;СЧ;ТГ;Перегородки с дверью;"стеклянные перегородки дверью -распашная -раздвижные";ON;ТГ
ТГ-СЧ;СЧ;ТГ;Перегородки с дверью;"перегородка распашной дверью -стеклянная";ON;ТГ
ТГ-СЧ;СЧ;ТГ;Перегородки с дверью;"перегородки раздвижной дверью -вместо -стеклянные";ON;ТГ
ТГ-СЧ;СЧ;ТГ;Перегородки с декоративным стеклом;"перегородки декоративным стеклом -купить";ON;ТГ
ТГ-СЧ;СЧ;ТГ;Перегородки с декоративным стеклом;"перегородки рифленым стеклом";ON;ТГ
ТГ-СЧ;СЧ;ТГ;Перегородки с декоративным стеклом;"перегородки фактурным стеклом";ON;ТГ
ТГ-СЧ;СЧ;ТГ;Перегородки с декоративным стеклом;"перегородки тонированным стеклом";ON;ТГ
ТГ-СЧ;СЧ;ТГ;Перегородки с декоративным стеклом;"декоративное стекло перегородки купить";ON;ТГ
ТГ-СЧ;СЧ;ТГ;Перегородки с декоративным стеклом;"перегородки цветным стеклом";ON;ТГ
ТГ-СЧ;СЧ;ТГ;Перегородки-гармошки;"перегородки гармошка -стеклянные -зонирования -заказ -купить -межкомнатная -складные";ON;ТГ
ТГ-СЧ;СЧ;ТГ;Перегородки-гармошки;"перегородка гармошка купить";ON;ТГ
ТГ-СЧ;СЧ;ТГ;Перегородки-гармошки;"перегородки гармошка заказ";ON;ТГ
ТГ-СЧ;СЧ;ТГ;Перегородки-гармошки;"перегородка гармошка зонирования";ON;ТГ
ТГ-СЧ;СЧ;ТГ;Перегородки-гармошки;"перегородка гармошка межкомнатная";ON;ТГ
ТГ-СЧ;СЧ;ТГ;Перегородки-гармошки;"перегородка книжка";ON;ТГ
ТГ-НЧ;НЧ;ТГ;Телескопические перегородки;"телескопические раздвижные перегородки";ON;ТГ
ТГ-НЧ;НЧ;ТГ;Телескопические перегородки;"телескопические перегородки цена";ON;ТГ
ТГ-НЧ;НЧ;ТГ;Телескопические перегородки;"телескопические перегородки стеклянные";ON;ТГ
ТГ-НЧ;НЧ;ТГ;Телескопические перегородки;"телескопические перегородки производителя";ON;ТГ
ТГ-НЧ;НЧ;ТГ;Телескопические перегородки;"телескопические перегородки заказ";ON;ТГ
ТГ-НЧ;НЧ;ТГ;Телескопические перегородки;"телескопические перегородки москва";ON;ТГ
ТГ-НЧ;НЧ;ТГ;Телескопические перегородки;"телескопические перегородки купить";ON;ТГ
ТГ-НЧ;НЧ;ТГ;Телескопические перегородки;"телескопические перегородки -изготовление -зонирования -ключ -купить -москва -заказ -производителя -стеклянные -цена -раздвижные";ON;ТГ
ТГ-НЧ;НЧ;ТГ;Телескопические перегородки;"телескопическая перегородка ключ";ON;ТГ
ТГ-НЧ;НЧ;ТГ;Телескопические перегородки;"телескопическая перегородка зонирования";ON;ТГ
ТГ-НЧ;НЧ;ТГ;Телескопические перегородки;"перегородка телескоп";ON;ТГ
ТГ-НЧ;НЧ;ТГ;Телескопические перегородки;"изготовление телескопических перегородок";ON;ТГ
ТГ-НЧ;НЧ;ТГ;Каскадные перегородки;"каскадные раздвижные перегородки";ON;ТГ
ТГ-НЧ;НЧ;ТГ;Каскадные перегородки;"каскадные перегородки цена";ON;ТГ
ТГ-НЧ;НЧ;ТГ;Каскадные перегородки;"каскадные перегородки установкой";ON;ТГ
ТГ-НЧ;НЧ;ТГ;Каскадные перегородки;"каскадные перегородки производителя";ON;ТГ
ТГ-НЧ;НЧ;ТГ;Каскадные перегородки;"каскадные перегородки заказ";ON;ТГ
ТГ-НЧ;НЧ;ТГ;Каскадные перегородки;"каскадные перегородки москва";ON;ТГ
ТГ-НЧ;НЧ;ТГ;Каскадные перегородки;"каскадные перегородки купить";ON;ТГ
ТГ-НЧ;НЧ;ТГ;Каскадные перегородки;"каскадная перегородка межкомнатная";ON;ТГ
ТГ-НЧ;НЧ;ТГ;Каскадные перегородки;"каскадные перегородки -межкомнатная -москва -заказ -производителя -установкой -цена -зонирования -купить -раздвижные";ON;ТГ
ТГ-НЧ;НЧ;ТГ;Каскадные перегородки;"перегородка каскад";ON;ТГ
ТГ-НЧ;НЧ;ТГ;Каскадные перегородки;"каскадная перегородка зонирования";ON;ТГ
ТГ-ВЧ;ВЧ;ТГ;Раздвижные перегородки;"раздвижные перегородки -купе -офиса -студию -замер -размерам -производителя -производство -изготовление -монтажом -установкой -ключ -стоимость -заказать -заказ -телескопические -зеркальные -лофт -проем -Москве -гардеробной -гостиную -квартиру -недорого -цена -купить -дверью -зонирования -каскадные -стеклянные -межкомнатные";ON;ТГ
ТГ-ВЧ;ВЧ;ТГ;Раздвижные перегородки;"раздвижные стеклянные перегородки -комнату -двери";ON;ТГ
ТГ-ВЧ;ВЧ;ТГ;Раздвижные перегородки;"раздвижные перегородки межкомнатные -зонирования";ON;ТГ
ТГ-ВЧ;ВЧ;ТГ;Раздвижные перегородки;"раздвижные перегородки купить";ON;ТГ
ТГ-ВЧ;ВЧ;ТГ;Раздвижные перегородки;"раздвижные перегородки цена";ON;ТГ
ТГ-ВЧ;ВЧ;ТГ;Раздвижные перегородки;"раздвижные перегородки заказ -размерам";ON;ТГ
ТГ-ВЧ;ВЧ;ТГ;Раздвижные перегородки;"раздвижные перегородки заказать";ON;ТГ
ТГ-ВЧ;ВЧ;ТГ;Раздвижные перегородки;"раздвижные перегородки стоимость -рассчитать";ON;ТГ
ТГ-ВЧ;ВЧ;ТГ;Раздвижные перегородки;"сколько стоит раздвижная перегородка";ON;ТГ
ТГ-ВЧ;ВЧ;ТГ;Раздвижные перегородки;"раздвижные перегородки ключ";ON;ТГ
ТГ-ВЧ;ВЧ;ТГ;Раздвижные перегородки;"раздвижные перегородки установкой";ON;ТГ
ТГ-ВЧ;ВЧ;ТГ;Раздвижные перегородки;"раздвижные перегородки монтажом";ON;ТГ
ТГ-ВЧ;ВЧ;ТГ;Раздвижные перегородки;"раздвижные перегородки изготовление";ON;ТГ
ТГ-ВЧ;ВЧ;ТГ;Раздвижные перегородки;"раздвижные перегородки производство";ON;ТГ
ТГ-ВЧ;ВЧ;ТГ;Раздвижные перегородки;"раздвижные перегородки производителя";ON;ТГ
ТГ-ВЧ;ВЧ;ТГ;Раздвижные перегородки;"раздвижные перегородки размерам -заказ";ON;ТГ
ТГ-ВЧ;ВЧ;ТГ;Раздвижные перегородки;"раздвижные перегородки заказ размерам";ON;ТГ
ТГ-ВЧ;ВЧ;ТГ;Раздвижные перегородки;"раздвижные перегородки недорого";ON;ТГ
ТГ-ВЧ;ВЧ;ТГ;Раздвижные перегородки;"раздвижные перегородки рассчитать стоимость";ON;ТГ
ТГ-ВЧ;ВЧ;ТГ;Раздвижные перегородки;"раздвижные перегородки замер";ON;ТГ
ТГ-ВЧ;ВЧ;ТГ;Раздвижные перегородки;"раздвижные перегородки зонирования -межкомнатные -комнаты";ON;ТГ
ТГ-ВЧ;ВЧ;ТГ;Раздвижные перегородки;"раздвижные перегородки зонирования комнаты";ON;ТГ
ТГ-ВЧ;ВЧ;ТГ;Раздвижные перегородки;"раздвижные межкомнатные перегородки зонирования";ON;ТГ
ТГ-ВЧ;ВЧ;ТГ;Раздвижные перегородки;"раздвижные перегородки квартиру";ON;ТГ
ТГ-ВЧ;ВЧ;ТГ;Раздвижные перегородки;"раздвижные перегородки студию";ON;ТГ
ТГ-ВЧ;ВЧ;ТГ;Раздвижные перегородки;"раздвижные перегородки гостиную";ON;ТГ
ТГ-ВЧ;ВЧ;ТГ;Раздвижные перегородки;"раздвижные перегородки между кухней гостиной";ON;ТГ
ТГ-ВЧ;ВЧ;ТГ;Раздвижные перегородки;"раздвижные перегородки между комнатой кухней";ON;ТГ
ТГ-ВЧ;ВЧ;ТГ;Раздвижные перегородки;"раздвижные перегородки гардеробной";ON;ТГ
ТГ-ВЧ;ВЧ;ТГ;Раздвижные перегородки;"раздвижные перегородки офиса";ON;ТГ
ТГ-ВЧ;ВЧ;ТГ;Раздвижные перегородки;"раздвижные перегородки Москве";ON;ТГ
ТГ-ВЧ;ВЧ;ТГ;Раздвижные перегородки;"раздвижные перегородки проем";ON;ТГ
ТГ-ВЧ;ВЧ;ТГ;Раздвижные перегородки;"раздвижная перегородка вместо двери";ON;ТГ
ТГ-ВЧ;ВЧ;ТГ;Раздвижные перегородки;"раздвижная стеклянная перегородка комнату";ON;ТГ
ТГ-ВЧ;ВЧ;ТГ;Раздвижные перегородки;"стеклянные раздвижные двери перегородки";ON;ТГ
ТГ-ВЧ;ВЧ;ТГ;Раздвижные перегородки;"раздвижные перегородки купе";ON;ТГ
ТГ-ВЧ;ВЧ;ТГ;Раздвижные перегородки;"перегородки роликах";ON;ТГ
ТГ-ВЧ;ВЧ;ТГ;Раздвижные перегородки;"перегородки направляющих";ON;ТГ
ТГ-ВЧ;ВЧ;ТГ;Раздвижные перегородки;"откатные перегородки";ON;ТГ
ТГ-СЧ;СЧ;ТГ;Перегородки-стеллажи;"стеллаж перегородка зонирования -цена -комнаты";ON;ТГ
ТГ-СЧ;СЧ;ТГ;Перегородки-стеллажи;"стеллаж перегородка зонирования комнаты";ON;ТГ
ТГ-СЧ;СЧ;ТГ;Перегородки-стеллажи;"перегородка стеллаж заказ -гостиную";ON;ТГ
ТГ-СЧ;СЧ;ТГ;Перегородки-стеллажи;"стеллаж перегородка купить";ON;ТГ
ТГ-СЧ;СЧ;ТГ;Перегородки-стеллажи;"реечный стеллаж перегородка";ON;ТГ
ТГ-СЧ;СЧ;ТГ;Перегородки-стеллажи;"открытый стеллаж перегородка";ON;ТГ
ТГ-СЧ;СЧ;ТГ;Перегородки-стеллажи;"стеллаж перегородка зонирования цена";ON;ТГ
ТГ-СЧ;СЧ;ТГ;Перегородки-стеллажи;"металлический стеллаж перегородка";ON;ТГ
ТГ-СЧ;СЧ;ТГ;Перегородки-стеллажи;"стеллаж перегородка гостиную заказ";ON;ТГ
ТГ-СЧ;СЧ;ТГ;Перегородки-стеллажи;"стеллаж перегородка лофт";ON;ТГ
ТГ-СЧ;СЧ;ТГ;Перегородки-стеллажи;"перегородка стеллаж потолка";ON;ТГ
ТГ-НЧ;НЧ;ТГ;Распашные перегородки;"распашные перегородки -цена -заказ -стеклянные -дверью";ON;ТГ
ТГ-НЧ;НЧ;ТГ;Распашные перегородки;"распашные стеклянные перегородки -дверью";ON;ТГ
ТГ-НЧ;НЧ;ТГ;Распашные перегородки;"маятниковые перегородки -дверью";ON;ТГ
ТГ-НЧ;НЧ;ТГ;Распашные перегородки;"распашные перегородки заказ";ON;ТГ
ТГ-НЧ;НЧ;ТГ;Распашные перегородки;"перегородка маятниковой дверью";ON;ТГ
ТГ-НЧ;НЧ;ТГ;Распашные перегородки;"распашные перегородки цена";ON;ТГ
ТГ-НЧ;НЧ;ТГ;Распашные перегородки;"распашная стеклянная перегородка дверью";ON;ТГ
ТГ-НЧ;НЧ;ТГ;Распашные перегородки;"маятниковая стеклянная перегородка купить";ON;ТГ
ТГ-НЧ;НЧ;ТГ;Складные перегородки;"складные стеклянные перегородки";ON;ТГ
ТГ-НЧ;НЧ;ТГ;Складные перегородки;"складные перегородки заказ";ON;ТГ
ТГ-НЧ;НЧ;ТГ;Складные перегородки;"складные перегородки зонирования";ON;ТГ
ТГ-НЧ;НЧ;ТГ;Складные перегородки;"складные перегородки -москве -цена -заказ -стеклянные -зонирования -гармошка";ON;ТГ
ТГ-НЧ;НЧ;ТГ;Складные перегородки;"складные перегородки гармошка";ON;ТГ
ТГ-НЧ;НЧ;ТГ;Складные перегородки;"складные перегородки цена";ON;ТГ
ТГ-НЧ;НЧ;ТГ;Складные перегородки;"стеклянные перегородки гармошка";ON;ТГ
ТГ-НЧ;НЧ;ТГ;Складные перегородки;"складная перегородка москве";ON;ТГ
ТГ-НЧ;НЧ;ТГ;Стальные перегородки;"металлические перегородки -черные -зонирования -межкомнатные -стеллаж";ON;ТГ
ТГ-НЧ;НЧ;ТГ;Стальные перегородки;"стальные перегородки -заказ";ON;ТГ
ТГ-НЧ;НЧ;ТГ;Стальные перегородки;"перегородки стали";ON;ТГ
ТГ-НЧ;НЧ;ТГ;Стальные перегородки;"перегородки черного металла";ON;ТГ
ТГ-НЧ;НЧ;ТГ;Стальные перегородки;"металлические перегородки межкомнатные";ON;ТГ
ТГ-НЧ;НЧ;ТГ;Стальные перегородки;"стальные перегородки заказ";ON;ТГ
ТГ-НЧ;НЧ;ТГ;Стальные перегородки;"металлические перегородки зонирования";ON;ТГ
ТГ-НЧ;НЧ;ТГ;Стальные перегородки;"черные металлические перегородки";ON;ТГ
ТГ-НЧ;НЧ;ТГ;Стационарные перегородки;"стационарные перегородки -цена -зонирования -заказ";ON;ТГ
ТГ-НЧ;НЧ;ТГ;Стационарные перегородки;"стационарные перегородки заказ";ON;ТГ
ТГ-НЧ;НЧ;ТГ;Стационарные перегородки;"неподвижные перегородки";ON;ТГ
ТГ-НЧ;НЧ;ТГ;Стационарные перегородки;"фиксированные перегородки";ON;ТГ
ТГ-НЧ;НЧ;ТГ;Стационарные перегородки;"стационарная перегородка зонирования";ON;ТГ
ТГ-НЧ;НЧ;ТГ;Стационарные перегородки;"стационарные перегородки цена";ON;ТГ
ТГ-НЧ;НЧ;ТГ;Цветные декоративные перегородки;"цветные перегородки -декоративные -стеклом";ON;ТГ
ТГ-НЧ;НЧ;ТГ;Цветные декоративные перегородки;"цветные декоративные перегородки";ON;ТГ
ТГ-НЧ;НЧ;ТГ;Цветные декоративные перегородки;"тонированные перегородки -стеклом";ON;ТГ
Поиск-СЧ;СЧ;Поиск;Лофт перегородки;"---autotargeting";ON;Поиск
Поиск-ВЧ;ВЧ;Поиск;Межкомнатные перегородки;"---autotargeting";ON;Поиск
Поиск-ВЧ;ВЧ;Поиск;Перегородки;"---autotargeting";ON;Поиск
Поиск-НЧ;НЧ;Поиск;Арочные перегородки;"---autotargeting";ON;Поиск
Поиск-НЧ;НЧ;Поиск;Дизайнерские перегородки;"---autotargeting";ON;Поиск
Поиск-НЧ;НЧ;Поиск;Зеркальные перегородки;"---autotargeting";ON;Поиск
Поиск-НЧ;НЧ;Поиск;Перегородки стекло металл;"---autotargeting";ON;Поиск
Поиск-НЧ;НЧ;Поиск;Матовые перегородки;"---autotargeting";ON;Поиск
Поиск-ВЧ;ВЧ;Поиск;Перегородки для зонирования комнаты;"---autotargeting";ON;Поиск
Поиск-СЧ;СЧ;Поиск;Перегородки с дверью;"---autotargeting";ON;Поиск
Поиск-СЧ;СЧ;Поиск;Перегородки с декоративным стеклом;"---autotargeting";ON;Поиск
Поиск-СЧ;СЧ;Поиск;Перегородки-гармошки;"---autotargeting";ON;Поиск
Поиск-НЧ;НЧ;Поиск;Телескопические перегородки;"---autotargeting";ON;Поиск
Поиск-НЧ;НЧ;Поиск;Каскадные перегородки;"---autotargeting";ON;Поиск
Поиск-ВЧ;ВЧ;Поиск;Раздвижные перегородки;"---autotargeting";ON;Поиск
Поиск-СЧ;СЧ;Поиск;Перегородки-стеллажи;"---autotargeting";ON;Поиск
Поиск-НЧ;НЧ;Поиск;Распашные перегородки;"---autotargeting";ON;Поиск
Поиск-НЧ;НЧ;Поиск;Складные перегородки;"---autotargeting";ON;Поиск
Поиск-НЧ;НЧ;Поиск;Стальные перегородки;"---autotargeting";ON;Поиск
Поиск-НЧ;НЧ;Поиск;Стационарные перегородки;"---autotargeting";ON;Поиск
Поиск-НЧ;НЧ;Поиск;Цветные декоративные перегородки;"---autotargeting";ON;Поиск
ТГ-СЧ;СЧ;ТГ;Лофт перегородки;"---autotargeting";ON;ТГ
ТГ-ВЧ;ВЧ;ТГ;Межкомнатные перегородки;"---autotargeting";ON;ТГ
ТГ-ВЧ;ВЧ;ТГ;Перегородки;"---autotargeting";ON;ТГ
ТГ-НЧ;НЧ;ТГ;Арочные перегородки;"---autotargeting";ON;ТГ
ТГ-НЧ;НЧ;ТГ;Дизайнерские перегородки;"---autotargeting";ON;ТГ
ТГ-НЧ;НЧ;ТГ;Зеркальные перегородки;"---autotargeting";ON;ТГ
ТГ-НЧ;НЧ;ТГ;Перегородки стекло металл;"---autotargeting";ON;ТГ
ТГ-НЧ;НЧ;ТГ;Матовые перегородки;"---autotargeting";ON;ТГ
ТГ-ВЧ;ВЧ;ТГ;Перегородки для зонирования комнаты;"---autotargeting";ON;ТГ
ТГ-СЧ;СЧ;ТГ;Перегородки с дверью;"---autotargeting";ON;ТГ
ТГ-СЧ;СЧ;ТГ;Перегородки с декоративным стеклом;"---autotargeting";ON;ТГ
ТГ-СЧ;СЧ;ТГ;Перегородки-гармошки;"---autotargeting";ON;ТГ
ТГ-НЧ;НЧ;ТГ;Телескопические перегородки;"---autotargeting";ON;ТГ
ТГ-НЧ;НЧ;ТГ;Каскадные перегородки;"---autotargeting";ON;ТГ
ТГ-ВЧ;ВЧ;ТГ;Раздвижные перегородки;"---autotargeting";ON;ТГ
ТГ-СЧ;СЧ;ТГ;Перегородки-стеллажи;"---autotargeting";ON;ТГ
ТГ-НЧ;НЧ;ТГ;Распашные перегородки;"---autotargeting";ON;ТГ
ТГ-НЧ;НЧ;ТГ;Складные перегородки;"---autotargeting";ON;ТГ
ТГ-НЧ;НЧ;ТГ;Стальные перегородки;"---autotargeting";ON;ТГ
ТГ-НЧ;НЧ;ТГ;Стационарные перегородки;"---autotargeting";ON;ТГ
ТГ-НЧ;НЧ;ТГ;Цветные декоративные перегородки;"---autotargeting";ON;ТГ