ID;Б/Е;Блок;Задача;Обоснование;Источник;Автор;Ответственный;Приоритет;Тип;Часов в неделю;Старт;Дней;Зависит;Ждём от;Статус;Гейт
D1;ОМ;Деньги на этой неделе;Заплатить налог 1,4 млн 28 августа полностью;Пени стоят около 22 тысяч за месяц, это не проблема. Проблема в другом: арест счёта заморозит не 1,4 млн, а весь поток. Через счёт проходит 8 млн выплат Озона в месяц, инкассо снимет их первым делом. Плюс красная метка и почти гарантированно похороненная заявка в ВТБ.;[ДАННЫЕ] переписка дирекции 20-21.08.2026 | [ДАННЫЕ] сводный отчёт Озона (pnl_30d): выплата 8 015 885 за 30 дней;Финансовый разбор;Иван;высокий;проект;10;2026-08-26;3;;Настя, Богдан;план;да
D2;ОМ;Деньги на этой неделе;Подать заявление на рассрочку по сентябрьскому платежу НДС;К 28 августа рассрочку не успеть: нужно обеспечение и до 30 дней на решение. Но следующие 1,4 млн придут 28 сентября, и к ним заявление подать надо сейчас.;[ДАННЫЕ] переписка дирекции 20-21.08.2026;Финансовый разбор;Иван;высокий;проект;8;2026-09-04;5;;Настя;план;да
D3;ОМ;Деньги на этой неделе;График по недоплаченной аренде 927 504 и разговор о сокращении площади;Арендодателю график выгоднее суда, выселение тянется месяцами. Три платежа по 309 тысяч на сентябрь, октябрь и ноябрь высвобождают 618 тысяч кассы прямо сейчас.;[ДАННЫЕ] переписка дирекции 20-21.08.2026;Финансовый разбор;Иван;высокий;проект;8;2026-08-26;3;;Богдан;план;да
D4;ОМ;Деньги на этой неделе;План на случай ареста счетов: очередь платежей, запасной счёт, что с площадками;Если счёт встанет, отгрузки и реклама остановятся за сутки. План должен лежать готовым до 28 августа, а не писаться после.;[ГИПОТЕЗА] предложение консилиума 25.08.2026;Финансовый разбор;Дима;высокий;проект;10;2026-08-26;3;;;план;да
D5;ОМ;Деньги на этой неделе;Платёжный календарь по неделям на сентябрь и октябрь;Прибыль это не деньги. В антикризис управляют кассой: что приходит по неделям, что обязаны заплатить, где разрыв.;[ГИПОТЕЗА] предложение консилиума 25.08.2026;Финансовый разбор;Иван;высокий;проект;12;2026-09-09;5;;Настя;план;
D6;ОМ;Деньги на этой неделе;Полная карта регулярных платежей: кому, сколько, кто владелец строки;Цель дирекции минус 3-4 млн в месяц. Сейчас по цифрам закрыто около 40 процентов статей: нет ФОТ по подразделениям, кредитов и лизинга, подписок вне Озона, расходов по перегородкам и памятникам. Без карты разговор о сокращении идёт вслепую.;[ДАННЫЕ] переписка дирекции 20-21.08.2026 | [НЕТ ДАННЫХ] по семи статьям;Финансовый разбор;Дима;высокий;проект;12;2026-08-31;4;;Настя;план;
D7;ОМ;Деньги на этой неделе;Что делаем, если сентябрь придёт на половину от базы;Платёжный календарь покажет разрыв, а что при этом делаем, нигде не записано. Нужен короткий сценарий и признаки, при которых план останавливают и пересобирают.;[ГИПОТЕЗА] предложение консилиума 25.08.2026;ФЕНИКС;Иван;высокий;проект;8;2026-09-14;3;;;план;
E1;ГГС;Режем расходы;Проверить кампанию с оплатой за заказ по кабинету Озона за 48 часов;Она сожгла 2,16 млн за июль и август и показала ноль заказов, это 55 процентов рекламного бюджета площадки. Схема по определению списывает только за заказы. Значит либо сломана привязка заказов, либо платим за чужие. Ни то ни другое оставлять нельзя, но и гасить вслепую опасно: если привязка сломана, отключение уронит живые продажи.;[ДАННЫЕ] выгрузка по рекламе Озона (ads_daily), июль-август 2026;Финансовый разбор;Катя;высокий;проект;12;2026-08-26;2;;;план;да
E2;ГГС;Режем расходы;Погасить 20 кампаний с нулём заказов и 13 с долей рекламы выше порога;Семнадцать кампаний без единого заказа и десять с долей рекламы выше порога окупаемости. Порядок экономии от 400 до 470 тысяч в месяц, точная цифра станет ясна после разбора всего кабинета. Деньги видны в выплатах Озона через одну-две недели.;[ДАННЫЕ] выгрузка по рекламе Озона, 26.07-24.08.2026;Финансовый разбор;Катя;высокий;проект;14;2026-08-28;3;E1;;план;
E3;ГГС;Режем расходы;Записать порог окупаемости рекламы одной формулой;С каждого рубля, который Озон насчитал, на счёт приходит 38,3 копейки. Себестоимость съедает ещё около 21,8 копейки. Значит на рекламу и прибыль остаётся от 16,5 до 18,1 процента от начислений, и кампания с долей рекламы выше этого работает в минус. Формулу записать на бумаге, чтобы по каждой кампании не спорить заново.;[ДАННЫЕ] сводный отчёт Озона и себестоимость, 26.07-24.08.2026;Финансовый разбор;Катя;высокий;проект;6;2026-08-26;1;;;план;
E4;ОМ;Режем расходы;Ревизия подписок и сервисов: что выключаем;Точечно закрываем два сервиса, а сплошного списка ежемесячных платежей нет. Обычно там набирается сумма, которую никто не пересматривал год.;[ГИПОТЕЗА] предложение консилиума 25.08.2026;ФЕНИКС;Дима;высокий;проект;10;2026-10-15;5;D6;;план;да
E5;ГГС;Режем расходы;Отключить подписки Озона, замерив эффект на позиции;Подписки площадки стоят до 281 177 в месяц. Позиции в выдаче просядут, поэтому сначала замер на части товаров, потом решение.;[ДАННЫЕ] сводный отчёт Озона (pnl_30d);Финансовый разбор;Катя;средний;проект;8;2026-09-23;5;;;план;
E6;ГМ;Режем расходы;Закрыть Некрополь: забрать возврат, зафиксировать убыток 74-78 тысяч;Решение принято дирекцией 20 августа. Возвращают только 25 процентов. Логика простая: впереди образцы, застройка и логистика, это сотни тысяч. Лучше зафиксировать убыток сейчас.;[ДАННЫЕ] переписка дирекции 20-21.08.2026;Дирекция;Софа;высокий;проект;8;2026-08-26;4;;;план;да
E7;ГГВ;Режем расходы;Отменить АрхДиалог и Московскую неделю, вернуть что возможно;Та же логика, что по Некрополю: впереди стенд, застройка и логистика. Дизайнер кладёт вещь в проект, а закупка идёт через два до четырёх месяцев, значит деньги пришли бы в декабре и позже. При пустых фондах это не обсуждается.;[ДАННЫЕ] переписка дирекции 20-21.08.2026;Финансовый разбор;Софа;средний;проект;8;2026-09-14;4;;;план;да
E8;ГГР;Режем расходы;Закрыть убыточный канал АБДМ в рознице;С июня по 28 июля он съел 230 тысяч и дал выручку 201 тысячу. Оговорка честная: заявка там стоила 3 239 рублей против 7 742 в Директе, то есть лиды дешевле в 2,4 раза, а вся разница в выручке сидит в среднем чеке двух сделок Директа на выборке в шесть продаж. Поэтому решение принимается вместе с расчётом окупаемости, а не только по обороту.;[ДАННЫЕ] расчёт Дмитрия, июнь-28.07.2026;Финансовый разбор;Дима;высокий;проект;8;2026-09-14;3;;;план;да
E9;ОМ;Режем расходы;Стоп-лист трат: ни одной новой закупки в маркетинге без подписи;Иначе экономия утечёт мелкими счетами. Настя прямо просила отказаться от идей, требующих вложений.;[ДАННЫЕ] переписка дирекции 20-21.08.2026;Спартак;Иван;высокий;проект;4;2026-08-26;1;;;план;да
E10;ГГР;Режем расходы;Решение по роботу Савви: по умолчанию отключаем;Робот отвечает клиентам и стоит денег, а решение висит с июля. Данных о конверсии нет, значит по умолчанию отключаем и экономим подписку. Сумму назвать на решении.;[ДАННЫЕ] отчёт CMO 24.08.2026;CMO-отчёт;Иван;средний;проект;4;2026-09-23;2;;;план;
E11;ГГР;Режем расходы;Решение по калькулятору: по умолчанию закрываем тему;Работа приостановлена и висит без движения. Держать её в подвешенном виде дороже, чем закрыть одним решением.;[ДАННЫЕ] отчёт CMO 24.08.2026;CMO-отчёт;Иван;низкий;проект;4;2026-09-24;2;;;план;
F1;ГГС;Честные цифры;Ручной аудит коэффициентов: фактические комиссии против расчётных;Комиссия Озона за продажу выросла с 38,74 процента в марте до 47,78 процента в августе, а полная доля площадки с 51,9 до 61,7 процента. Это не смена ассортимента: доля зеркал, где комиссия выше, за то же время упала с 41 до 24,5 процента. Значит выросла сама ставка. Если в расчётах наценки стоит старая, дыра составляет от 652 тысяч до 1,82 млн в месяц, и она была невидимой, потому что план по обороту выполнялся. Сначала руками за два-три дня, потом дашборд, иначе построим красивую ложь в реальном времени.;[ДАННЫЕ] сводные отчёты Озона по дням (pnl_daily), 202 дня, март-август 2026;Раюшкин;Катя;высокий;проект;14;2026-09-01;3;;;план;да
F2;ГГС;Честные цифры;Внести себестоимость по 45 позициям, где её нет;Без себестоимости нельзя посчитать ни прибыль позиции, ни окупаемость рекламы по ней. Идёт первой, а не последней.;[ДАННЫЕ] себестоимость и продажи по товарам Озона;Финансовый разбор;Катя;высокий;проект;14;2026-09-04;6;;;план;
F3;ГГС;Честные цифры;Свести прибыль по Озону и найти необъяснённые 1 983 377 рублей;Расшифровка удержаний даёт 10 708 007, а фактически недоплачено 12 691 384. Разница 1 983 377 за 30 дней, это 9,6 процента оборота, уходит непонятно куда. Ни один человек в компании сейчас не может сказать, что это. Сверять надо помесячно за полгода, а не только август.;[ДАННЫЕ] сводный отчёт Озона (pnl_30d): сумма удержаний против выплаты;Финансовый разбор;Катя;высокий;проект;14;2026-09-10;6;F2;Диана;план;
F4;ГГС;Честные цифры;Пересчитать наценку по всем позициям под комиссию 47,78 процента;Это отдельная задача от разбора убыточных позиций. Даёт от 652 тысяч до 1,82 млн в месяц в зависимости от того, какая ставка зашита сейчас. Часть позиций станет дороже рынка и продажи по ним просядут, это надо считать заранее.;[ДАННЫЕ] сводные отчёты Озона по дням (pnl_daily) + себестоимость по товарам (sku_cogs);Финансовый разбор;Катя;высокий;проект;14;2026-09-16;7;F1,F2;;план;
F5;ГГС;Честные цифры;Проверить все рекламные кампании по окупаемости в новой себестоимости;Проверка по доле рекламы показывает норму там, где на самом деле убыток. Считать надо окупаемость от перепроверенной себестоимости, а не долю расхода.;[ГИПОТЕЗА] предложение консилиума 25.08.2026;Раюшкин;Катя;высокий;проект;12;2026-09-23;5;F4;;план;
F6;ГГС;Честные цифры;Разбор убыточных позиций: 67 штук жгут 1,54 млн в месяц;По подтверждённой себестоимости убыточна 41 позиция, с учётом вменённой до 67. Пять позиций продаются ниже себестоимости даже без рекламы, их выручка 575 тысяч. Считать надо уже после чистки рекламы, иначе часть позиций окажется убыточной только из-за неокупаемых кампаний, а не сама по себе. Метод даёт шорт-лист на ручную проверку, а не приговор.;[ДАННЫЕ] прибыль по товарам, себестоимость и продажи Озона;Финансовый разбор;Катя;высокий;проект;14;2026-09-28;7;F3,F4,E2;;план;да
F7;ОМ;Честные цифры;Посчитать стоимость рекламаций в рублях за 12 месяцев;Оля говорит, что теряем очень много, Настя называет сотни тысяч за год. Ни одна из этих цифр не проверена, а без неё нельзя вшить рекламации в наценку.;[ДАННЫЕ] переписка дирекции 20-21.08.2026;Дирекция;Дима;высокий;проект;10;2026-09-15;5;;Настя, Оля;план;
F8;ОМ;Честные цифры;Вшить стоимость рекламаций в наценку нестандартов;Сейчас коэффициент наценки рекламации не видит. Поэтому нестандарт с рекламацией может быть убыточным, а мы этого не увидим. И хуже: он убивает дизайнера как клиента вместе со всем будущим потоком от него.;[ДАННЫЕ] переписка дирекции 20-21.08.2026;Раюшкин;Дима;высокий;проект;10;2026-09-22;7;F7;Настя, Оля;план;
F9;ОМ;Не влезло в окно;Отчёт о прибыли по направлениям и каналам, отдельными строками;Чтобы дирекция видела экономику, а не сводку. Маркетинг, рекламации и прочие расходы отдельными строками, иначе точки оптимизации не видны. Задача не влезла в два месяца при текущей команде из пяти человек. Заморожена осознанно, а не потеряна: возвращается в план на ноябрь.;[ДАННЫЕ] переписка дирекции 20-21.08.2026;Раюшкин;;средний;заморожено;;;;;;заморожено;
F10;ОМ;Честные цифры;Закрыть отчёт о прибыли за май, июнь, июль и август;Последние закрытые цифры это апрель: реализация 14,66 млн, прибыль 3,84 млн. Компания входит в антикризис, не зная своей прибыли за четыре месяца.;[ДАННЫЕ] закрытые отчёты о прибыли (closed_pnl), обновление 30.04.2026;Финансовый разбор;Иван;высокий;проект;6;2026-09-14;10;;Настя;план;
F11;ГГР;Честные цифры;Валовая прибыль по заказам розницы;Сейчас видна выручка, но не видно, сколько остаётся с заказа. При выбранном фокусе на розницу это главная цифра.;[ДАННЫЕ] отчёт CMO 24.08.2026;CMO-отчёт;Катя;высокий;проект;10;2026-10-13;8;;;план;
G1;ГГС;Склад в деньги;Сверить складской остаток с учётной программой в штуках и рублях;В выгрузке Озона 24 059 единиц при продажах 392 единицы в месяц, это 61 месяц запаса и около 395 млн по себестоимости. В такую цифру верить нельзя: компания с таким складом и 3,9 млн на счетах не дожила бы до августа. Остаток стоит у 154 позиций из 171, и 66 из них держат от 150 до 350 штук при продажах от 1 до 7 в месяц. Похоже, это заявленная доступность по позициям под заказ, а не физический склад. Пока цифры из учётной программы нет, разговор про распродажу это разговор ни о чём.;[ДАННЫЕ] выгрузка по товарам Озона 26.07-24.08.2026 | [ГИПОТЕЗА] трактовка остатка не подтверждена;Финансовый разбор;Катя;высокий;проект;12;2026-08-26;3;;Настя;план;да
G2;ГГС;Склад в деньги;Стоп на запуск в производство и закупку серийки до сверки остатков;Каждая неделя производства в склад при неподтверждённом остатке это деньги в неликвид. Стоп снимается сразу после сверки.;[ГИПОТЕЗА] предложение консилиума 25.08.2026;Спартак;Иван;высокий;проект;4;2026-08-26;1;;Богдан, Оля;план;
G3;ГГС;Склад в деньги;Перечень залежей: что лежит, себестоимость, дата поступления;Без перечня распродажа не соберётся: непонятно, что именно продавать и по какой цене можно опускаться.;[ГИПОТЕЗА] предложение консилиума 25.08.2026;Спартак;Катя;высокий;проект;10;2026-08-31;3;G1;;план;
G4;ОМ;Склад в деньги;Собрать пакет распродажи: акции на маркетах, рассылка по базе, соцсети, посадочная;Склад это замороженные деньги плюс аренда. Пакет упаковывается за 2-3 дня, это обещание, данное дирекции.;[ДАННЫЕ] переписка дирекции 20-21.08.2026;Раюшкин;Софа;высокий;проект;12;2026-09-03;3;G3;;план;да
G5;ОМ;Склад в деньги;Вести распродажу залежей до конца октября;Озон платит примерно через две недели после доставки, плюс сама доставка. Поэтому распродажа не быстрый источник, а ровный: деньги идут волнами весь сентябрь и октябрь.;[ГИПОТЕЗА] предложение консилиума 25.08.2026;Раюшкин;Софа;высокий;рутина;10;2026-09-08;40;G4;;план;
G6;ГГС;Склад в деньги;Зачистка модельного ряда до ста позиций;Позиций с подтверждённой убыточностью 41, отсечение даёт около 1 млн валовой прибыли в месяц. Если считать вместе с 37 позициями, где себестоимость вменена, список растёт до 71, а эффект до 1,54 млн. Точную границу даст задача по внесению себестоимости. Оборот падает на 7-10 млн, и это дословно то, что сказала дирекция: хватит делать большие обороты и не видеть денег. Важно: позицию снимаем только после того, как её остаток распродан, иначе вместе с оборотом уйдут поступления на счёт примерно на 3,8 млн в месяц, а деньги в товар уже вложены.;[ГИПОТЕЗА] по 37 позициям себестоимость вменена, точный список даст задача F2;Дирекция;Катя;высокий;проект;12;2026-10-19;8;F6,G5;;план;да
G7;ГГС;Склад в деньги;Убрать 18 убыточных зеркал, прибыльные оставить;Предложение убрать большую часть зеркал по цифрам не подтверждается: 63 зеркала дают около 1 млн валовой прибыли в месяц. Убрав их целиком, теряем четверть всей прибыли Озона. Убыточных среди них от 9 с подтверждённой себестоимостью до 18 с учётом вменённой, эффект от 133 до 334 тысяч в месяц.;[ГИПОТЕЗА] нижняя граница по подтверждённой себестоимости, верхняя по вменённой;Финансовый разбор;Катя;высокий;проект;10;2026-10-14;4;F6;;план;
G8;ГГС;Склад в деньги;Разобрать 50 убыточных столов, включая самый продаваемый;Жгут в основном столы, а не зеркала: убыточных от 32 с подтверждённой себестоимостью до 50 с учётом вменённой, это от 936 тысяч до 1,21 млн в месяц. Самая продаваемая позиция компании с выручкой 1,09 млн за месяц при этом убыточная. Флагман тянет вниз, и это чинится ценой, а не снятием.;[ГИПОТЕЗА] нижняя граница по подтверждённой себестоимости, верхняя по вменённой;Финансовый разбор;Катя;высокий;проект;12;2026-10-21;6;F6;;план;
G9;ОМ;Не влезло в окно;Сократить арендуемую площадь после вывоза склада;Аренда 1,86 млн в месяц это в основном плата за хранение того, что не продаётся. После распродажи площадь можно уменьшить, оценка экономии до 900 тысяч в месяц. Цифра станет точной после сверки остатков. Задача не влезла в два месяца при текущей команде из пяти человек. Заморожена осознанно, а не потеряна: возвращается в план на ноябрь.;[ГИПОТЕЗА] выведено из недоплаты 927 504,50 за половину августа;Финансовый разбор;;средний;заморожено;;;;;Богдан;заморожено;
H1;ГГР;Собрать заработанное;Посчитать зависшие сделки в Битриксе: количество и сумма;Реактивация хвостов названа самым быстрым кэшем, и это похоже на правду. Но суммы зависших сделок нет ни у кого, поэтому пока это не источник, а надежда. Считаем за два дня и только потом ставим в план цифру.;[ГИПОТЕЗА] предложение консилиума 25.08.2026 | [НЕТ ДАННЫХ] размер базы;Раюшкин;Дима;высокий;проект;8;2026-08-26;2;;;план;
H2;ГГР;Собрать заработанное;Реактивация хвостов: сделки старше 30 дней, разбор с менеджерами три раза в неделю;Это уже заработанные деньги, просто не собранные. Схема готова, мотивация у менеджеров есть от результата канала. Мёртвые сделки возвращаются в живую кассу, а доводы видны всем на отчёте.;[ДАННЫЕ] переписка дирекции 20-21.08.2026;Раюшкин;Дима;высокий;рутина;8;2026-08-31;45;H1;Оля;план;да
H3;ОМ;Собрать заработанное;Недельный отчёт по собранным деньгам, в рублях, а не в звонках;Иначе активность подменит результат: отчёт про количество касаний ничего не говорит о кассе.;[ГИПОТЕЗА] предложение консилиума 25.08.2026;Спартак;Дима;высокий;рутина;4;2026-09-07;40;;;план;
H4;ОМ;Собрать заработанное;Собрать дебиторскую задолженность: список должников, суммы, сроки, обзвон;Обычно это деньги, которые уже наши, их просто не отдали. Срок до кассы от одной до четырёх недель. Стоять в конце сентября такая задача не может.;[ГИПОТЕЗА] предложение консилиума 25.08.2026 | [НЕТ ДАННЫХ] сумма дебиторки;Финансовый разбор;Иван;высокий;проект;10;2026-08-31;8;;Настя, Оля;план;
H5;ГГР;Собрать заработанное;Перевести типовые конфигурации розницы на предоплату от 70 процентов;Деньги вперёд, а не после монтажа. При выбранном фокусе на розницу это прямое улучшение кассы без роста продаж.;[ГИПОТЕЗА] предложение консилиума 25.08.2026;Спартак;Иван;высокий;проект;10;2026-09-18;5;;Оля;план;
H6;ГМ;Собрать заработанное;Памятники: дожать заказы, пока не промёрзла земля;Установка идёт до середины или конца октября, после этого спрос обваливается до весны. Аргумент настоящий, а не выдуманный: успеваем поставить в этом году.;[ГИПОТЕЗА] сезонность памятников, проверяется выгрузкой;Консилиум;Софа;высокий;рутина;6;2026-08-26;45;;;план;
H7;ГМ;Собрать заработанное;С 10 октября переключить разговор на предоплату с установкой в апреле;После морозов заказ всё равно не поставить, но деньги в кассу можно взять сейчас за работу весной. Обязательно утвердить потолок суммы и формулу пересчёта, если металл и камень подорожают: иначе деньги проедим осенью, а исполнять будем себе в убыток. С середины октября дожим по этому году прекращается, чтобы не вести два противоположных разговора на одной базе.;[ГИПОТЕЗА] предложение консилиума 25.08.2026;Консилиум;Иван;высокий;проект;10;2026-10-12;12;H6;;план;да
H8;ГМ;Собрать заработанное;Сентябрьская рассылка по базе клиентов памятников;Дёшево поднимает повторные обращения по имеющейся базе. Августовский текст написан, но так и не отправлен.;[ДАННЫЕ] отчёт CMO 24.08.2026;CMO-отчёт;Софа;средний;проект;6;2026-09-22;5;;;план;
K1;ГГР;Розница и маржа;Заменить в объявлениях Директа рендеры на живые фото товара в интерьере;Богдан указал на это 24 августа, задача просрочена с 17 августа. Тот же бюджет, но человек видит вещь в квартире, похожей на свою. Первым шагом снять техническое ограничение площадки, о котором говорил Дмитрий, иначе три дня необоснованны.;[ДАННЫЕ] отчёт CMO 24.08.2026;Валайко Б.;Дима;высокий;проект;10;2026-08-31;3;;;план;
K2;ГГР;Розница и маржа;Упрощённый прайс на десять типовых конфигураций, чтобы называть вилку за 15 минут;В рознице выигрывает тот, кто первым назвал цифру. Пока клиент ждёт замера и коммерческого три дня, он уже говорит с двумя другими. Калькулятор остановлен, значит нужен простой прайс.;[ГИПОТЕЗА] предложение консилиума 25.08.2026;Консилиум;Иван;высокий;проект;10;2026-09-21;6;;;план;
K3;ГГР;Розница и маржа;Норматив ответа на заявку в течение часа и замер времени ответа;Самый дешёвый рычаг конверсии во всём плане, поэтому идёт до обзвона базы, а не после. Текущая цифра шести часов нигде не измерена, замер входит в задачу. Норматив ставит Оля, замер настраивает Дима.;[ГИПОТЕЗА] шесть часов это оценка, не замер;Консилиум;Дима;высокий;проект;8;2026-09-29;5;;Оля;план;
K4;ГГР;Розница и маржа;Обязательная причина отказа и подтверждение скидки выше пяти процентов;Без причины отказа не видно, где теряем клиентов. Скидка без подтверждения съедает прибыль тише всего: если менеджеры регулярно дают восемь процентов там, где хватило бы нуля, эти восемь процентов уходят прямо из прибыли сделки.;[ГИПОТЕЗА] доля сделок со скидкой не измерена;Консилиум;Иван;высокий;проект;8;2026-09-23;5;;Оля;план;да
K5;ГГР;Розница и маржа;Разобрать причины отказов и поправить разговор менеджера;При фокусе на розницу поднять отдачу с уже приходящих заявок дешевле, чем купить новые.;[ГИПОТЕЗА] предложение консилиума 25.08.2026;ФЕНИКС;Софа;высокий;проект;10;2026-10-12;10;K4;Оля;план;
K6;ГГР;Розница и маржа;Еженедельная чистка запросов в Директе, без перераспределения бюджета;Чистка минус-слов и мусорных запросов не трогает распределение денег, поэтому идёт сразу. Перераспределение бюджета вынесено отдельной задачей и ждёт расчёта окупаемости.;[ДАННЫЕ] отчёт CMO 24.08.2026;CMO-отчёт;Дима;средний;рутина;4;2026-09-01;45;;;план;
K7;ГГР;Не влезло в окно;Перераспределить бюджет Директа по итогам расчёта окупаемости;Двигать рекламные деньги до того, как посчитана окупаемость в новой себестоимости, значит двигать их вслепую. Задача не влезла в два месяца при текущей команде из пяти человек. Заморожена осознанно, а не потеряна: возвращается в план на ноябрь.;[ГИПОТЕЗА] предложение консилиума 25.08.2026;Консилиум;;средний;заморожено;;;;;;заморожено;
K8;ГГР;Розница и маржа;Довести процесс Рекламация до боевого режима;Рекламации теряются в переписке, и мы платим за исправление дважды. Без их учёта не видно, сколько брака делаем и сколько он стоит, а Оля говорит, что теряем на этом очень много.;[ДАННЫЕ] отчёт CMO 24.08.2026;CMO-отчёт;Дима;высокий;проект;8;2026-10-15;12;;Алиса;план;
K9;ГГР;Розница и маржа;Наладить работу с нестандартами: маржа, качество, сроки;Нестандарт это дизайнеры, и при фокусе на розницу это то, что кормит после ноября. Считать его надо вместе со стоимостью рекламации, иначе получим убыточный заказ, который вдобавок убивает клиента.;[ДАННЫЕ] переписка дирекции 20-21.08.2026;Дирекция;Софа;высокий;проект;10;2026-10-05;12;F8;Оля;план;да
K10;ГГС;Розница и маржа;Убрать керамические столы из выгрузок партнёров и поправить срок изготовления;Мы показываем товар, который не производим, и получаем отказы. Правка на несколько часов, а теряем заявки каждую неделю.;[ДАННЫЕ] отчёт CMO 24.08.2026;CMO-отчёт;Марина Лапшина;высокий;проект;6;2026-08-26;2;;;план;
K11;ГГР;Розница и маржа;Актуальные цены, сроки изготовления и остатки на сайте;Клиент видит старую цену и старый срок, и мы либо теряем сделку, либо работаем в убыток. Задачу вела Настя, её надо принять и вести дальше.;[ДАННЫЕ] отчёт CMO 24.08.2026;Консилиум;Марина Лапшина;высокий;рутина;6;2026-08-26;60;;;план;
K12;ГГС;Розница и маржа;Актуализация товарных выгрузок на площадках партнёров;Партнёрские сайты показывают наши товары по старым ценам и с ошибками. Последнее обновление было пятого августа.;[ДАННЫЕ] артефакт задач июль-август 2026;CMO-отчёт;Марина Лапшина;средний;рутина;4;2026-08-26;55;;;план;
P1;ГГР;Комплектаторы, пилот;Разобрать, как один менеджер делает три миллиона в месяц на комплектаторах;Это не гипотеза про новый канал, а вопрос повторяемости уже работающего. Сегмент точно покупает, это видно по факту. Проверять надо другое: это человек или это сегмент. Разбор идёт по сделкам: кто клиенты, как находит, что покупают, какой чек и цикл.;[ДАННЫЕ] со слов Ивана: Юля Лысанова 3+ млн в месяц в сегменте ГГР | [ГИПОТЕЗА] выгрузка по её сделкам не поднята;Раюшкин;Иван;высокий;проект;10;2026-09-01;5;;Оля;план;
P2;ГГР;Комплектаторы, пилот;Собрать список комплектаторов и оценить объём сегмента;Без списка и оценки объёма пилот превращается в разговор. Нужны источники контактов и понимание, сколько таких компаний вообще есть.;[ГИПОТЕЗА] предложение консилиума 25.08.2026;Консилиум;Софа;высокий;проект;8;2026-09-07;7;P1;;план;
P3;ГГР;Комплектаторы, пилот;Посчитать маржу по сделкам комплектаторов против розницы;Комплектаторы отжимают по цене, маржа там тоньше розничной. Пока не посчитано, сколько именно остаётся, направление нельзя ни расширять, ни закрывать.;[ГИПОТЕЗА] предложение консилиума 25.08.2026;Финансовый разбор;Дима;высокий;проект;8;2026-09-07;6;P1;;план;
P4;ГГР;Комплектаторы, пилот;Пилот на четыре недели: два менеджера, норма касаний, отчёт по деньгам;Условие входа: маржа по сегменту посчитана и не ниже порога, который Иван утверждает на выходе из расчёта маржи, а не когда-нибудь. Условие выхода: за четыре недели на счёт пришла сумма не меньше той, что названа там же. Работаем только по предоплате или по оплате по факту отгрузки: отсрочка на месяц-два в кассовом разрыве недопустима, как бы ни просил клиент. Двух менеджеров назвать поимённо до старта и забронировать их часы. Юлю в пилот не берём, иначе её текущие три миллиона просто переклеятся ярлыком результата.;[ГИПОТЕЗА] предложение консилиума 25.08.2026;Раюшкин;Иван;высокий;проект;8;2026-09-28;28;P2,P3;Оля;план;да
P5;ГГР;Комплектаторы, пилот;Решение по итогам пилота: расширяем или закрываем;Пилот без даты и без планки закрывается аргументом, а не фактом. Дата решения назначена заранее, планка назначается на входе.;[ГИПОТЕЗА] предложение консилиума 25.08.2026;Консилиум;Иван;высокий;проект;6;2026-10-27;4;P4;;план;да
Z1;ОМ;Чтобы бизнес не встал;Сменить все пароли и включить двухступенчатый вход;Вход в рабочий аккаунт 18 августа не похож на действия команды, кто это был, точно не установлено. Плюс уходят люди с доступами к сайту, площадкам, рекламным кабинетам, банкам и хостингу. Забрать файлы мало, доступы надо отозвать.;[ГИПОТЕЗА] предложение ФЕНИКСА, в отчётах такой задачи нет;ФЕНИКС;Дима;высокий;проект;16;2026-08-26;3;;Богдан;план;да
Z2;ОМ;Чтобы бизнес не встал;Восстановить рабочий доступ к заблокированному аккаунту;Аккаунт заблокирован с 18 августа, на нём завязаны отчёты и разбор звонков.;[ДАННЫЕ] отчёт CMO 24.08.2026;CMO-отчёт;Дима;высокий;проект;8;2026-09-03;3;;;план;
Z3;ОМ;Чтобы бизнес не встал;Забрать исходники, файлы и доступы у уходящих до последнего рабочего дня;Уходят люди с файлами трёхмерных моделей и паролями. Иначе актив уйдёт вместе с человеком, и восстанавливать будем за деньги.;[ГИПОТЕЗА] предложение консилиума 25.08.2026;Финансовый разбор;Дима;высокий;проект;8;2026-10-05;10;;Богдан;план;да
Z4;ОМ;Чтобы бизнес не встал;Расписать, кто ведёт работу уходящих;Задачи заморожены, но кто за них отвечает, не решено. Уточнение по людям: остаётся Марина Лапшина, она ведёт цены, карточки и выгрузки. Под вопросом Марина Олейник, промдизайнер, на ней стояли рендеры и стенды. Передача должна идти одновременно с уходом, а не через три недели после.;[ГИПОТЕЗА] предложение консилиума 25.08.2026;Спартак;Иван;высокий;проект;8;2026-09-14;5;;Богдан;план;
Z5;ОМ;Чтобы бизнес не встал;План по уже оплаченным заказам на время ухода людей;Люди уходят, сроки поедут. По каждому оплаченному заказу надо знать, кто его ведёт и что говорим клиенту. Иначе получим вал рекламаций.;[ГИПОТЕЗА] предложение консилиума 25.08.2026;Спартак;Софа;высокий;проект;8;2026-09-08;7;;Оля;план;
Z6;ОМ;Чтобы бизнес не встал;Решение по сотрудникам под вопросом;Сокращение по трудовому кодексу это выходное пособие и два месяца предупреждения, суммарно до трёх окладов. То есть в первые два месяца оно не экономит ничего, а стоит денег. Экономия начинается с третьего или четвёртого месяца. Решение принимать надо, но не как источник денег на сентябрь.;[ДАННЫЕ] переписка дирекции 20-21.08.2026;Финансовый разбор;Иван;высокий;проект;6;2026-08-28;5;;Богдан;план;да
Z7;ГГР;Чтобы бизнес не встал;Достроить автоматическое распределение сделок;Заявки распределяются вручную, и часть висит без ответа. Готовность девяносто процентов, осталось два-три дня работы, это шестнадцать до двадцати четырёх часов.;[ДАННЫЕ] отчёт CMO 24.08.2026;CMO-отчёт;Дима;средний;проект;12;2026-10-26;3;;;план;
Z8;ГГР;Чтобы бизнес не встал;Переключить учёт постоплаты и доплаты в отчётах;Деньги от клиента попадают в отчёт не тем месяцем, и картина искажена. Срок был 21 августа, уже просрочено.;[ДАННЫЕ] отчёт CMO 24.08.2026;CMO-отчёт;Дима;высокий;проект;8;2026-09-08;5;;;план;
Z9;ГГР;Чтобы бизнес не встал;Сводка по поступлениям банка Озон в рабочий чат;По одному банку сводка уже приходит и это удобно. По второму всё упирается в доступ, дальше делается за несколько дней.;[ДАННЫЕ] отчёт CMO 24.08.2026;CMO-отчёт;Дима;средний;проект;6;2026-10-19;5;;Богдан;план;
Z10;ОМ;Чтобы бизнес не встал;Домены и электронные подписи для государственных сервисов;Просроченная подпись останавливает отчётность и работу с государственными сервисами. При просроченном налоге это особенно некстати. Доведено до восьмидесяти процентов и брошено.;[ДАННЫЕ] артефакт задач июль-август 2026;CMO-отчёт;Софа;высокий;проект;6;2026-09-15;5;;;план;
Z11;ОМ;Чтобы бизнес не встал;Утвердить план и список замороженных задач;Пока нет подписанного списка, каждый тянет своё и ресурс распыляется. Нужна одна версия правды на два месяца.;[ГИПОТЕЗА] предложение консилиума 25.08.2026;Консилиум;Иван;высокий;проект;6;2026-09-02;3;;;план;да
Z12;ОМ;Чтобы бизнес не встал;Назначить цель по деньгам на счёт по каждому направлению;Дирекция назвала цель: сократить регулярные расходы на 3-4 млн в месяц. Осталось разложить её по направлениям и добавить вторую половину, сколько денег должно прийти на счёт. Без этих цифр еженедельный разбор не с чем сверять.;[ДАННЫЕ] переписка дирекции 20-21.08.2026;ФЕНИКС;Иван;высокий;проект;8;2026-09-08;4;;Богдан;план;да
Z13;ОМ;Чтобы бизнес не встал;Еженедельный разбор: собранный кэш недели первым пунктом, план и факт вторым;В антикризис решения принимают раз в неделю, а не раз в месяц. Первым пунктом идут деньги, пришедшие на счёт, а не активность.;[ГИПОТЕЗА] предложение консилиума 25.08.2026;Консилиум;Иван;высокий;рутина;3;2026-09-07;50;Z11;Богдан, Оля;план;
Z14;ОМ;Чтобы бизнес не встал;Назвать сумму невозвратных трат: взносы, съёмки, закупленные ссылки;Эти деньги уже потрачены, но нигде не сведены. Без цифры решения по выставкам и монтажу принимаются на ощупь.;[ГИПОТЕЗА] предложение консилиума 25.08.2026;Финансовый разбор;Иван;средний;проект;6;2026-09-25;4;E6,E7;;план;
Z15;ГГТ;Чтобы бизнес не встал;Решение по GENTERO: работаем, замораживаем или закрываем направление;В исходных материалах задачи по этому направлению были, а в плане оно не появилось. Бренд не должен исчезать молча.;[ДАННЫЕ] артефакт задач июль-август 2026;ФЕНИКС;Иван;средний;проект;6;2026-10-06;5;;;план;
Z16;ОМ;Чтобы бизнес не встал;Материалы к еженедельному собранию продаж;Без подготовленной таблицы собрание превращается в разговор без решений.;[ДАННЫЕ] артефакт задач июль-август 2026;CMO-отчёт;Катя;средний;рутина;3;2026-08-26;60;;;план;
Z17;ОМ;Чтобы бизнес не встал;Пересобрать план на ноябрь и декабрь;Вторая половина октября в плане почти пустая, а впереди главное денежное окно года. Пересборку надо начать до того, как текущий план кончится.;[ГИПОТЕЗА] предложение консилиума 25.08.2026;ФЕНИКС;Иван;высокий;проект;10;2026-10-15;8;;;план;
Z18;ГГС;Чтобы бизнес не встал;Описать порядок работы с экономикой площадок, чтобы он не висел на одном человеке;Вся экономика маркетплейсов и весь разбор убыточных позиций сейчас на Кате, дублёра нет ни в одной строке. Если она заболеет, встанет весь блок.;[ГИПОТЕЗА] предложение консилиума 25.08.2026;ФЕНИКС;Катя;средний;проект;8;2026-10-26;6;;;план;
L1;ГГС;Карточки и площадки;Заменить картинки карточек Трубис и доделать Конукс;Картинка решает, купит человек или пролистает. Работа готова наполовину и стоит с 24 августа. Для распродажи залежей это первое, что должно быть готово.;[ДАННЫЕ] отчёт CMO 24.08.2026;CMO-отчёт;Марина Лапшина;высокий;проект;10;2026-08-26;9;;;план;
L2;ГГС;Карточки и площадки;Карточки на площадках: цены, сроки, фото;Задачу вела Настя, её надо принять. Без обновлённых цен и карточек распродажа залежей не запускается, а она заявлена главным источником кэша.;[ГИПОТЕЗА] предложение консилиума 25.08.2026;Консилиум;Марина Лапшина;высокий;рутина;8;2026-09-08;35;;;план;
L3;ГМ;Карточки и площадки;Реструктуризация кабинетов Авито по городам;Авито это основной источник обращений по памятникам. Из 41 объявления перестроен 21, остальные работают хуже.;[ДАННЫЕ] артефакт задач июль-август 2026;CMO-отчёт;Марина Лапшина;средний;проект;6;2026-08-31;20;;;план;
L4;ГМ;Карточки и площадки;Мини-каталог готовых решений для ритуальных агентств;Агентства продают то, что можно показать клиенту в руках. Каталог был готов на сорок процентов пятого августа, к тринадцатому оценка снизилась до тридцати. Упирается в себестоимость.;[ДАННЫЕ] артефакт задач июль-август 2026;CMO-отчёт;Марина Лапшина;средний;проект;8;2026-10-06;12;;Виктория;план;
M1;ГМ;Памятники: цифры и закупка;Сравнить поставщиков стекла для фьюзинга и выбрать выгодного;Богдан спрашивал статус в августе, ответа нет. Это снижение себестоимости, то есть регулярных расходов, а не разовая экономия. Долю стекла в себестоимости надо подтвердить расчётом.;[ГИПОТЕЗА] доля стекла в себестоимости не подтверждена;Валайко Б.;Дима;высокий;проект;8;2026-10-19;8;;Богдан;план;
M2;ГМ;Памятники: цифры и закупка;База ритуальных агентств по агломерациям и норма касаний;Компенсация отменённой выставки: в несезон ритуальщики как раз досягаемы, а плановая работа стоит дешевле стенда.;[ДАННЫЕ] переписка дирекции 20-21.08.2026;Раюшкин;Софа;высокий;проект;8;2026-09-21;12;;Оля;план;
M3;ГМ;Памятники: цифры и закупка;Отчёт по продажам памятников: обращения, сделки, выручка;Направление работает, а руководитель не видит цифр в одном месте. Готовность семьдесят процентов, срок был 28 августа.;[ДАННЫЕ] отчёт CMO 24.08.2026;CMO-отчёт;Дима;высокий;проект;8;2026-10-05;10;;;план;
M4;ГМ;Не влезло в окно;Конверсии воронок и причины отказа в отчёте по памятникам;Непонятно, на каком шаге теряются клиенты. Без этого нельзя поставить менеджерам конкретные задачи. Задача не влезла в два месяца при текущей команде из пяти человек. Заморожена осознанно, а не потеряна: возвращается в план на ноябрь.;[ДАННЫЕ] отчёт CMO 24.08.2026;CMO-отчёт;;средний;заморожено;;;;;;заморожено;
X1;ГГР;Заморожено · перегородки;Трёхмерные визуализации по индивидуальным заказам розницы;Розничный клиент принимает решение по картинке своего заказа. При выбранном фокусе на розницу это самая дорогая заморозка в списке: часть сделок будет срываться прямо на стадии коммерческого. Вела Настя.;[ДАННЫЕ] артефакт задач июль-август 2026;Консилиум;;высокий;заморожено;;;;;;заморожено;
X2;ГГР;Заморожено · перегородки;Доработки сайта силами разработчика;Список правок собрать можем, внедрять некому. Правки будут копиться, и сайт постепенно потеряет позиции в поиске. Вёл Сергей.;[ДАННЫЕ] артефакт задач июль-август 2026;Консилиум;;высокий;заморожено;;;;;;заморожено;
X3;ГГР;Заморожено · перегородки;Обновление живых фото в разделе реализованные проекты;Реальные объекты убеждают покупателя лучше рендеров. Раздел останется со старыми фотографиями.;[ДАННЫЕ] артефакт задач июль-август 2026;Консилиум;;средний;заморожено;;;;;;заморожено;
X4;ГГР;Заморожено · перегородки;Ежедневные истории по продукции в соцсетях;В рознице перегородок соцсети почти не дают заявок. Восстанавливать ежедневный режим не будем даже при возврате людей: это решение по приоритету, а не по людям.;[ГИПОТЕЗА] решение консилиума 25.08.2026;Консилиум;;низкий;заморожено;;;;;;заморожено;
X5;ГГР;Заморожено · перегородки;Сценарии, съёмка и монтаж роликов по перегородкам;Снимать и монтировать некому, а видео в перегородках не даёт заявок за два месяца. Вели Аня и Кирилл.;[ДАННЫЕ] артефакт задач июль-август 2026;Консилиум;;низкий;заморожено;;;;;;заморожено;
X6;ГГР;Заморожено · перегородки;Статьи и закупка ссылок по перегородкам;ДТФ это портал про видеоигры, ВиСи это предприниматели и айтишники, перегородку там не выбирают. Заявок со статей мы ни разу не считали. При кассовом разрыве новые деньги в ссылки не заводим, а Софа нужна на распродаже.;[ДАННЫЕ] переписка дирекции 20-21.08.2026;Консилиум;;низкий;заморожено;;;;;;заморожено;
X7;ГГР;Заморожено · перегородки;Отчёт по обращениям через мессенджеры, почту и звонки;Готовность восемьдесят процентов, но рубля в сентябре не даёт. Это заморозка по приоритету, а не из-за людей.;[ДАННЫЕ] артефакт задач июль-август 2026;Консилиум;;средний;заморожено;;;;;;заморожено;
X8;ГГР;Заморожено · перегородки;Подключить разбор работы менеджеров к искусственному интеллекту;Полезно, но в окне кассового разрыва не приносит денег. Возвращаемся в ноябре.;[ДАННЫЕ] отчёт CMO 24.08.2026;Консилиум;;средний;заморожено;;;;;;заморожено;
X9;ГГР;Заморожено · перегородки;Процессы Логистика, Замер и Монтаж, Сборка;Заказ проходит через несколько служб и никто не видит, где он застрял. Важно, но переносится в ноябрь.;[ДАННЫЕ] отчёт CMO 24.08.2026;Консилиум;;средний;заморожено;;;;;;заморожено;
X10;ГГР;Заморожено · перегородки;Перенос отчётов на собственный хостинг и второй доступ к ИИ;Это страховка, а не деньги, плюс вторая подписка при цели минус 3-4 млн в месяц. Возвращаемся в ноябре, риск принят осознанно.;[ГИПОТЕЗА] решение консилиума 25.08.2026;Консилиум;;средний;заморожено;;;;;;заморожено;
X11;ГГР;Заморожено · перегородки;Пробный бюджет на Авито по перегородкам;Новые деньги на непроверенной гипотезе при пустых фондах. Настя прямо просила такие идеи не вносить. Возвращаемся, когда касса выправится.;[ДАННЫЕ] переписка дирекции 20-21.08.2026;Консилиум;;низкий;заморожено;;;;;;заморожено;
X12;ГГС;Заморожено · маркетплейсы;Рендеры линейки Трубис во всех размерах;Без картинок карточки по размерному ряду выпустить нельзя. Вела Марина Олейник. Это первое, что размораживаем при появлении ресурса.;[ДАННЫЕ] артефакт задач июль-август 2026;Консилиум;;высокий;заморожено;;;;;;заморожено;
X13;ГГС;Заморожено · маркетплейсы;Рендеры стола Профикс и подстолья ЁЖ;Новые модели не выйдут на площадки без изображений. Деньги, вложенные в разработку моделей, не вернутся. Вела Марина Олейник.;[ДАННЫЕ] артефакт задач июль-август 2026;Консилиум;;высокий;заморожено;;;;;;заморожено;
X14;ГГС;Заморожено · маркетплейсы;Монтаж роликов по четырём столам;Съёмка сделана полностью и оплачена, монтаж встал на тридцати процентах. Готовый материал лежит мёртвым грузом. Стоит разово отдать на подряд, это от 20 до 40 тысяч, тогда съёмки не списываем. Вёл Кирилл.;[ДАННЫЕ] артефакт задач июль-август 2026;Консилиум;;средний;заморожено;;;;;;заморожено;
X15;ГГС;Заморожено · маркетплейсы;Завоз товара на склады под ноябрьский сезон;Развёрнуто на 180 градусов. Было: отобрать позиции и завезти до 25 октября. Стало: закупок нет до сверки остатков с учётной программой. При остатке, который показывает выгрузка, это закупка нового товара в переполненный склад.;[ДАННЫЕ] переписка дирекции 20-21.08.2026;Консилиум;;высокий;заморожено;;;;;;заморожено;
X16;ГГС;Заморожено · маркетплейсы;Доработка конструкции зеркала с накладками из МДФ;Замечание из цеха по подсветке и креплению не закрыто. Инженерная доработка, деньги не в этом году.;[ДАННЫЕ] артефакт задач июль-август 2026;Консилиум;;низкий;заморожено;;;;;;заморожено;
X17;ГГС;Заморожено · маркетплейсы;Расширенное оформление карточек по вешалкам;Богдан сам сказал, что вешалки продаются редко и приоритета нет. Доделывать последние десять процентов ради товара без спроса смысла нет.;[ДАННЫЕ] артефакт задач июль-август 2026;Консилиум;;низкий;заморожено;;;;;;заморожено;
X18;ГМ;Заморожено · памятники;Видео по направлению памятников;Видео нужно агентствам для показа клиенту. Работа стоит на двадцати процентах, снимать некому.;[ДАННЫЕ] артефакт задач июль-август 2026;Консилиум;;низкий;заморожено;;;;;;заморожено;
X19;ГМ;Заморожено · памятники;Новые категории с фотопечатью для проверки спроса;Проверка нового направления сбыта откладывается. Потеря скорее в упущенном росте, чем в текущей выручке.;[ДАННЫЕ] артефакт задач июль-август 2026;Консилиум;;низкий;заморожено;;;;;;заморожено;
X20;ГГВ;Заморожено · VALONTI;Стенд, раздатка и образцы для выставок;Выставки отменены, значит стенд и раздатка не нужны. Вела Марина Олейник.;[ДАННЫЕ] переписка дирекции 20-21.08.2026;Консилиум;;средний;заморожено;;;;;;заморожено;
X21;ГГВ;Заморожено · VALONTI;Контент-план и видео из цеха по камнеобработке;В окне 60 дней VALONTI это статья расходов, а не источник выручки. Дизайнер кладёт вещь в проект, а закупка идёт через два до четырёх месяцев.;[ГИПОТЕЗА] решение консилиума 25.08.2026;Консилиум;;низкий;заморожено;;;;;;заморожено;
X22;ГГВ;Заморожено · VALONTI;Товарные знаки VALONTI и GENTERO;Это пошлины и юрист, то есть новые траты при пустых фондах. Проверка дала около 65 процентов вероятности по одному знаку и около 20 по второму. Возвращаемся после выхода из кассового разрыва.;[ДАННЫЕ] артефакт задач июль-август 2026;Консилиум;;средний;заморожено;;;;;;заморожено;
X23;ОМ;Заморожено · общее;Расстановка мебели в шоуруме партнёра;Это чужой шоурум и чужая выручка, наш промдизайнер работал бы там бесплатно на партнёра.;[ДАННЫЕ] артефакт задач июль-август 2026;Консилиум;;низкий;заморожено;;;;;;заморожено;
X24;ОМ;Заморожено · общее;Перегородка в кабинете маркетологов под будущую бухгалтерию;Ремонт при недоплаченной аренде и просроченном налоге не обсуждается.;[ДАННЫЕ] переписка дирекции 20-21.08.2026;Консилиум;;низкий;заморожено;;;;;;заморожено;
D8;ОМ;Деньги на этой неделе;Расписать, чем и когда платим зарплату в сентябре и октябре;В плане есть налог, аренда и подписки, а фонда оплаты труда нет ни строкой. Это самая большая и самая обязательная статья, и она должна стоять в платёжном календаре первой после налога.;[НЕТ ДАННЫХ] фонд оплаты труда по подразделениям, владелец Настя;ФЕНИКС;Иван;высокий;проект;6;2026-08-31;4;;Настя;план;да
D9;ОМ;Деньги на этой неделе;Заявка в ВТБ: кто ведёт, когда ответ, что делаем при отказе;Кредит на рассмотрении со сроком до двух недель, и весь план молча исходит из того, что деньги придут. Если откажут, сценарий должен лежать готовым, а не писаться в тот же день.;[ДАННЫЕ] переписка дирекции 20-21.08.2026;ФЕНИКС;Иван;высокий;проект;6;2026-09-07;5;;Настя, Богдан;план;
D10;ГГР;Честные цифры;Базовая выгрузка из учётной программы по рознице и опту помесячно за полгода;Текущего уровня выручки по перегородкам мы не знаем. Без базы нельзя ни назначить цель, ни понять, что означает «сентябрь пришёл на половину».;[НЕТ ДАННЫХ] выгрузка не сделана;ФЕНИКС;Дима;высокий;проект;8;2026-09-28;5;;Настя;план;
G10;ГГС;Склад в деньги;Вернуть в продажу 17 позиций с нулевым остатком, которые всё равно продаются;Эти 17 позиций дали 1,27 млн выручки за 30 дней при нулевом остатке. Это единственное исключение из стопа на закупку: товар ходовой, спрос подтверждён продажами, деньги приходят без нового маркетинга. Карточка после исчерпания остатка поднимается в выдаче не сразу, поэтому чем раньше, тем лучше.;[ДАННЫЕ] выгрузка по товарам Озона 26.07-24.08.2026;ФЕНИКС;Катя;высокий;проект;10;2026-09-03;10;G1;;план;
G11;ГГС;Собрать заработанное;Разобрать отмены заказов на Озоне и убрать причины;64 отмены против 392 доставленных, это 14 процентов заказов. Реклама и сборка по ним уже оплачены. Даже треть возвращённого больше, чем вся экономия от чистки подписок. Честно: 4,1 млн это вся сумма отмен, а не то, что вернём.;[ДАННЫЕ] выгрузка по товарам Озона 26.07-24.08.2026 | [ГИПОТЕЗА] доля возврата не оценена;ФЕНИКС;Катя;высокий;проект;10;2026-09-14;12;;;план;
H9;ГМ;Честные цифры;Выгрузка сезонности по месяцам за два года по каждому направлению;Сезонность своей компании мы не знаем, а на ней держатся сроки по памятникам и разворот разговора 10 октября. Пока выгрузки нет, эти даты стоят на догадке.;[НЕТ ДАННЫХ] выгрузка не сделана;Марко;Дима;высокий;проект;8;2026-09-17;4;;;план;
Z19;ОМ;Режем расходы;Свести экономию к цели: сколько из 3-4 млн закрыто планом;Подтверждённой экономии в плане набирается около 1,9 млн в месяц, плюс до 0,9 млн по аренде и то с ноября. Значит разрыв от 1,2 до 2,1 млн, и его надо назвать вслух, а не ждать вопроса на собрании. Разрыв закрывается либо ценой, либо людьми, либо сокращением площади, и этот выбор не маркетинга.;[ДАННЫЕ] свод по задачам плана | [ГИПОТЕЗА] экономия по аренде;ФЕНИКС;Иван;высокий;проект;8;2026-09-14;4;D6;;план;да
P6;ГГР;Комплектаторы, пилот;Контрольная точка пилота на четырнадцатый день;Ранний сигнал по определению должен быть ранним. Это четырнадцатый день пилота: если на счёт не пришло ничего и ни одна сделка не дошла до оплаты, останавливаем, не дожидаясь конца месяца.;[ГИПОТЕЗА] предложение ФЕНИКСА;ФЕНИКС;Иван;высокий;проект;4;2026-10-12;2;;;план;
